{"stat.mineBlock.simpleores.copper_ore":1,"stat.walkOneCm":38059,"stat.useItem.minecraft.torch":14,"stat.pickup.betteranimalsplus.boarhead_3":3,"stat.leaveGame":2,"stat.pickup.minecraft.crafting_table":1,"stat.useItem.minecraft.chicken":1,"stat.craftItem.minecraft.crafting_table":1,"stat.furnaceInteraction":2,"stat.mineBlock.minecraft.coal_ore":60,"stat.useItem.minecraft.porkchop":12,"stat.mineBlock.betteranimalsplus.boarhead_3":2,"stat.pickup.minecraft.log":16,"stat.useItem.minecraft.mutton":5,"stat.jump":836,"stat.swimOneCm":4636,"stat.pickup.minecraft.coal":60,"stat.fallOneCm":22097,"stat.pickup.simpleores.tin_ore":10,"stat.useItem.minecraft.stone_axe":2,"stat.pickup.minecraft.porkchop":12,"stat.pickup.minecraft.stone":1,"stat.pickup.minecraft.chicken":1,"stat.crouchOneCm":35,"stat.craftItem.minecraft.torch":12,"stat.pickup.minecraft.sapling":1,"stat.pickup.minecraft.dirt":5,"stat.killEntity.betteranimalsplus.boar":1,"stat.sprintOneCm":99423,"stat.pickup.xlfoodmod.vanilla_flower":1,"stat.useItem.minecraft.stone_slab2":6,"stat.craftItem.minecraft.stick":12,"stat.craftingTableInteraction":2,"stat.pickup.minecraft.iron_ore":6,"stat.pickup.minecraft.rotten_flesh":1,"stat.craftItem.minecraft.planks":40,"stat.mineBlock.simpleores.tin_ore":10,"stat.killEntity.Chicken":1,"stat.craftItem.minecraft.stone_axe":1,"stat.mineBlock.minecraft.crafting_table":1,"stat.pickup.minecraft.feather":2,"stat.damageTaken":240,"stat.craftItem.minecraft.stone_pickaxe":1,"stat.mineBlock.minecraft.torch":5,"stat.useItem.minecraft.wooden_pickaxe":19,"stat.pickup.simpleores.copper_ore":1,"stat.pickup.minecraft.cobblestone":26,"stat.mobKills":11,"stat.mineBlock.minecraft.log":16,"stat.craftItem.minecraft.stone_sword":1,"stat.flyOneCm":187278,"tombstone:undead_killed":2,"stat.pickup.minecraft.wheat_seeds":1,"stat.mineBlock.minecraft.leaves":2,"stat.pickup.minecraft.egg":1,"stat.playOneMinute":29776,"stat.pickup.minecraft.torch":5,"stat.useItem.minecraft.stone_pickaxe":82,"stat.killEntity.Sheep":3,"stat.sneakTime":28,"stat.useItem.minecraft.stone_sword":27,"stat.pickup.minecraft.wool":3,"stat.damageDealt":1075,"stat.mineBlock.minecraft.iron_ore":6,"stat.killEntity.Zombie":2,"stat.timeSinceDeath":29776,"stat.mineBlock.minecraft.dirt":6,"stat.craftItem.minecraft.wooden_pickaxe":1,"stat.mineBlock.minecraft.stone":22,"stat.killEntity.Pig":4,"stat.mineBlock.minecraft.tallgrass":11,"stat.diveOneCm":3856,"stat.mineBlock.xlfoodmod.vanilla_flower":1,"stat.pickup.minecraft.mutton":5}