{"stat.pickup.minecraft.wooden_slab":6,"stat.leaveGame":21,"stat.killEntity.betteranimalsplus.goat":1,"stat.pickup.betteranimalsplus.goose_egg":1,"stat.pickup.tombstone.familiar_stone":4,"stat.mineBlock.minecraft.sandstone":11,"stat.pickup.simpleores.adamantium_ore":123,"stat.pickup.simpleores.onyx_sword":1,"stat.pickup.minecraft.rotten_flesh":323,"stat.craftItem.minecraft.stone_axe":1,"stat.pickup.minecraft.bucket":2,"stat.killEntity.Enderman":3,"stat.mineBlock.minecraft.wooden_slab":3,"stat.craftItem.minecraft.iron_shovel":3,"stat.killEntity.Witch":5,"stat.useItem.minecraft.iron_pickaxe":210,"stat.pickup.minecraft.stained_hardened_clay":2,"stat.craftItem.minecraft.wooden_pickaxe":1,"stat.useItem.minecraft.iron_shovel":676,"stat.pickup.minecraft.double_plant":25,"stat.craftItem.minecraft.glass_pane":16,"stat.furnaceInteraction":160,"stat.killEntity.ZombieVillager":1,"stat.pickup.minecraft.nether_brick":12,"stat.entityKilledBy.WitherSkeleton":1,"stat.useItem.simpleores.adamantium_axe":862,"stat.useItem.minecraft.double_plant":6,"stat.pickup.minecraft.beef":53,"stat.craftItem.simpleores.onyx_rod":6,"stat.useItem.cfm.modern_window":37,"stat.pickup.minecraft.leather_helmet":1,"stat.useItem.minecraft.trapdoor":21,"stat.mineBlock.minecraft.stained_hardened_clay":2,"stat.pickup.futuremc.stripped_oak_log":3,"stat.useItem.minecraft.fence":60,"stat.pickup.tombstone.gift":2,"stat.pickup.minecraft.potion":2,"stat.mineBlock.simpleores.tin_ore":10,"stat.mineBlock.minecraft.fence":9,"stat.useItem.minecraft.wheat_seeds":148,"stat.pickup.xlfoodmod.salt":5,"stat.killEntity.Husk":2,"stat.useItem.simpleores.onyx_ore":8,"stat.killEntity.betteranimalsplus.zotzpyre":3,"stat.craftItem.simpleores.onyx_helmet":1,"stat.craftItem.securitycraft.laser_block":1,"stat.pickup.securitycraft.universal_block_reinforcer_lvl1":1,"stat.useItem.minecraft.dye":19,"stat.deaths":30,"stat.pickup.simpleores.mythril_bow":2,"stat.pickup.minecraft.egg":9,"stat.craftItem.minecraft.item_frame":4,"stat.pickup.minecraft.clock":1,"stat.craftItem.minecraft.iron_pickaxe":1,"stat.craftItem.futuremc.cartography_table":1,"stat.drop.minecraft.glass_bottle":1,"stat.mineBlock.minecraft.tallgrass":306,"stat.fishCaught":13,"stat.craftItem.simpleores.adamantium_axe":1,"stat.chestOpened":202,"stat.craftItem.minecraft.sign":3,"stat.killEntity.betteranimalsplus.goose":1,"stat.useItem.minecraft.stone":7,"stat.pickup.minecraft.arrow":40,"stat.pickup.minecraft.iron_sword":1,"stat.craftItem.betteranimalsplus.fried_egg":2,"stat.pickup.simpleores.adamantium_helmet":1,"stat.pickup.futuremc.lantern":1,"stat.pickup.xlfoodmod.sausage":1,"stat.craftItem.minecraft.ender_chest":1,"stat.pickup.minecraft.carrot":53,"stat.crouchOneCm":26160,"stat.mineBlock.minecraft.chest":8,"stat.craftItem.minecraft.iron_ingot":26,"stat.craftingTableInteraction":41,"stat.mineBlock.minecraft.log2":175,"stat.useItem.minecraft.dark_oak_fence":11,"stat.useItem.futuremc.sweet_berries":55,"stat.useItem.minecraft.reeds":7,"stat.pickup.minecraft.dye":211,"stat.pickup.minecraft.planks":102,"stat.pickup.minecraft.wheat_seeds":329,"stat.mineBlock.simpleores.mythril_ore":64,"stat.mineBlock.xlfoodmod.grass":6,"stat.mineBlock.minecraft.dirt":518,"stat.craftItem.futuremc.smithing_table":1,"stat.flowerPotted":3,"stat.useItem.minecraft.bread":9,"stat.useItem.minecraft.cobblestone":21,"stat.pickup.minecraft.magma":3,"stat.pickup.futuremc.dye":6,"stat.mineBlock.minecraft.double_plant":20,"stat.mineBlock.betteranimalsplus.trillium":1,"stat.craftItem.minecraft.gold_ingot":1,"stat.pickup.minecraft.chicken":28,"stat.pickup.minecraft.apple":3,"tombstone:cast_on_ally":1,"stat.mineBlock.futuremc.lantern":1,"stat.craftItem.minecraft.bucket":2,"stat.craftItem.minecraft.planks":1720,"stat.pickup.futuremc.cornflower":15,"stat.itemEnchanted":7,"stat.craftItem.minecraft.fishing_rod":1,"stat.pickup.minecraft.book":42,"stat.mineBlock.minecraft.log":456,"stat.mineBlock.minecraft.waterlily":1,"stat.useItem.minecraft.spruce_door":1,"stat.craftItem.minecraft.paper":48,"stat.pickup.minecraft.red_flower":13,"stat.pickup.minecraft.wool":4,"stat.useItem.futuremc.lantern":11,"stat.craftItem.minecraft.spruce_door":3,"stat.useItem.simpleores.onyx_pickaxe":71,"stat.mineBlock.minecraft.cobblestone":57,"stat.pickup.minecraft.flint":8,"stat.mineBlock.minecraft.yellow_flower":4,"stat.entityKilledBy.Witch":1,"stat.mineBlock.minecraft.concrete":33,"stat.craftItem.minecraft.wool":3,"stat.pickup.minecraft.flower_pot":2,"stat.craftItem.minecraft.clock":1,"stat.useItem.minecraft.concrete_powder":46,"stat.pickup.minecraft.enchanted_book":1,"stat.pickup.minecraft.cooked_porkchop":35,"stat.useItem.minecraft.stone_slab2":144,"stat.craftItem.simpleores.adamantium_ingot":68,"stat.pickup.minecraft.bow":7,"stat.useItem.betteranimalsplus.fried_egg":2,"stat.craftItem.minecraft.furnace":3,"stat.pickup.minecraft.map":1,"stat.useItem.minecraft.egg":3,"stat.craftItem.minecraft.cooked_beef":40,"stat.pickup.simpleores.copper_ore":8,"stat.mineBlock.minecraft.obsidian":1,"stat.craftItem.minecraft.bow":2,"stat.mineBlock.minecraft.clay":24,"stat.pickup.futuremc.sweet_berries":64,"stat.pickup.minecraft.diamond_leggings":1,"stat.flyOneCm":2719524,"stat.pickup.minecraft.sandstone":11,"stat.pickup.minecraft.fish":13,"stat.killEntity.betteranimalsplus.deer":4,"stat.craftItem.simpleores.adamantium_sword":1,"stat.timeSinceDeath":41938,"stat.pickup.minecraft.quartz_ore":1,"stat.useItem.simpleores.onyx_sword":304,"stat.useItem.minecraft.wooden_slab":87,"stat.craftItem.minecraft.iron_block":3,"stat.craftItem.minecraft.stonebrick":16,"stat.useItem.simpleores.mythril_bow":27,"stat.pickup.travelersbackpack.travelers_backpack":31,"stat.pickup.minecraft.nether_wart":20,"stat.pickup.xlfoodmod.cucumber_seeds":2,"stat.craftItem.minecraft.concrete_powder":48,"stat.mineBlock.minecraft.coal_ore":623,"stat.drop.minecraft.wool":1,"stat.killEntity.Creeper":10,"stat.pickup.minecraft.string":28,"stat.pickup.tombstone.crafting_ingredient":34,"stat.entityKilledBy.Skeleton":3,"stat.pickup.minecraft.birch_stairs":6,"stat.useItem.minecraft.written_book":1,"stat.sprintOneCm":2974216,"stat.mineBlock.minecraft.stone_slab":8,"stat.craftItem.cfm.modern_window":48,"stat.mineBlock.minecraft.diamond_ore":34,"stat.pickup.simpleores.onyx_gem":73,"stat.useItem.minecraft.ladder":5,"stat.killEntity.Zombie":239,"stat.craftItem.minecraft.dye":41,"stat.useItem.minecraft.birch_stairs":7,"stat.mineBlock.xlfoodmod.rock_salt":1,"stat.mineBlock.minecraft.gold_ore":46,"stat.diveOneCm":114893,"stat.pickup.minecraft.wheat":120,"stat.mineBlock.minecraft.mossy_cobblestone":2,"stat.craftItem.minecraft.ladder":9,"stat.mineBlock.simpleores.onyx_ore":37,"stat.craftItem.minecraft.cooked_porkchop":57,"stat.pickup.minecraft.obsidian":9,"stat.pickup.xlfoodmod.onion":2,"stat.drop.minecraft.apple":1,"stat.jump":16377,"stat.pickup.minecraft.coal":731,"stat.pickup.minecraft.iron_ingot":72,"stat.pickup.minecraft.gunpowder":13,"stat.craftItem.minecraft.torch":84,"stat.pickup.minecraft.dirt":577,"stat.drop.minecraft.iron_shovel":2,"stat.drop.futuremc.sweet_berries":9,"stat.pickup.cfm.modern_window":1,"stat.pickup.simpleores.onyx_pickaxe":1,"stat.useItem.minecraft.glass":33,"stat.pickup.minecraft.gold_ore":47,"stat.useItem.minecraft.sapling":2,"stat.mineBlock.minecraft.lapis_ore":35,"stat.craftItem.futuremc.grindstone":1,"stat.mineBlock.minecraft.glass_pane":2,"stat.damageTaken":20179,"stat.mineBlock.minecraft.torch":44,"stat.mineBlock.minecraft.red_flower":8,"stat.pickup.simpleores.onyx_ore":9,"stat.pickup.minecraft.ender_eye":1,"stat.pickup.minecraft.log2":131,"stat.pickup.minecraft.concrete":48,"stat.pickup.xlfoodmod.rice_seeds":1,"stat.pickup.minecraft.potato":15,"stat.mineBlock.minecraft.fence_gate":2,"stat.entityKilledBy.Zombie":7,"stat.pickup.minecraft.rabbit_hide":1,"stat.craftItem.minecraft.stone_slab":36,"stat.craftItem.securitycraft.universal_block_reinforcer_lvl1":1,"stat.animalsBred":30,"stat.useItem.minecraft.chest":17,"stat.drop.minecraft.wheat":3,"stat.pickup.simpleores.mythril_ore":62,"stat.pickup.minecraft.diamond_pickaxe":1,"stat.killEntity.betteranimalsplus.feralwolf":1,"stat.pickup.betteranimalsplus.pheasant_egg":3,"stat.useItem.tombstone.gift":4,"stat.useItem.simpleores.adamantium_pickaxe":3446,"stat.useItem.minecraft.item_frame":3,"stat.pickup.minecraft.baked_potato":6,"stat.pickup.minecraft.ender_pearl":3,"stat.drop.simpleores.onyx_sword":1,"stat.useItem.minecraft.netherrack":100,"stat.craftItem.travelersbackpack.sleeping_bag_bottom":1,"stat.craftItem.minecraft.bookshelf":4,"stat.useItem.cfm.item_kebab":2,"stat.pickup.minecraft.dark_oak_stairs":8,"stat.mineBlock.minecraft.glowstone":1,"stat.mobKills":431,"stat.pickup.minecraft.diamond_boots":1,"stat.mineBlock.minecraft.bookshelf":14,"stat.craftItem.minecraft.shears":1,"stat.pickup.securitycraft.reinforced_stone_button":11,"stat.useItem.minecraft.mossy_cobblestone":1,"stat.useItem.minecraft.cobblestone_wall":2,"stat.pickup.minecraft.diamond":34,"stat.pickup.minecraft.torch":85,"stat.craftItem.minecraft.spruce_stairs":8,"stat.craftItem.minecraft.map":4,"stat.craftItem.minecraft.compass":4,"stat.craftItem.betteranimalsplus.venisoncooked":5,"stat.useItem.minecraft.bookshelf":2,"stat.useItem.betteranimalsplus.venisoncooked":5,"stat.pickup.minecraft.fishing_rod":2,"stat.useItem.minecraft.planks":714,"stat.useItem.tombstone.familiar_stone":5,"stat.mineBlock.cfm.modern_window":1,"stat.pickup.minecraft.glowstone_dust":3,"stat.pickup.simpleores.adamantium_chestplate":1,"stat.pickup.minecraft.porkchop":89,"stat.pickup.minecraft.glass":1,"stat.craftItem.xlfoodmod.flesh":66,"stat.useItem.minecraft.water_bucket":38,"stat.mineBlock.minecraft.nether_brick_fence":4,"stat.pickup.minecraft.sand":130,"stat.craftItem.minecraft.dark_oak_fence":15,"stat.entityKilledBy.Spider":1,"stat.craftItem.minecraft.cobblestone_wall":6,"stat.craftItem.minecraft.stone_sword":1,"stat.pickup.betteranimalsplus.trillium":2,"stat.mineBlock.minecraft.sand":66,"stat.pickup.simpleores.adamantium_boots":1,"stat.mineBlock.futuremc.stripped_oak_log":3,"stat.craftItem.minecraft.cooked_fish":2,"stat.craftItem.simpleores.adamantium_chestplate":2,"stat.pickup.simpleores.adamantium_axe":1,"stat.craftItem.simpleores.onyx_boots":1,"stat.useItem.minecraft.oak_stairs":109,"stat.mineBlock.minecraft.dark_oak_stairs":14,"stat.pickup.xlfoodmod.lettuce_seeds":1,"stat.mineBlock.futuremc.cornflower":7,"stat.useItem.minecraft.dark_oak_stairs":109,"stat.mineBlock.minecraft.birch_stairs":1,"stat.pickup.minecraft.fence_gate":2,"stat.craftItem.simpleores.onyx_bow":3,"stat.pickup.minecraft.furnace":11,"stat.craftItem.travelersbackpack.travelers_backpack":2,"stat.pickup.xlfoodmod.vanilla_flower":1,"stat.pickup.tombstone.magic_scroll":15,"stat.pickup.futuremc.lily_of_the_valley":2,"stat.craftItem.minecraft.fence_gate":1,"stat.pickup.minecraft.saddle":2,"stat.mineBlock.minecraft.soul_sand":18,"stat.craftItem.minecraft.heavy_weighted_pressure_plate":1,"stat.mineBlock.minecraft.oak_stairs":30,"stat.pickup.xlfoodmod.pepper_seeds":2,"stat.playOneMinute":1231886,"stat.craftItem.securitycraft.keypad_item":1,"stat.pickup.minecraft.netherrack":903,"stat.mineBlock.minecraft.netherrack":1691,"stat.craftItem.minecraft.dark_oak_stairs":108,"stat.pickup.betteranimalsplus.venisonraw":11,"stat.pickup.xlfoodmod.bacon":1,"stat.craftItem.minecraft.iron_nugget":162,"stat.pickup.minecraft.cooked_chicken":1,"stat.fallOneCm":591983,"stat.pickup.simpleores.tin_ore":13,"stat.craftItem.minecraft.chest":14,"stat.pickup.simpleores.adamantium_sword":1,"stat.craftItem.simpleores.onyx_chestplate":1,"stat.drop.simpleores.adamantium_pickaxe":1,"stat.pickup.simpleores.mythril_sword":1,"stat.pickup.minecraft.feather":21,"stat.pickup.minecraft.record_cat":1,"stat.useItem.minecraft.furnace":3,"stat.mineBlock.minecraft.gravel":141,"stat.useItem.minecraft.stone_pickaxe":128,"stat.craftItem.minecraft.birch_stairs":12,"stat.useItem.minecraft.stone_sword":184,"stat.craftItem.minecraft.oak_stairs":100,"stat.mineBlock.simpleores.copper_ore":8,"stat.useItem.minecraft.torch":81,"stat.pickup.minecraft.golden_apple":2,"stat.pickup.minecraft.iron_nugget":4,"stat.craftItem.minecraft.redstone_block":1,"stat.pickup.minecraft.crafting_table":4,"stat.useItem.minecraft.log":69,"stat.craftItem.minecraft.crafting_table":3,"stat.pickup.futuremc.barrel":1,"stat.useItem.xlfoodmod.flesh":49,"stat.craftItem.futuremc.barrel":9,"stat.pickup.minecraft.log":479,"stat.useItem.minecraft.cooked_fish":2,"stat.craftItem.minecraft.stone_button":10,"stat.killEntity.betteranimalsplus.coyote":5,"stat.drop.minecraft.planks":1,"stat.pickup.minecraft.sapling":29,"stat.pickup.minecraft.wooden_door":2,"stat.pickup.minecraft.diamond_helmet":1,"stat.craftItem.simpleores.adamantium_pickaxe":3,"stat.killEntity.WitherSkeleton":4,"stat.mineBlock.simpleores.adamantium_ore":124,"stat.craftItem.minecraft.cooked_chicken":7,"stat.craftItem.minecraft.flower_pot":3,"stat.sneakTime":18616,"stat.pickup.minecraft.rabbit":1,"stat.useItem.minecraft.baked_potato":14,"stat.pickup.minecraft.stone_slab":8,"stat.drop.minecraft.yellow_flower":2,"stat.pickup.minecraft.yellow_flower":10,"stat.useItem.minecraft.fishing_rod":19,"stat.pickup.minecraft.chest":8,"stat.pickup.minecraft.bone":53,"stat.horseOneCm":130333,"stat.pickup.xlfoodmod.caramel_apple":1,"stat.craftItem.simpleores.onyx_leggings":1,"stat.pickup.simpleores.adamantium_leggings":1,"stat.useItem.minecraft.diamond_sword":493,"stat.swimOneCm":202877,"stat.climbOneCm":37100,"stat.enderchestOpened":1,"stat.useItem.minecraft.dirt":515,"stat.killEntity.betteranimalsplus.boar":7,"stat.craftItem.simpleores.onyx_sword":2,"stat.mineBlock.futuremc.barrel":1,"stat.craftItem.minecraft.trapdoor":26,"stat.craftItem.minecraft.stone_pickaxe":1,"stat.mineBlock.minecraft.magma":2,"stat.pickup.minecraft.cobblestone":693,"stat.pickup.minecraft.soul_sand":63,"stat.craftItem.minecraft.wooden_slab":150,"stat.useItem.minecraft.cooked_beef":39,"stat.pickup.minecraft.redstone":90,"stat.mineBlock.minecraft.iron_ore":227,"stat.useItem.minecraft.sign":2,"stat.mineBlock.xlfoodmod.vanilla_flower":2,"stat.pickup.minecraft.mossy_cobblestone":4,"stat.pickup.minecraft.wooden_axe":1,"stat.pickup.simpleores.adamantium_pickaxe":1,"stat.drop.minecraft.dirt":8,"stat.useItem.minecraft.cooked_porkchop":81,"stat.pickup.minecraft.iron_shovel":3,"stat.pickup.minecraft.trapdoor":1,"stat.mineBlock.minecraft.nether_brick":26,"stat.craftItem.futuremc.lantern":20,"stat.pickup.xlfoodmod.corn_seeds":2,"stat.pickup.minecraft.paper":13,"stat.craftItem.minecraft.stick":184,"stat.useItem.minecraft.stone_slab":18,"stat.craftItem.minecraft.stone":64,"stat.pickup.minecraft.grass":1,"stat.mineBlock.minecraft.crafting_table":5,"stat.useItem.minecraft.diamond_pickaxe":947,"stat.useItem.minecraft.carrot":7,"stat.pickup.minecraft.diamond_chestplate":1,"stat.entityKilledBy.Creeper":1,"stat.mineBlock.minecraft.planks":38,"stat.drop":35,"stat.killEntity.Sheep":1,"stat.craftItem.minecraft.diamond_pickaxe":1,"stat.drop.simpleores.adamantium_axe":1,"stat.pickup.minecraft.gravel":72,"stat.drop.minecraft.cooked_beef":1,"stat.useItem.minecraft.potion":1,"stat.drop.minecraft.cooked_porkchop":1,"stat.pickup.minecraft.diamond_sword":1,"stat.useItem.minecraft.flower_pot":3,"stat.craftItem.travelersbackpack.backpack_tank":2,"stat.pickup.minecraft.fence":9,"stat.useItem.minecraft.stone_axe":65,"stat.drop.simpleores.onyx_pickaxe":1,"stat.craftItem.minecraft.bread":9,"stat.pickup.minecraft.spider_eye":12,"stat.craftItem.minecraft.iron_helmet":1,"stat.craftItem.simpleores.onyx_pickaxe":2,"stat.drop.minecraft.glass":1,"stat.useItem.minecraft.cooked_chicken":8,"stat.pickup.minecraft.iron_ore":249,"stat.boatOneCm":17072,"stat.pickup.minecraft.leaves":136,"stat.mineBlock.minecraft.leaves2":1,"stat.pickup.cfm.item_kebab":2,"stat.pickup.minecraft.leather":29,"stat.mineBlock.minecraft.furnace":9,"stat.useItem.minecraft.wooden_pickaxe":23,"stat.pickup.minecraft.reeds":58,"tombstone:undead_killed":275,"stat.useItem.minecraft.magma":1,"stat.pickup.minecraft.oak_stairs":43,"stat.damageDealt":70887,"stat.craftItem.minecraft.glass":75,"stat.sleepInBed":8,"stat.craftItem.minecraft.baked_potato":8,"stat.craftItem.minecraft.anvil":1,"stat.killEntity.Cow":26,"stat.useItem.futuremc.barrel":6,"stat.killEntity.Pig":34,"stat.walkOneCm":3071187,"stat.pickup.minecraft.stick":42,"stat.pickup.minecraft.clay_ball":96,"stat.pickup.minecraft.stone":144,"stat.useItem.minecraft.spruce_stairs":7,"stat.useItem.simpleores.adamantium_sword":723,"stat.useItem.minecraft.leaves":56,"stat.pickup.minecraft.gold_ingot":16,"stat.killEntity.Skeleton":29,"stat.useItem.simpleores.onyx_bow":9,"stat.killEntity.Chicken":29,"stat.pickup.xlfoodmod.flesh":1,"stat.killEntity.Spider":24,"stat.mineBlock.minecraft.quartz_ore":829,"stat.pickup.minecraft.quartz":594,"stat.useItem.xlfoodmod.caramel_apple":1,"stat.craftItem.minecraft.fence":60,"stat.mineBlock.minecraft.leaves":266,"stat.mineBlock.minecraft.redstone_ore":25,"stat.craftItem.minecraft.brick":35,"stat.mineBlock.minecraft.stone":850,"stat.useItem.minecraft.sandstone":8}