{"stat.leaveGame":1,"stat.mineBlock.minecraft.cobblestone":21,"stat.craftItem.minecraft.wool":2,"stat.swimOneCm":42600,"stat.useItem.minecraft.planks":9,"stat.climbOneCm":2703,"stat.pickup.simpleores.adamantium_ore":18,"stat.pickup.minecraft.cooked_porkchop":1,"stat.pickup.minecraft.porkchop":48,"stat.useItem.minecraft.dirt":7,"stat.useItem.minecraft.stone_slab2":16,"stat.craftItem.simpleores.adamantium_ingot":18,"stat.pickup.minecraft.rotten_flesh":26,"stat.pickup.minecraft.sand":25,"stat.craftItem.minecraft.furnace":2,"stat.craftItem.minecraft.stone_axe":1,"stat.craftItem.minecraft.stone_pickaxe":1,"stat.pickup.minecraft.cobblestone":134,"stat.craftItem.minecraft.stone_sword":1,"stat.flyOneCm":232815,"stat.pickup.betteranimalsplus.trillium":1,"stat.craftItem.minecraft.iron_shovel":1,"stat.mineBlock.minecraft.sand":25,"stat.mineBlock.minecraft.iron_ore":91,"stat.craftItem.simpleores.adamantium_sword":1,"stat.timeSinceDeath":84607,"stat.useItem.minecraft.iron_pickaxe":124,"stat.craftItem.minecraft.wooden_pickaxe":1,"stat.craftItem.simpleores.adamantium_chestplate":1,"stat.useItem.minecraft.iron_shovel":48,"stat.pickup.minecraft.double_plant":1,"stat.furnaceInteraction":53,"stat.useItem.minecraft.cooked_porkchop":22,"stat.killEntity.ZombieVillager":1,"stat.mineBlock.futuremc.cornflower":4,"stat.mineBlock.minecraft.coal_ore":35,"stat.killEntity.Creeper":1,"stat.pickup.minecraft.string":8,"stat.useItem.simpleores.adamantium_axe":151,"stat.pickup.minecraft.furnace":7,"stat.entityKilledBy.Skeleton":2,"stat.craftItem.travelersbackpack.travelers_backpack":1,"stat.sprintOneCm":422158,"stat.craftItem.minecraft.stick":40,"stat.mineBlock.simpleores.tin_ore":6,"stat.mineBlock.minecraft.diamond_ore":5,"stat.mineBlock.minecraft.fence":1,"stat.mineBlock.minecraft.crafting_table":5,"stat.pickup.xlfoodmod.salt":1,"stat.entityKilledBy.Creeper":1,"stat.mineBlock.minecraft.oak_stairs":3,"stat.deaths":5,"stat.mineBlock.minecraft.planks":11,"stat.playOneMinute":142121,"stat.craftItem.minecraft.iron_pickaxe":1,"stat.killEntity.Zombie":4,"stat.craftItem.minecraft.dye":2,"stat.mineBlock.minecraft.gold_ore":3,"stat.mineBlock.minecraft.tallgrass":52,"stat.diveOneCm":8791,"stat.craftItem.simpleores.adamantium_axe":1,"stat.craftItem.minecraft.cooked_porkchop":40,"stat.craftItem.travelersbackpack.backpack_tank":2,"stat.jump":2464,"stat.pickup.minecraft.coal":106,"stat.fallOneCm":64153,"stat.pickup.minecraft.iron_ingot":65,"stat.pickup.simpleores.tin_ore":7,"stat.useItem.minecraft.stone_axe":65,"stat.pickup.minecraft.gunpowder":2,"stat.craftItem.minecraft.torch":16,"stat.craftItem.minecraft.iron_ingot":14,"stat.craftItem.minecraft.chest":1,"stat.pickup.minecraft.dirt":43,"stat.craftItem.minecraft.iron_helmet":1,"stat.craftingTableInteraction":38,"stat.pickup.minecraft.iron_ore":114,"stat.pickup.minecraft.gold_ore":3,"stat.mineBlock.minecraft.lapis_ore":1,"stat.mineBlock.minecraft.glass_pane":2,"stat.damageTaken":3136,"stat.pickup.cfm.item_kebab":2,"stat.pickup.minecraft.leather":4,"stat.mineBlock.minecraft.furnace":5,"stat.mineBlock.minecraft.torch":5,"stat.useItem.minecraft.wooden_pickaxe":23,"stat.useItem.minecraft.furnace":1,"stat.pickup.minecraft.dye":7,"stat.pickup.minecraft.planks":53,"tombstone:undead_killed":6,"stat.pickup.minecraft.wheat_seeds":13,"stat.pickup.minecraft.potato":15,"stat.mineBlock.simpleores.mythril_ore":9,"stat.entityKilledBy.Zombie":2,"stat.useItem.minecraft.stone_pickaxe":128,"stat.useItem.minecraft.stone_sword":184,"stat.damageDealt":4905,"stat.craftItem.minecraft.glass":19,"stat.craftItem.minecraft.baked_potato":8,"stat.mineBlock.xlfoodmod.grass":1,"stat.mineBlock.minecraft.dirt":39,"stat.killEntity.Pig":22,"stat.walkOneCm":381390,"stat.useItem.minecraft.torch":19,"stat.pickup.minecraft.stick":12,"stat.pickup.simpleores.mythril_ore":9,"stat.pickup.minecraft.crafting_table":4,"stat.craftItem.minecraft.crafting_table":2,"stat.mineBlock.minecraft.double_plant":4,"stat.mineBlock.betteranimalsplus.trillium":1,"stat.pickup.minecraft.log":119,"stat.useItem.tombstone.gift":1,"stat.useItem.simpleores.adamantium_pickaxe":42,"stat.craftItem.minecraft.gold_ingot":1,"stat.pickup.minecraft.stone":5,"stat.useItem.simpleores.adamantium_sword":48,"stat.pickup.minecraft.baked_potato":6,"stat.pickup.minecraft.sapling":7,"stat.pickup.minecraft.apple":1,"stat.killEntity.Skeleton":1,"stat.craftItem.travelersbackpack.sleeping_bag_bottom":1,"stat.craftItem.minecraft.planks":92,"stat.pickup.futuremc.cornflower":4,"stat.killEntity.Spider":3,"stat.craftItem.simpleores.adamantium_pickaxe":1,"stat.mineBlock.simpleores.adamantium_ore":18,"stat.mobKills":33,"stat.pickup.minecraft.book":42,"stat.mineBlock.minecraft.log":121,"stat.mineBlock.minecraft.bookshelf":14,"stat.mineBlock.minecraft.waterlily":1,"stat.pickup.minecraft.diamond":5,"stat.mineBlock.minecraft.leaves":25,"stat.pickup.minecraft.torch":5,"stat.sneakTime":24,"stat.pickup.minecraft.wool":3,"stat.useItem.minecraft.baked_potato":3,"stat.mineBlock.minecraft.stone":116}