{"stat.leaveGame":3,"stat.pickup.tombstone.familiar_stone":1,"stat.useItem.minecraft.planks":286,"stat.pickup.simpleores.adamantium_ore":18,"stat.pickup.minecraft.porkchop":51,"stat.useItem.minecraft.water_bucket":25,"stat.pickup.minecraft.rotten_flesh":30,"stat.pickup.minecraft.sand":66,"stat.entityKilledBy.Spider":1,"stat.craftItem.minecraft.stone_axe":1,"stat.craftItem.minecraft.stone_sword":1,"stat.pickup.betteranimalsplus.trillium":1,"stat.craftItem.minecraft.iron_shovel":2,"stat.mineBlock.minecraft.sand":66,"stat.mineBlock.futuremc.stripped_oak_log":3,"stat.useItem.minecraft.iron_pickaxe":124,"stat.craftItem.minecraft.wooden_pickaxe":1,"stat.craftItem.simpleores.adamantium_chestplate":1,"stat.useItem.minecraft.iron_shovel":433,"stat.pickup.simpleores.adamantium_axe":1,"stat.pickup.minecraft.double_plant":6,"stat.craftItem.minecraft.glass_pane":16,"stat.useItem.minecraft.oak_stairs":79,"stat.furnaceInteraction":69,"stat.mineBlock.minecraft.dark_oak_stairs":13,"stat.killEntity.ZombieVillager":1,"stat.pickup.xlfoodmod.lettuce_seeds":1,"stat.mineBlock.futuremc.cornflower":7,"stat.useItem.minecraft.dark_oak_stairs":84,"stat.useItem.simpleores.adamantium_axe":515,"stat.pickup.minecraft.beef":11,"stat.pickup.minecraft.furnace":7,"stat.useItem.cfm.modern_window":14,"stat.craftItem.travelersbackpack.travelers_backpack":1,"stat.useItem.minecraft.trapdoor":3,"stat.pickup.futuremc.stripped_oak_log":3,"stat.mineBlock.simpleores.tin_ore":6,"stat.mineBlock.minecraft.fence":1,"stat.pickup.xlfoodmod.salt":1,"stat.mineBlock.minecraft.oak_stairs":19,"stat.deaths":7,"stat.pickup.xlfoodmod.pepper_seeds":1,"stat.playOneMinute":295691,"stat.craftItem.minecraft.iron_pickaxe":1,"stat.mineBlock.minecraft.tallgrass":66,"stat.craftItem.simpleores.adamantium_axe":1,"stat.craftItem.minecraft.dark_oak_stairs":84,"stat.craftItem.minecraft.iron_nugget":27,"stat.pickup.futuremc.lantern":1,"stat.fallOneCm":86325,"stat.pickup.simpleores.tin_ore":7,"stat.crouchOneCm":14445,"stat.craftItem.minecraft.iron_ingot":14,"stat.craftItem.minecraft.chest":1,"stat.craftingTableInteraction":38,"stat.mineBlock.minecraft.log2":175,"stat.useItem.minecraft.furnace":2,"stat.useItem.minecraft.reeds":6,"stat.pickup.minecraft.dye":7,"stat.pickup.minecraft.planks":64,"stat.pickup.minecraft.wheat_seeds":33,"stat.mineBlock.simpleores.mythril_ore":9,"stat.mineBlock.minecraft.gravel":56,"stat.useItem.minecraft.stone_pickaxe":128,"stat.useItem.minecraft.stone_sword":184,"stat.craftItem.minecraft.oak_stairs":68,"stat.mineBlock.xlfoodmod.grass":3,"stat.mineBlock.minecraft.dirt":330,"stat.flowerPotted":3,"stat.useItem.minecraft.torch":47,"stat.pickup.minecraft.crafting_table":4,"stat.useItem.minecraft.log":48,"stat.craftItem.minecraft.crafting_table":2,"stat.pickup.futuremc.dye":6,"stat.mineBlock.minecraft.double_plant":4,"stat.mineBlock.betteranimalsplus.trillium":1,"stat.pickup.minecraft.log":252,"stat.craftItem.minecraft.gold_ingot":1,"stat.pickup.minecraft.sapling":11,"stat.pickup.minecraft.apple":2,"stat.mineBlock.futuremc.lantern":1,"stat.craftItem.minecraft.bucket":1,"stat.craftItem.minecraft.planks":652,"stat.pickup.futuremc.cornflower":9,"stat.craftItem.simpleores.adamantium_pickaxe":1,"stat.mineBlock.simpleores.adamantium_ore":18,"stat.pickup.minecraft.book":42,"stat.mineBlock.minecraft.log":223,"stat.mineBlock.minecraft.waterlily":1,"stat.craftItem.minecraft.flower_pot":3,"stat.pickup.minecraft.red_flower":4,"stat.sneakTime":11639,"stat.pickup.minecraft.wool":3,"stat.useItem.minecraft.baked_potato":3,"stat.pickup.minecraft.yellow_flower":6,"stat.useItem.futuremc.lantern":2,"stat.pickup.minecraft.bone":2,"stat.mineBlock.minecraft.cobblestone":21,"stat.mineBlock.minecraft.yellow_flower":2,"stat.mineBlock.minecraft.concrete":16,"stat.craftItem.minecraft.wool":2,"stat.pickup.minecraft.flower_pot":2,"stat.swimOneCm":66331,"stat.useItem.minecraft.concrete_powder":15,"stat.climbOneCm":2703,"stat.pickup.minecraft.cooked_porkchop":1,"stat.useItem.minecraft.dirt":324,"stat.useItem.minecraft.stone_slab2":46,"stat.craftItem.simpleores.adamantium_ingot":18,"stat.craftItem.minecraft.furnace":2,"stat.craftItem.minecraft.trapdoor":4,"stat.craftItem.minecraft.stone_pickaxe":1,"stat.craftItem.minecraft.cooked_beef":11,"stat.pickup.minecraft.cobblestone":134,"stat.mineBlock.minecraft.clay":18,"stat.flyOneCm":325443,"stat.craftItem.minecraft.wooden_slab":60,"stat.mineBlock.minecraft.iron_ore":91,"stat.craftItem.simpleores.adamantium_sword":1,"stat.timeSinceDeath":59531,"stat.useItem.minecraft.wooden_slab":50,"stat.pickup.travelersbackpack.travelers_backpack":6,"stat.pickup.xlfoodmod.cucumber_seeds":2,"stat.craftItem.minecraft.concrete_powder":16,"stat.useItem.minecraft.cooked_porkchop":33,"stat.mineBlock.minecraft.coal_ore":35,"stat.killEntity.Creeper":1,"stat.pickup.minecraft.string":8,"stat.craftItem.futuremc.lantern":3,"stat.pickup.xlfoodmod.corn_seeds":2,"stat.pickup.tombstone.crafting_ingredient":1,"stat.entityKilledBy.Skeleton":2,"stat.sprintOneCm":617383,"stat.craftItem.minecraft.stick":48,"stat.craftItem.cfm.modern_window":16,"stat.mineBlock.minecraft.diamond_ore":5,"stat.mineBlock.minecraft.crafting_table":5,"stat.entityKilledBy.Creeper":1,"stat.mineBlock.minecraft.planks":28,"stat.drop":1,"stat.killEntity.Zombie":10,"stat.craftItem.minecraft.dye":2,"stat.mineBlock.minecraft.gold_ore":3,"stat.diveOneCm":19583,"stat.drop.simpleores.adamantium_axe":1,"stat.pickup.minecraft.gravel":9,"stat.craftItem.minecraft.cooked_porkchop":43,"stat.pickup.xlfoodmod.onion":2,"stat.useItem.minecraft.flower_pot":3,"stat.craftItem.travelersbackpack.backpack_tank":2,"stat.jump":3357,"stat.pickup.minecraft.coal":107,"stat.pickup.minecraft.iron_ingot":65,"stat.useItem.minecraft.stone_axe":65,"stat.pickup.minecraft.gunpowder":2,"stat.craftItem.minecraft.torch":48,"stat.pickup.minecraft.dirt":383,"stat.craftItem.minecraft.iron_helmet":1,"stat.pickup.minecraft.iron_ore":114,"stat.pickup.minecraft.gold_ore":3,"stat.mineBlock.minecraft.lapis_ore":1,"stat.mineBlock.minecraft.glass_pane":2,"stat.mineBlock.minecraft.leaves2":1,"stat.damageTaken":4528,"stat.pickup.cfm.item_kebab":2,"stat.pickup.minecraft.leather":12,"stat.mineBlock.minecraft.furnace":5,"stat.mineBlock.minecraft.torch":17,"stat.useItem.minecraft.wooden_pickaxe":23,"stat.pickup.minecraft.log2":131,"stat.pickup.minecraft.reeds":7,"tombstone:undead_killed":14,"stat.pickup.minecraft.concrete":16,"stat.pickup.xlfoodmod.rice_seeds":1,"stat.pickup.minecraft.potato":15,"stat.pickup.minecraft.oak_stairs":16,"stat.entityKilledBy.Zombie":2,"stat.damageDealt":7781,"stat.craftItem.minecraft.glass":27,"stat.sleepInBed":3,"stat.craftItem.minecraft.baked_potato":8,"stat.killEntity.Cow":6,"stat.killEntity.Pig":23,"stat.walkOneCm":639477,"stat.pickup.minecraft.stick":12,"stat.pickup.simpleores.mythril_ore":9,"stat.pickup.minecraft.clay_ball":72,"stat.pickup.betteranimalsplus.pheasant_egg":1,"stat.useItem.tombstone.gift":1,"stat.useItem.simpleores.adamantium_pickaxe":64,"stat.pickup.minecraft.stone":5,"stat.useItem.simpleores.adamantium_sword":114,"stat.pickup.minecraft.baked_potato":6,"stat.killEntity.Skeleton":3,"stat.craftItem.travelersbackpack.sleeping_bag_bottom":1,"stat.killEntity.Spider":3,"stat.pickup.minecraft.dark_oak_stairs":7,"stat.mobKills":48,"stat.mineBlock.minecraft.bookshelf":14,"stat.pickup.minecraft.diamond":5,"stat.mineBlock.minecraft.leaves":52,"stat.pickup.minecraft.torch":17,"stat.craftItem.minecraft.brick":35,"stat.mineBlock.minecraft.stone":116}