{"stat.craftItem.betteranimalsplus.venisoncooked":5,"stat.leaveGame":10,"stat.useItem.minecraft.bookshelf":2,"stat.useItem.betteranimalsplus.venisoncooked":5,"stat.pickup.tombstone.familiar_stone":1,"stat.useItem.minecraft.planks":714,"stat.useItem.tombstone.familiar_stone":5,"stat.pickup.simpleores.adamantium_ore":52,"stat.mineBlock.cfm.modern_window":1,"stat.pickup.simpleores.adamantium_chestplate":1,"stat.pickup.minecraft.porkchop":64,"stat.pickup.minecraft.glass":1,"stat.useItem.minecraft.water_bucket":31,"stat.pickup.minecraft.rotten_flesh":44,"stat.mineBlock.minecraft.nether_brick_fence":4,"stat.pickup.minecraft.sand":130,"stat.craftItem.minecraft.dark_oak_fence":15,"stat.entityKilledBy.Spider":1,"stat.craftItem.minecraft.stone_axe":1,"stat.pickup.minecraft.bucket":2,"stat.killEntity.Enderman":1,"stat.craftItem.minecraft.cobblestone_wall":6,"stat.craftItem.minecraft.stone_sword":1,"stat.pickup.betteranimalsplus.trillium":2,"stat.craftItem.minecraft.iron_shovel":3,"stat.mineBlock.minecraft.sand":66,"stat.pickup.simpleores.adamantium_boots":1,"stat.mineBlock.futuremc.stripped_oak_log":3,"stat.useItem.minecraft.iron_pickaxe":210,"stat.craftItem.minecraft.wooden_pickaxe":1,"stat.craftItem.simpleores.adamantium_chestplate":2,"stat.useItem.minecraft.iron_shovel":587,"stat.pickup.simpleores.adamantium_axe":1,"stat.pickup.minecraft.double_plant":20,"stat.craftItem.minecraft.glass_pane":16,"stat.useItem.minecraft.oak_stairs":109,"stat.furnaceInteraction":121,"stat.mineBlock.minecraft.dark_oak_stairs":14,"stat.killEntity.ZombieVillager":1,"stat.pickup.xlfoodmod.lettuce_seeds":1,"stat.mineBlock.futuremc.cornflower":7,"stat.useItem.minecraft.dark_oak_stairs":109,"stat.entityKilledBy.WitherSkeleton":1,"stat.mineBlock.minecraft.birch_stairs":1,"stat.useItem.simpleores.adamantium_axe":779,"stat.useItem.minecraft.double_plant":6,"stat.pickup.minecraft.beef":30,"stat.pickup.minecraft.furnace":7,"stat.useItem.cfm.modern_window":37,"stat.craftItem.travelersbackpack.travelers_backpack":1,"stat.useItem.minecraft.trapdoor":21,"stat.pickup.futuremc.stripped_oak_log":3,"stat.useItem.minecraft.fence":20,"stat.pickup.tombstone.magic_scroll":1,"stat.pickup.tombstone.gift":1,"stat.mineBlock.simpleores.tin_ore":9,"stat.pickup.futuremc.lily_of_the_valley":2,"stat.mineBlock.minecraft.fence":1,"stat.pickup.xlfoodmod.salt":5,"stat.killEntity.betteranimalsplus.zotzpyre":1,"stat.pickup.minecraft.saddle":1,"stat.mineBlock.minecraft.soul_sand":18,"stat.mineBlock.minecraft.oak_stairs":30,"stat.deaths":13,"stat.pickup.xlfoodmod.pepper_seeds":2,"stat.pickup.simpleores.mythril_bow":2,"stat.pickup.minecraft.egg":4,"stat.playOneMinute":651819,"stat.craftItem.minecraft.iron_pickaxe":1,"stat.craftItem.futuremc.cartography_table":1,"stat.mineBlock.minecraft.tallgrass":87,"stat.craftItem.simpleores.adamantium_axe":1,"stat.chestOpened":83,"stat.craftItem.minecraft.sign":3,"stat.mineBlock.minecraft.netherrack":11,"stat.pickup.minecraft.arrow":7,"stat.craftItem.minecraft.dark_oak_stairs":108,"stat.pickup.simpleores.adamantium_helmet":1,"stat.pickup.betteranimalsplus.venisonraw":11,"stat.craftItem.minecraft.iron_nugget":153,"stat.pickup.futuremc.lantern":1,"stat.fallOneCm":180721,"stat.pickup.simpleores.tin_ore":13,"stat.crouchOneCm":24485,"stat.mineBlock.minecraft.chest":6,"stat.craftItem.minecraft.iron_ingot":14,"stat.craftItem.minecraft.chest":10,"stat.pickup.simpleores.adamantium_sword":1,"stat.drop.simpleores.adamantium_pickaxe":1,"stat.craftingTableInteraction":38,"stat.pickup.simpleores.mythril_sword":1,"stat.mineBlock.minecraft.log2":175,"stat.useItem.minecraft.dark_oak_fence":11,"stat.pickup.minecraft.record_cat":1,"stat.useItem.minecraft.furnace":2,"stat.useItem.minecraft.reeds":7,"stat.pickup.minecraft.dye":80,"stat.pickup.minecraft.planks":102,"stat.pickup.minecraft.wheat_seeds":66,"stat.mineBlock.simpleores.mythril_ore":30,"stat.mineBlock.minecraft.gravel":140,"stat.useItem.minecraft.stone_pickaxe":128,"stat.craftItem.minecraft.birch_stairs":12,"stat.useItem.minecraft.stone_sword":184,"stat.craftItem.minecraft.oak_stairs":100,"stat.mineBlock.xlfoodmod.grass":4,"stat.mineBlock.minecraft.dirt":396,"stat.craftItem.futuremc.smithing_table":1,"stat.flowerPotted":3,"stat.mineBlock.simpleores.copper_ore":4,"stat.useItem.minecraft.torch":70,"stat.pickup.minecraft.golden_apple":1,"stat.pickup.minecraft.iron_nugget":4,"stat.pickup.minecraft.crafting_table":4,"stat.useItem.minecraft.log":69,"stat.useItem.minecraft.cobblestone":21,"stat.craftItem.minecraft.crafting_table":3,"stat.pickup.futuremc.dye":6,"stat.mineBlock.minecraft.double_plant":14,"stat.pickup.futuremc.barrel":1,"stat.craftItem.futuremc.barrel":8,"stat.mineBlock.betteranimalsplus.trillium":1,"stat.pickup.minecraft.log":425,"stat.craftItem.minecraft.gold_ingot":1,"stat.drop.minecraft.planks":1,"stat.pickup.minecraft.chicken":3,"stat.pickup.minecraft.sapling":29,"stat.pickup.minecraft.wooden_door":2,"stat.pickup.minecraft.apple":2,"tombstone:cast_on_ally":1,"stat.mineBlock.futuremc.lantern":1,"stat.craftItem.minecraft.bucket":1,"stat.craftItem.minecraft.planks":1548,"stat.pickup.futuremc.cornflower":14,"stat.pickup.minecraft.diamond_helmet":1,"stat.craftItem.simpleores.adamantium_pickaxe":1,"stat.killEntity.WitherSkeleton":3,"stat.mineBlock.simpleores.adamantium_ore":52,"stat.pickup.minecraft.book":42,"stat.mineBlock.minecraft.log":398,"stat.mineBlock.minecraft.waterlily":1,"stat.craftItem.minecraft.cooked_chicken":3,"stat.craftItem.minecraft.flower_pot":3,"stat.useItem.minecraft.spruce_door":1,"stat.craftItem.minecraft.paper":3,"stat.pickup.minecraft.red_flower":4,"stat.sneakTime":17310,"stat.pickup.minecraft.wool":4,"stat.useItem.minecraft.baked_potato":14,"stat.pickup.minecraft.stone_slab":8,"stat.pickup.minecraft.yellow_flower":8,"stat.useItem.futuremc.lantern":11,"stat.pickup.minecraft.chest":6,"stat.craftItem.minecraft.spruce_door":3,"stat.pickup.minecraft.bone":20,"stat.mineBlock.minecraft.cobblestone":34,"stat.pickup.minecraft.flint":8,"stat.mineBlock.minecraft.yellow_flower":4,"stat.pickup.simpleores.adamantium_leggings":1,"stat.mineBlock.minecraft.concrete":33,"stat.craftItem.minecraft.wool":2,"stat.pickup.minecraft.flower_pot":2,"stat.swimOneCm":137648,"stat.useItem.minecraft.concrete_powder":46,"stat.climbOneCm":8215,"stat.pickup.minecraft.cooked_porkchop":5,"stat.useItem.minecraft.dirt":415,"stat.killEntity.betteranimalsplus.boar":4,"stat.useItem.minecraft.stone_slab2":101,"stat.craftItem.simpleores.adamantium_ingot":18,"stat.pickup.minecraft.bow":3,"stat.craftItem.minecraft.furnace":3,"stat.mineBlock.futuremc.barrel":1,"stat.useItem.minecraft.egg":2,"stat.craftItem.minecraft.trapdoor":26,"stat.craftItem.minecraft.stone_pickaxe":1,"stat.craftItem.minecraft.cooked_beef":21,"stat.pickup.simpleores.copper_ore":4,"stat.pickup.minecraft.cobblestone":486,"stat.craftItem.minecraft.bow":2,"stat.mineBlock.minecraft.clay":24,"stat.pickup.minecraft.diamond_leggings":1,"stat.flyOneCm":914047,"stat.killEntity.betteranimalsplus.deer":4,"stat.craftItem.minecraft.wooden_slab":132,"stat.useItem.minecraft.cooked_beef":20,"stat.mineBlock.minecraft.iron_ore":99,"stat.craftItem.simpleores.adamantium_sword":1,"stat.timeSinceDeath":127258,"stat.useItem.minecraft.sign":2,"stat.useItem.minecraft.wooden_slab":74,"stat.mineBlock.xlfoodmod.vanilla_flower":1,"stat.craftItem.minecraft.stonebrick":16,"stat.pickup.travelersbackpack.travelers_backpack":12,"stat.pickup.minecraft.wooden_axe":1,"stat.pickup.minecraft.nether_wart":20,"stat.pickup.simpleores.adamantium_pickaxe":1,"stat.pickup.xlfoodmod.cucumber_seeds":2,"stat.craftItem.minecraft.concrete_powder":48,"stat.useItem.minecraft.cooked_porkchop":47,"stat.pickup.minecraft.iron_shovel":1,"stat.pickup.minecraft.trapdoor":1,"stat.mineBlock.minecraft.coal_ore":290,"stat.mineBlock.minecraft.nether_brick":14,"stat.killEntity.Creeper":1,"stat.pickup.minecraft.string":8,"stat.craftItem.futuremc.lantern":19,"stat.pickup.xlfoodmod.corn_seeds":2,"stat.pickup.tombstone.crafting_ingredient":3,"stat.entityKilledBy.Skeleton":3,"stat.pickup.minecraft.birch_stairs":6,"stat.sprintOneCm":1378054,"stat.mineBlock.minecraft.stone_slab":8,"stat.craftItem.minecraft.stick":92,"stat.craftItem.cfm.modern_window":48,"stat.useItem.minecraft.stone_slab":18,"stat.craftItem.minecraft.stone":64,"stat.mineBlock.minecraft.diamond_ore":19,"stat.mineBlock.minecraft.crafting_table":5,"stat.pickup.minecraft.diamond_chestplate":1,"stat.entityKilledBy.Creeper":1,"stat.mineBlock.minecraft.planks":38,"stat.drop":6,"stat.killEntity.Sheep":1,"stat.useItem.minecraft.ladder":5,"stat.killEntity.Zombie":21,"stat.craftItem.minecraft.dye":15,"stat.useItem.minecraft.birch_stairs":7,"stat.mineBlock.xlfoodmod.rock_salt":1,"stat.mineBlock.minecraft.gold_ore":4,"stat.diveOneCm":73971,"stat.craftItem.minecraft.ladder":9,"stat.drop.simpleores.adamantium_axe":1,"stat.pickup.minecraft.gravel":72,"stat.craftItem.minecraft.cooked_porkchop":49,"stat.drop.minecraft.cooked_beef":1,"stat.pickup.xlfoodmod.onion":2,"stat.pickup.minecraft.diamond_sword":1,"stat.useItem.minecraft.flower_pot":3,"stat.craftItem.travelersbackpack.backpack_tank":2,"stat.jump":7419,"stat.pickup.minecraft.coal":357,"stat.pickup.minecraft.iron_ingot":65,"stat.useItem.minecraft.stone_axe":65,"stat.pickup.minecraft.gunpowder":2,"stat.craftItem.minecraft.torch":80,"stat.pickup.minecraft.dirt":438,"stat.craftItem.minecraft.iron_helmet":1,"stat.drop.minecraft.iron_shovel":1,"stat.pickup.cfm.modern_window":1,"stat.drop.minecraft.glass":1,"stat.useItem.minecraft.cooked_chicken":3,"stat.pickup.minecraft.iron_ore":123,"stat.useItem.minecraft.glass":33,"stat.pickup.minecraft.gold_ore":5,"stat.useItem.minecraft.sapling":2,"stat.mineBlock.minecraft.lapis_ore":13,"stat.pickup.minecraft.leaves":136,"stat.mineBlock.minecraft.glass_pane":2,"stat.mineBlock.minecraft.leaves2":1,"stat.damageTaken":9444,"stat.pickup.cfm.item_kebab":2,"stat.pickup.minecraft.leather":22,"stat.mineBlock.minecraft.furnace":5,"stat.mineBlock.minecraft.torch":33,"stat.useItem.minecraft.wooden_pickaxe":23,"stat.pickup.minecraft.log2":131,"stat.pickup.minecraft.reeds":58,"tombstone:undead_killed":33,"stat.pickup.minecraft.concrete":48,"stat.pickup.xlfoodmod.rice_seeds":1,"stat.pickup.minecraft.potato":15,"stat.pickup.minecraft.oak_stairs":43,"stat.entityKilledBy.Zombie":4,"stat.damageDealt":17939,"stat.craftItem.minecraft.glass":75,"stat.sleepInBed":4,"stat.craftItem.minecraft.baked_potato":8,"stat.killEntity.Cow":15,"stat.useItem.futuremc.barrel":6,"stat.killEntity.Pig":26,"stat.craftItem.minecraft.stone_slab":30,"stat.walkOneCm":1370372,"stat.useItem.minecraft.chest":10,"stat.pickup.minecraft.stick":26,"stat.pickup.simpleores.mythril_ore":28,"stat.pickup.minecraft.diamond_pickaxe":1,"stat.pickup.minecraft.clay_ball":96,"stat.killEntity.betteranimalsplus.feralwolf":1,"stat.pickup.betteranimalsplus.pheasant_egg":3,"stat.useItem.tombstone.gift":3,"stat.useItem.simpleores.adamantium_pickaxe":792,"stat.pickup.minecraft.stone":53,"stat.useItem.minecraft.spruce_stairs":7,"stat.useItem.simpleores.adamantium_sword":447,"stat.pickup.minecraft.baked_potato":6,"stat.pickup.minecraft.ender_pearl":1,"stat.useItem.minecraft.leaves":56,"stat.killEntity.Skeleton":8,"stat.craftItem.travelersbackpack.sleeping_bag_bottom":1,"stat.craftItem.minecraft.bookshelf":4,"stat.killEntity.Chicken":5,"stat.killEntity.Spider":11,"stat.mineBlock.minecraft.quartz_ore":12,"stat.pickup.minecraft.dark_oak_stairs":8,"stat.mobKills":104,"stat.pickup.minecraft.diamond_boots":1,"stat.mineBlock.minecraft.bookshelf":14,"stat.craftItem.minecraft.shears":1,"stat.pickup.minecraft.quartz":12,"stat.craftItem.minecraft.fence":24,"stat.useItem.minecraft.cobblestone_wall":2,"stat.pickup.minecraft.diamond":19,"stat.mineBlock.minecraft.leaves":251,"stat.pickup.minecraft.torch":73,"stat.craftItem.minecraft.spruce_stairs":8,"stat.craftItem.minecraft.brick":35,"stat.mineBlock.minecraft.stone":478}