{"stat.leaveGame":7,"stat.pickup.tombstone.familiar_stone":1,"stat.useItem.minecraft.planks":448,"stat.useItem.tombstone.familiar_stone":5,"stat.pickup.simpleores.adamantium_ore":52,"stat.mineBlock.cfm.modern_window":1,"stat.pickup.simpleores.adamantium_chestplate":1,"stat.pickup.minecraft.porkchop":64,"stat.useItem.minecraft.water_bucket":30,"stat.pickup.minecraft.rotten_flesh":43,"stat.mineBlock.minecraft.nether_brick_fence":4,"stat.pickup.minecraft.sand":130,"stat.craftItem.minecraft.dark_oak_fence":3,"stat.entityKilledBy.Spider":1,"stat.craftItem.minecraft.stone_axe":1,"stat.killEntity.Enderman":1,"stat.craftItem.minecraft.cobblestone_wall":6,"stat.craftItem.minecraft.stone_sword":1,"stat.pickup.betteranimalsplus.trillium":1,"stat.craftItem.minecraft.iron_shovel":3,"stat.mineBlock.minecraft.sand":66,"stat.pickup.simpleores.adamantium_boots":1,"stat.mineBlock.futuremc.stripped_oak_log":3,"stat.useItem.minecraft.iron_pickaxe":210,"stat.craftItem.minecraft.wooden_pickaxe":1,"stat.craftItem.simpleores.adamantium_chestplate":2,"stat.useItem.minecraft.iron_shovel":568,"stat.pickup.simpleores.adamantium_axe":1,"stat.pickup.minecraft.double_plant":6,"stat.craftItem.minecraft.glass_pane":16,"stat.useItem.minecraft.oak_stairs":83,"stat.furnaceInteraction":110,"stat.mineBlock.minecraft.dark_oak_stairs":14,"stat.killEntity.ZombieVillager":1,"stat.pickup.xlfoodmod.lettuce_seeds":1,"stat.mineBlock.futuremc.cornflower":7,"stat.useItem.minecraft.dark_oak_stairs":87,"stat.entityKilledBy.WitherSkeleton":1,"stat.mineBlock.minecraft.birch_stairs":1,"stat.useItem.simpleores.adamantium_axe":621,"stat.pickup.minecraft.beef":30,"stat.pickup.minecraft.furnace":7,"stat.useItem.cfm.modern_window":37,"stat.craftItem.travelersbackpack.travelers_backpack":1,"stat.useItem.minecraft.trapdoor":11,"stat.pickup.futuremc.stripped_oak_log":3,"stat.useItem.minecraft.fence":5,"stat.pickup.tombstone.magic_scroll":1,"stat.pickup.tombstone.gift":1,"stat.mineBlock.simpleores.tin_ore":9,"stat.pickup.futuremc.lily_of_the_valley":2,"stat.mineBlock.minecraft.fence":1,"stat.pickup.xlfoodmod.salt":5,"stat.killEntity.betteranimalsplus.zotzpyre":1,"stat.pickup.minecraft.saddle":1,"stat.mineBlock.minecraft.soul_sand":18,"stat.mineBlock.minecraft.oak_stairs":24,"stat.deaths":11,"stat.pickup.xlfoodmod.pepper_seeds":1,"stat.pickup.simpleores.mythril_bow":1,"stat.playOneMinute":519212,"stat.craftItem.minecraft.iron_pickaxe":1,"stat.mineBlock.minecraft.tallgrass":82,"stat.craftItem.simpleores.adamantium_axe":1,"stat.chestOpened":41,"stat.craftItem.minecraft.sign":3,"stat.mineBlock.minecraft.netherrack":11,"stat.pickup.minecraft.arrow":7,"stat.craftItem.minecraft.dark_oak_stairs":84,"stat.pickup.simpleores.adamantium_helmet":1,"stat.pickup.betteranimalsplus.venisonraw":11,"stat.craftItem.minecraft.iron_nugget":81,"stat.pickup.futuremc.lantern":1,"stat.fallOneCm":154845,"stat.pickup.simpleores.tin_ore":13,"stat.crouchOneCm":18860,"stat.craftItem.minecraft.iron_ingot":14,"stat.craftItem.minecraft.chest":2,"stat.craftingTableInteraction":38,"stat.pickup.simpleores.mythril_sword":1,"stat.mineBlock.minecraft.log2":175,"stat.useItem.minecraft.dark_oak_fence":2,"stat.pickup.minecraft.record_cat":1,"stat.useItem.minecraft.furnace":2,"stat.useItem.minecraft.reeds":6,"stat.pickup.minecraft.dye":80,"stat.pickup.minecraft.planks":91,"stat.pickup.minecraft.wheat_seeds":62,"stat.mineBlock.simpleores.mythril_ore":30,"stat.mineBlock.minecraft.gravel":140,"stat.useItem.minecraft.stone_pickaxe":128,"stat.craftItem.minecraft.birch_stairs":12,"stat.useItem.minecraft.stone_sword":184,"stat.craftItem.minecraft.oak_stairs":76,"stat.mineBlock.xlfoodmod.grass":3,"stat.mineBlock.minecraft.dirt":378,"stat.flowerPotted":3,"stat.mineBlock.simpleores.copper_ore":4,"stat.useItem.minecraft.torch":58,"stat.pickup.minecraft.golden_apple":1,"stat.pickup.minecraft.iron_nugget":3,"stat.pickup.minecraft.crafting_table":4,"stat.useItem.minecraft.log":65,"stat.useItem.minecraft.cobblestone":16,"stat.craftItem.minecraft.crafting_table":2,"stat.pickup.futuremc.dye":6,"stat.mineBlock.minecraft.double_plant":7,"stat.mineBlock.betteranimalsplus.trillium":1,"stat.pickup.minecraft.log":333,"stat.craftItem.minecraft.gold_ingot":1,"stat.drop.minecraft.planks":1,"stat.pickup.minecraft.chicken":3,"stat.pickup.minecraft.sapling":19,"stat.pickup.minecraft.wooden_door":2,"stat.pickup.minecraft.apple":2,"tombstone:cast_on_ally":1,"stat.mineBlock.futuremc.lantern":1,"stat.craftItem.minecraft.bucket":1,"stat.craftItem.minecraft.planks":896,"stat.pickup.futuremc.cornflower":14,"stat.pickup.minecraft.diamond_helmet":1,"stat.craftItem.simpleores.adamantium_pickaxe":1,"stat.killEntity.WitherSkeleton":3,"stat.mineBlock.simpleores.adamantium_ore":52,"stat.pickup.minecraft.book":42,"stat.mineBlock.minecraft.log":304,"stat.mineBlock.minecraft.waterlily":1,"stat.craftItem.minecraft.flower_pot":3,"stat.pickup.minecraft.red_flower":4,"stat.sneakTime":12756,"stat.pickup.minecraft.wool":4,"stat.useItem.minecraft.baked_potato":14,"stat.pickup.minecraft.stone_slab":8,"stat.pickup.minecraft.yellow_flower":6,"stat.useItem.futuremc.lantern":4,"stat.pickup.minecraft.bone":20,"stat.mineBlock.minecraft.cobblestone":29,"stat.pickup.minecraft.flint":8,"stat.mineBlock.minecraft.yellow_flower":2,"stat.pickup.simpleores.adamantium_leggings":1,"stat.mineBlock.minecraft.concrete":33,"stat.craftItem.minecraft.wool":2,"stat.pickup.minecraft.flower_pot":2,"stat.swimOneCm":132587,"stat.useItem.minecraft.concrete_powder":46,"stat.climbOneCm":2703,"stat.pickup.minecraft.cooked_porkchop":5,"stat.useItem.minecraft.dirt":415,"stat.killEntity.betteranimalsplus.boar":4,"stat.useItem.minecraft.stone_slab2":71,"stat.craftItem.simpleores.adamantium_ingot":18,"stat.pickup.minecraft.bow":3,"stat.craftItem.minecraft.furnace":3,"stat.craftItem.minecraft.trapdoor":14,"stat.craftItem.minecraft.stone_pickaxe":1,"stat.craftItem.minecraft.cooked_beef":21,"stat.pickup.simpleores.copper_ore":4,"stat.pickup.minecraft.cobblestone":464,"stat.craftItem.minecraft.bow":2,"stat.mineBlock.minecraft.clay":24,"stat.pickup.minecraft.diamond_leggings":1,"stat.flyOneCm":759398,"stat.killEntity.betteranimalsplus.deer":4,"stat.craftItem.minecraft.wooden_slab":78,"stat.useItem.minecraft.cooked_beef":20,"stat.mineBlock.minecraft.iron_ore":99,"stat.craftItem.simpleores.adamantium_sword":1,"stat.timeSinceDeath":47962,"stat.useItem.minecraft.sign":2,"stat.useItem.minecraft.wooden_slab":62,"stat.craftItem.minecraft.stonebrick":16,"stat.pickup.travelersbackpack.travelers_backpack":10,"stat.pickup.minecraft.wooden_axe":1,"stat.pickup.minecraft.nether_wart":20,"stat.pickup.xlfoodmod.cucumber_seeds":2,"stat.craftItem.minecraft.concrete_powder":48,"stat.useItem.minecraft.cooked_porkchop":42,"stat.pickup.minecraft.iron_shovel":1,"stat.mineBlock.minecraft.coal_ore":281,"stat.mineBlock.minecraft.nether_brick":14,"stat.killEntity.Creeper":1,"stat.pickup.minecraft.string":8,"stat.craftItem.futuremc.lantern":9,"stat.pickup.xlfoodmod.corn_seeds":2,"stat.pickup.tombstone.crafting_ingredient":3,"stat.entityKilledBy.Skeleton":3,"stat.pickup.minecraft.birch_stairs":3,"stat.sprintOneCm":1162738,"stat.mineBlock.minecraft.stone_slab":8,"stat.craftItem.minecraft.stick":48,"stat.craftItem.cfm.modern_window":48,"stat.useItem.minecraft.stone_slab":18,"stat.craftItem.minecraft.stone":64,"stat.mineBlock.minecraft.diamond_ore":19,"stat.mineBlock.minecraft.crafting_table":5,"stat.pickup.minecraft.diamond_chestplate":1,"stat.entityKilledBy.Creeper":1,"stat.mineBlock.minecraft.planks":31,"stat.drop":4,"stat.killEntity.Sheep":1,"stat.killEntity.Zombie":15,"stat.craftItem.minecraft.dye":2,"stat.useItem.minecraft.birch_stairs":7,"stat.mineBlock.xlfoodmod.rock_salt":1,"stat.mineBlock.minecraft.gold_ore":4,"stat.diveOneCm":66823,"stat.drop.simpleores.adamantium_axe":1,"stat.pickup.minecraft.gravel":72,"stat.craftItem.minecraft.cooked_porkchop":43,"stat.drop.minecraft.cooked_beef":1,"stat.pickup.xlfoodmod.onion":2,"stat.pickup.minecraft.diamond_sword":1,"stat.useItem.minecraft.flower_pot":3,"stat.craftItem.travelersbackpack.backpack_tank":2,"stat.jump":6414,"stat.pickup.minecraft.coal":348,"stat.pickup.minecraft.iron_ingot":65,"stat.useItem.minecraft.stone_axe":65,"stat.pickup.minecraft.gunpowder":2,"stat.craftItem.minecraft.torch":56,"stat.pickup.minecraft.dirt":420,"stat.craftItem.minecraft.iron_helmet":1,"stat.drop.minecraft.iron_shovel":1,"stat.pickup.cfm.modern_window":1,"stat.pickup.minecraft.iron_ore":123,"stat.pickup.minecraft.gold_ore":5,"stat.mineBlock.minecraft.lapis_ore":13,"stat.pickup.minecraft.leaves":136,"stat.mineBlock.minecraft.glass_pane":2,"stat.mineBlock.minecraft.leaves2":1,"stat.damageTaken":8389,"stat.pickup.cfm.item_kebab":2,"stat.pickup.minecraft.leather":22,"stat.mineBlock.minecraft.furnace":5,"stat.mineBlock.minecraft.torch":24,"stat.useItem.minecraft.wooden_pickaxe":23,"stat.pickup.minecraft.log2":131,"stat.pickup.minecraft.reeds":7,"tombstone:undead_killed":27,"stat.pickup.minecraft.concrete":48,"stat.pickup.xlfoodmod.rice_seeds":1,"stat.pickup.minecraft.potato":15,"stat.pickup.minecraft.oak_stairs":29,"stat.entityKilledBy.Zombie":2,"stat.damageDealt":16136,"stat.craftItem.minecraft.glass":27,"stat.sleepInBed":3,"stat.craftItem.minecraft.baked_potato":8,"stat.killEntity.Cow":15,"stat.killEntity.Pig":26,"stat.craftItem.minecraft.stone_slab":24,"stat.walkOneCm":1127175,"stat.pickup.minecraft.stick":26,"stat.pickup.simpleores.mythril_ore":28,"stat.pickup.minecraft.diamond_pickaxe":1,"stat.pickup.minecraft.clay_ball":96,"stat.killEntity.betteranimalsplus.feralwolf":1,"stat.pickup.betteranimalsplus.pheasant_egg":1,"stat.useItem.tombstone.gift":3,"stat.useItem.simpleores.adamantium_pickaxe":764,"stat.pickup.minecraft.stone":53,"stat.useItem.simpleores.adamantium_sword":375,"stat.pickup.minecraft.baked_potato":6,"stat.pickup.minecraft.ender_pearl":1,"stat.useItem.minecraft.leaves":37,"stat.killEntity.Skeleton":8,"stat.craftItem.travelersbackpack.sleeping_bag_bottom":1,"stat.killEntity.Chicken":5,"stat.killEntity.Spider":10,"stat.mineBlock.minecraft.quartz_ore":12,"stat.pickup.minecraft.dark_oak_stairs":8,"stat.mobKills":97,"stat.pickup.minecraft.diamond_boots":1,"stat.mineBlock.minecraft.bookshelf":14,"stat.craftItem.minecraft.shears":1,"stat.pickup.minecraft.quartz":12,"stat.craftItem.minecraft.fence":6,"stat.useItem.minecraft.cobblestone_wall":2,"stat.pickup.minecraft.diamond":19,"stat.mineBlock.minecraft.leaves":209,"stat.pickup.minecraft.torch":38,"stat.craftItem.minecraft.brick":35,"stat.mineBlock.minecraft.stone":466}