{"stat.pickup.minecraft.wooden_slab":6,"stat.leaveGame":12,"stat.pickup.tombstone.familiar_stone":3,"stat.pickup.simpleores.adamantium_ore":115,"stat.pickup.minecraft.rotten_flesh":130,"stat.craftItem.minecraft.stone_axe":1,"stat.pickup.minecraft.bucket":2,"stat.killEntity.Enderman":1,"stat.mineBlock.minecraft.wooden_slab":3,"stat.craftItem.minecraft.iron_shovel":3,"stat.killEntity.Witch":1,"stat.useItem.minecraft.iron_pickaxe":210,"stat.craftItem.minecraft.wooden_pickaxe":1,"stat.useItem.minecraft.iron_shovel":587,"stat.pickup.minecraft.double_plant":21,"stat.craftItem.minecraft.glass_pane":16,"stat.furnaceInteraction":151,"stat.killEntity.ZombieVillager":1,"stat.pickup.minecraft.nether_brick":2,"stat.entityKilledBy.WitherSkeleton":1,"stat.useItem.simpleores.adamantium_axe":853,"stat.useItem.minecraft.double_plant":6,"stat.pickup.minecraft.beef":30,"stat.useItem.cfm.modern_window":37,"stat.useItem.minecraft.trapdoor":21,"stat.pickup.futuremc.stripped_oak_log":3,"stat.useItem.minecraft.fence":20,"stat.pickup.tombstone.gift":2,"stat.mineBlock.simpleores.tin_ore":10,"stat.mineBlock.minecraft.fence":2,"stat.useItem.minecraft.wheat_seeds":2,"stat.pickup.xlfoodmod.salt":5,"stat.killEntity.betteranimalsplus.zotzpyre":1,"stat.craftItem.securitycraft.laser_block":1,"stat.pickup.securitycraft.universal_block_reinforcer_lvl1":1,"stat.deaths":25,"stat.pickup.simpleores.mythril_bow":2,"stat.pickup.minecraft.egg":6,"stat.craftItem.minecraft.item_frame":4,"stat.pickup.minecraft.clock":1,"stat.craftItem.minecraft.iron_pickaxe":1,"stat.craftItem.futuremc.cartography_table":1,"stat.mineBlock.minecraft.tallgrass":286,"stat.craftItem.simpleores.adamantium_axe":1,"stat.chestOpened":124,"stat.craftItem.minecraft.sign":3,"stat.pickup.minecraft.arrow":9,"stat.craftItem.betteranimalsplus.fried_egg":2,"stat.pickup.simpleores.adamantium_helmet":1,"stat.pickup.futuremc.lantern":1,"stat.craftItem.minecraft.ender_chest":1,"stat.crouchOneCm":25288,"stat.mineBlock.minecraft.chest":8,"stat.craftItem.minecraft.iron_ingot":26,"stat.craftingTableInteraction":40,"stat.mineBlock.minecraft.log2":175,"stat.useItem.minecraft.dark_oak_fence":11,"stat.useItem.futuremc.sweet_berries":55,"stat.useItem.minecraft.reeds":7,"stat.pickup.minecraft.dye":183,"stat.pickup.minecraft.planks":102,"stat.pickup.minecraft.wheat_seeds":70,"stat.mineBlock.simpleores.mythril_ore":64,"stat.mineBlock.xlfoodmod.grass":6,"stat.mineBlock.minecraft.dirt":426,"stat.craftItem.futuremc.smithing_table":1,"stat.flowerPotted":3,"stat.useItem.minecraft.cobblestone":21,"stat.pickup.minecraft.magma":3,"stat.pickup.futuremc.dye":6,"stat.mineBlock.minecraft.double_plant":17,"stat.mineBlock.betteranimalsplus.trillium":1,"stat.craftItem.minecraft.gold_ingot":1,"stat.pickup.minecraft.chicken":10,"stat.pickup.minecraft.apple":3,"tombstone:cast_on_ally":1,"stat.mineBlock.futuremc.lantern":1,"stat.craftItem.minecraft.bucket":2,"stat.craftItem.minecraft.planks":1636,"stat.pickup.futuremc.cornflower":14,"stat.pickup.minecraft.book":42,"stat.mineBlock.minecraft.log":456,"stat.mineBlock.minecraft.waterlily":1,"stat.useItem.minecraft.spruce_door":1,"stat.craftItem.minecraft.paper":48,"stat.pickup.minecraft.red_flower":5,"stat.pickup.minecraft.wool":4,"stat.useItem.futuremc.lantern":11,"stat.craftItem.minecraft.spruce_door":3,"stat.mineBlock.minecraft.cobblestone":52,"stat.pickup.minecraft.flint":8,"stat.mineBlock.minecraft.yellow_flower":4,"stat.mineBlock.minecraft.concrete":33,"stat.craftItem.minecraft.wool":2,"stat.pickup.minecraft.flower_pot":2,"stat.craftItem.minecraft.clock":1,"stat.useItem.minecraft.concrete_powder":46,"stat.pickup.minecraft.enchanted_book":1,"stat.pickup.minecraft.cooked_porkchop":9,"stat.useItem.minecraft.stone_slab2":125,"stat.craftItem.simpleores.adamantium_ingot":68,"stat.pickup.minecraft.bow":4,"stat.useItem.betteranimalsplus.fried_egg":2,"stat.craftItem.minecraft.furnace":3,"stat.pickup.minecraft.map":1,"stat.useItem.minecraft.egg":2,"stat.craftItem.minecraft.cooked_beef":30,"stat.pickup.simpleores.copper_ore":8,"stat.craftItem.minecraft.bow":2,"stat.mineBlock.minecraft.clay":24,"stat.pickup.futuremc.sweet_berries":64,"stat.pickup.minecraft.diamond_leggings":1,"stat.flyOneCm":1572944,"stat.killEntity.betteranimalsplus.deer":4,"stat.craftItem.simpleores.adamantium_sword":1,"stat.timeSinceDeath":41865,"stat.useItem.minecraft.wooden_slab":87,"stat.craftItem.minecraft.iron_block":3,"stat.craftItem.minecraft.stonebrick":16,"stat.pickup.travelersbackpack.travelers_backpack":21,"stat.pickup.minecraft.nether_wart":20,"stat.pickup.xlfoodmod.cucumber_seeds":2,"stat.craftItem.minecraft.concrete_powder":48,"stat.mineBlock.minecraft.coal_ore":549,"stat.killEntity.Creeper":3,"stat.pickup.minecraft.string":8,"stat.pickup.tombstone.crafting_ingredient":14,"stat.entityKilledBy.Skeleton":3,"stat.pickup.minecraft.birch_stairs":6,"stat.useItem.minecraft.written_book":1,"stat.sprintOneCm":1932566,"stat.mineBlock.minecraft.stone_slab":8,"stat.craftItem.cfm.modern_window":48,"stat.mineBlock.minecraft.diamond_ore":25,"stat.pickup.simpleores.onyx_gem":37,"stat.useItem.minecraft.ladder":5,"stat.killEntity.Zombie":58,"stat.craftItem.minecraft.dye":20,"stat.useItem.minecraft.birch_stairs":7,"stat.mineBlock.xlfoodmod.rock_salt":1,"stat.mineBlock.minecraft.gold_ore":41,"stat.diveOneCm":87482,"stat.mineBlock.minecraft.mossy_cobblestone":2,"stat.craftItem.minecraft.ladder":9,"stat.mineBlock.simpleores.onyx_ore":19,"stat.craftItem.minecraft.cooked_porkchop":54,"stat.pickup.minecraft.obsidian":8,"stat.pickup.xlfoodmod.onion":2,"stat.jump":11482,"stat.pickup.minecraft.coal":659,"stat.pickup.minecraft.iron_ingot":69,"stat.pickup.minecraft.gunpowder":8,"stat.craftItem.minecraft.torch":80,"stat.pickup.minecraft.dirt":468,"stat.drop.minecraft.iron_shovel":1,"stat.drop.futuremc.sweet_berries":9,"stat.pickup.cfm.modern_window":1,"stat.useItem.minecraft.glass":33,"stat.pickup.minecraft.gold_ore":42,"stat.useItem.minecraft.sapling":2,"stat.mineBlock.minecraft.lapis_ore":30,"stat.craftItem.futuremc.grindstone":1,"stat.mineBlock.minecraft.glass_pane":2,"stat.damageTaken":14531,"stat.mineBlock.minecraft.torch":39,"stat.pickup.minecraft.ender_eye":1,"stat.pickup.minecraft.log2":131,"stat.pickup.minecraft.concrete":48,"stat.pickup.xlfoodmod.rice_seeds":1,"stat.pickup.minecraft.potato":15,"stat.entityKilledBy.Zombie":7,"stat.craftItem.minecraft.stone_slab":36,"stat.craftItem.securitycraft.universal_block_reinforcer_lvl1":1,"stat.useItem.minecraft.chest":17,"stat.pickup.simpleores.mythril_ore":62,"stat.pickup.minecraft.diamond_pickaxe":1,"stat.killEntity.betteranimalsplus.feralwolf":1,"stat.pickup.betteranimalsplus.pheasant_egg":3,"stat.useItem.tombstone.gift":4,"stat.useItem.simpleores.adamantium_pickaxe":3435,"stat.useItem.minecraft.item_frame":3,"stat.pickup.minecraft.baked_potato":6,"stat.pickup.minecraft.ender_pearl":1,"stat.useItem.minecraft.netherrack":75,"stat.craftItem.travelersbackpack.sleeping_bag_bottom":1,"stat.craftItem.minecraft.bookshelf":4,"stat.useItem.cfm.item_kebab":2,"stat.pickup.minecraft.dark_oak_stairs":8,"stat.mobKills":161,"stat.pickup.minecraft.diamond_boots":1,"stat.mineBlock.minecraft.bookshelf":14,"stat.craftItem.minecraft.shears":1,"stat.pickup.securitycraft.reinforced_stone_button":11,"stat.useItem.minecraft.mossy_cobblestone":1,"stat.useItem.minecraft.cobblestone_wall":2,"stat.pickup.minecraft.diamond":25,"stat.pickup.minecraft.torch":79,"stat.craftItem.minecraft.spruce_stairs":8,"stat.craftItem.minecraft.map":4,"stat.craftItem.minecraft.compass":4,"stat.craftItem.betteranimalsplus.venisoncooked":5,"stat.useItem.minecraft.bookshelf":2,"stat.useItem.betteranimalsplus.venisoncooked":5,"stat.useItem.minecraft.planks":714,"stat.useItem.tombstone.familiar_stone":5,"stat.mineBlock.cfm.modern_window":1,"stat.pickup.simpleores.adamantium_chestplate":1,"stat.pickup.minecraft.porkchop":69,"stat.pickup.minecraft.glass":1,"stat.craftItem.xlfoodmod.flesh":2,"stat.useItem.minecraft.water_bucket":38,"stat.mineBlock.minecraft.nether_brick_fence":4,"stat.pickup.minecraft.sand":130,"stat.craftItem.minecraft.dark_oak_fence":15,"stat.entityKilledBy.Spider":1,"stat.craftItem.minecraft.cobblestone_wall":6,"stat.craftItem.minecraft.stone_sword":1,"stat.pickup.betteranimalsplus.trillium":2,"stat.mineBlock.minecraft.sand":66,"stat.pickup.simpleores.adamantium_boots":1,"stat.mineBlock.futuremc.stripped_oak_log":3,"stat.craftItem.minecraft.cooked_fish":2,"stat.craftItem.simpleores.adamantium_chestplate":2,"stat.pickup.simpleores.adamantium_axe":1,"stat.useItem.minecraft.oak_stairs":109,"stat.mineBlock.minecraft.dark_oak_stairs":14,"stat.pickup.xlfoodmod.lettuce_seeds":1,"stat.mineBlock.futuremc.cornflower":7,"stat.useItem.minecraft.dark_oak_stairs":109,"stat.mineBlock.minecraft.birch_stairs":1,"stat.pickup.minecraft.furnace":11,"stat.craftItem.travelersbackpack.travelers_backpack":2,"stat.pickup.tombstone.magic_scroll":6,"stat.pickup.futuremc.lily_of_the_valley":2,"stat.pickup.minecraft.saddle":1,"stat.mineBlock.minecraft.soul_sand":18,"stat.craftItem.minecraft.heavy_weighted_pressure_plate":1,"stat.mineBlock.minecraft.oak_stairs":30,"stat.pickup.xlfoodmod.pepper_seeds":2,"stat.playOneMinute":894559,"stat.craftItem.securitycraft.keypad_item":1,"stat.pickup.minecraft.netherrack":730,"stat.mineBlock.minecraft.netherrack":1507,"stat.craftItem.minecraft.dark_oak_stairs":108,"stat.pickup.betteranimalsplus.venisonraw":11,"stat.craftItem.minecraft.iron_nugget":162,"stat.pickup.minecraft.cooked_chicken":1,"stat.fallOneCm":338631,"stat.pickup.simpleores.tin_ore":13,"stat.craftItem.minecraft.chest":14,"stat.pickup.simpleores.adamantium_sword":1,"stat.drop.simpleores.adamantium_pickaxe":1,"stat.pickup.simpleores.mythril_sword":1,"stat.pickup.minecraft.feather":4,"stat.pickup.minecraft.record_cat":1,"stat.useItem.minecraft.furnace":3,"stat.mineBlock.minecraft.gravel":141,"stat.useItem.minecraft.stone_pickaxe":128,"stat.craftItem.minecraft.birch_stairs":12,"stat.useItem.minecraft.stone_sword":184,"stat.craftItem.minecraft.oak_stairs":100,"stat.mineBlock.simpleores.copper_ore":8,"stat.useItem.minecraft.torch":75,"stat.pickup.minecraft.golden_apple":1,"stat.pickup.minecraft.iron_nugget":4,"stat.craftItem.minecraft.redstone_block":1,"stat.pickup.minecraft.crafting_table":4,"stat.useItem.minecraft.log":69,"stat.craftItem.minecraft.crafting_table":3,"stat.pickup.futuremc.barrel":1,"stat.useItem.xlfoodmod.flesh":1,"stat.craftItem.futuremc.barrel":9,"stat.pickup.minecraft.log":479,"stat.craftItem.minecraft.stone_button":10,"stat.killEntity.betteranimalsplus.coyote":1,"stat.drop.minecraft.planks":1,"stat.pickup.minecraft.sapling":29,"stat.pickup.minecraft.wooden_door":2,"stat.pickup.minecraft.diamond_helmet":1,"stat.craftItem.simpleores.adamantium_pickaxe":3,"stat.killEntity.WitherSkeleton":4,"stat.mineBlock.simpleores.adamantium_ore":116,"stat.craftItem.minecraft.cooked_chicken":7,"stat.craftItem.minecraft.flower_pot":3,"stat.sneakTime":17955,"stat.useItem.minecraft.baked_potato":14,"stat.pickup.minecraft.stone_slab":8,"stat.drop.minecraft.yellow_flower":2,"stat.pickup.minecraft.yellow_flower":10,"stat.pickup.minecraft.chest":8,"stat.pickup.minecraft.bone":29,"stat.pickup.simpleores.adamantium_leggings":1,"stat.useItem.minecraft.diamond_sword":84,"stat.swimOneCm":160313,"stat.climbOneCm":19675,"stat.enderchestOpened":1,"stat.useItem.minecraft.dirt":434,"stat.killEntity.betteranimalsplus.boar":4,"stat.mineBlock.futuremc.barrel":1,"stat.craftItem.minecraft.trapdoor":26,"stat.craftItem.minecraft.stone_pickaxe":1,"stat.mineBlock.minecraft.magma":2,"stat.pickup.minecraft.cobblestone":637,"stat.pickup.minecraft.soul_sand":63,"stat.craftItem.minecraft.wooden_slab":150,"stat.useItem.minecraft.cooked_beef":29,"stat.pickup.minecraft.redstone":22,"stat.mineBlock.minecraft.iron_ore":227,"stat.useItem.minecraft.sign":2,"stat.mineBlock.xlfoodmod.vanilla_flower":1,"stat.pickup.minecraft.mossy_cobblestone":4,"stat.pickup.minecraft.wooden_axe":1,"stat.pickup.simpleores.adamantium_pickaxe":1,"stat.drop.minecraft.dirt":8,"stat.useItem.minecraft.cooked_porkchop":55,"stat.pickup.minecraft.iron_shovel":2,"stat.pickup.minecraft.trapdoor":1,"stat.mineBlock.minecraft.nether_brick":16,"stat.craftItem.futuremc.lantern":20,"stat.pickup.xlfoodmod.corn_seeds":2,"stat.craftItem.minecraft.stick":132,"stat.useItem.minecraft.stone_slab":18,"stat.craftItem.minecraft.stone":64,"stat.mineBlock.minecraft.crafting_table":5,"stat.useItem.minecraft.diamond_pickaxe":196,"stat.pickup.minecraft.diamond_chestplate":1,"stat.entityKilledBy.Creeper":1,"stat.mineBlock.minecraft.planks":38,"stat.drop":25,"stat.killEntity.Sheep":1,"stat.craftItem.minecraft.diamond_pickaxe":1,"stat.drop.simpleores.adamantium_axe":1,"stat.pickup.minecraft.gravel":72,"stat.drop.minecraft.cooked_beef":1,"stat.pickup.minecraft.diamond_sword":1,"stat.useItem.minecraft.flower_pot":3,"stat.craftItem.travelersbackpack.backpack_tank":2,"stat.pickup.minecraft.fence":2,"stat.useItem.minecraft.stone_axe":65,"stat.pickup.minecraft.spider_eye":4,"stat.craftItem.minecraft.iron_helmet":1,"stat.drop.minecraft.glass":1,"stat.useItem.minecraft.cooked_chicken":8,"stat.pickup.minecraft.iron_ore":249,"stat.boatOneCm":7368,"stat.pickup.minecraft.leaves":136,"stat.mineBlock.minecraft.leaves2":1,"stat.pickup.cfm.item_kebab":2,"stat.pickup.minecraft.leather":22,"stat.mineBlock.minecraft.furnace":9,"stat.useItem.minecraft.wooden_pickaxe":23,"stat.pickup.minecraft.reeds":58,"tombstone:undead_killed":75,"stat.useItem.minecraft.magma":1,"stat.pickup.minecraft.oak_stairs":43,"stat.damageDealt":30080,"stat.craftItem.minecraft.glass":75,"stat.sleepInBed":4,"stat.craftItem.minecraft.baked_potato":8,"stat.craftItem.minecraft.anvil":1,"stat.killEntity.Cow":15,"stat.useItem.futuremc.barrel":6,"stat.killEntity.Pig":29,"stat.walkOneCm":2034175,"stat.pickup.minecraft.stick":42,"stat.pickup.minecraft.clay_ball":96,"stat.pickup.minecraft.stone":120,"stat.useItem.minecraft.spruce_stairs":7,"stat.useItem.simpleores.adamantium_sword":723,"stat.useItem.minecraft.leaves":56,"stat.pickup.minecraft.gold_ingot":16,"stat.killEntity.Skeleton":12,"stat.killEntity.Chicken":11,"stat.pickup.xlfoodmod.flesh":1,"stat.killEntity.Spider":13,"stat.mineBlock.minecraft.quartz_ore":446,"stat.pickup.minecraft.quartz":218,"stat.craftItem.minecraft.fence":24,"stat.mineBlock.minecraft.leaves":264,"stat.mineBlock.minecraft.redstone_ore":4,"stat.craftItem.minecraft.brick":35,"stat.mineBlock.minecraft.stone":762}