{"stat.useItem.minecraft.quartz_block":481,"stat.pickup.minecraft.wooden_slab":48,"stat.leaveGame":43,"stat.killEntity.betteranimalsplus.goat":2,"stat.pickup.betteranimalsplus.goose_egg":1,"stat.pickup.tombstone.familiar_stone":8,"stat.craftItem.minecraft.ender_eye":4,"stat.killEntity.PigZombie":29,"stat.pickup.simpleores.adamantium_ore":305,"stat.mineBlock.minecraft.web":4,"stat.pickup.simpleores.onyx_sword":3,"stat.pickup.minecraft.rotten_flesh":209,"stat.drop.minecraft.leather_boots":2,"stat.killEntity.Enderman":21,"stat.craftItem.tombstone.ankh_of_pray":1,"stat.mineBlock.minecraft.wooden_slab":43,"stat.pickup.minecraft.leather_boots":2,"stat.killEntity.betteranimalsplus.brownbear":1,"stat.killEntity.Witch":2,"stat.pickup.xlfoodmod.lettuce":1,"stat.drop.minecraft.ender_eye":1,"stat.pickup.minecraft.double_plant":7,"stat.furnaceInteraction":152,"stat.drop.minecraft.gravel":1,"stat.killEntity.ZombieVillager":5,"stat.pickup.minecraft.nether_brick":9,"stat.drop.minecraft.red_flower":2,"stat.pickup.minecraft.beef":16,"stat.craftItem.simpleores.onyx_rod":2,"stat.craftItem.futuremc.dye":1,"stat.useItem.minecraft.fence":9,"stat.pickup.minecraft.potion":5,"stat.mineBlock.simpleores.tin_ore":16,"stat.mineBlock.minecraft.fence":4,"stat.useItem.minecraft.flint_and_steel":8,"stat.pickup.xlfoodmod.salt":2,"stat.killEntity.Husk":1,"stat.killEntity.betteranimalsplus.zotzpyre":6,"stat.craftItem.simpleores.onyx_helmet":1,"stat.pickup.minecraft.emerald":19,"stat.useItem.minecraft.dye":20,"stat.deaths":15,"stat.pickup.minecraft.bowl":4,"stat.pickup.simpleores.mythril_bow":1,"stat.pickup.minecraft.egg":4,"stat.drop.minecraft.torch":2,"stat.mineBlock.minecraft.tallgrass":41,"stat.fishCaught":129,"stat.chestOpened":164,"stat.useItem.minecraft.stone":1,"stat.pickup.minecraft.arrow":103,"stat.drop.simpleores.mythril_sword":2,"stat.killEntity.Ghast":13,"stat.craftItem.minecraft.quartz_block":695,"stat.pickup.minecraft.gold_nugget":62,"stat.useItem.tombstone.fishing_rod_of_misadventure":87,"stat.pickup.betteranimalsplus.bear_skin_brown":4,"stat.craftItem.minecraft.ender_chest":2,"stat.crouchOneCm":28534,"stat.pickup.minecraft.rail":1,"stat.craftItem.minecraft.iron_ingot":6,"stat.mineBlock.futuremc.lily_of_the_valley":2,"stat.craftingTableInteraction":4,"stat.mineBlock.minecraft.log2":50,"stat.pickup.minecraft.dye":466,"stat.pickup.minecraft.planks":464,"stat.craftItem.minecraft.diamond_shovel":1,"stat.pickup.minecraft.wheat_seeds":19,"stat.mineBlock.simpleores.mythril_ore":33,"stat.pickup.tombstone.scroll_of_knowledge":2,"stat.mineBlock.minecraft.ender_chest":1,"stat.mineBlock.xlfoodmod.grass":1,"stat.mineBlock.minecraft.dirt":219,"stat.pickup.tombstone.voodoo_poppet":1,"stat.pickup.betteranimalsplus.boarhead_4":1,"stat.drop.minecraft.rotten_flesh":5,"stat.useItem.minecraft.cobblestone":523,"stat.mineBlock.minecraft.double_plant":2,"stat.craftItem.simpleores.mythril_bow":1,"stat.drop.minecraft.iron_ore":7,"stat.useItem.minecraft.yellow_flower":1,"stat.craftItem.minecraft.gold_ingot":69,"stat.useItem.tombstone.ankh_of_pray":8,"stat.pickup.minecraft.chicken":1,"stat.pickup.minecraft.apple":8,"tombstone:cast_on_ally":1,"stat.drop.minecraft.fish":62,"stat.craftItem.minecraft.planks":1008,"stat.pickup.futuremc.cornflower":3,"stat.drop.futuremc.cornflower":2,"stat.itemEnchanted":8,"stat.craftItem.minecraft.fishing_rod":1,"stat.useItem.betteranimalsplus.goose_egg":1,"stat.mineBlock.minecraft.log":332,"stat.craftItem.minecraft.wooden_door":9,"stat.useItem.minecraft.wooden_door":6,"stat.pickup.minecraft.red_flower":6,"stat.pickup.minecraft.wool":6,"stat.drop.tombstone.familiar_stone":1,"stat.pickup.minecraft.tripwire_hook":7,"stat.craftItem.minecraft.diamond_leggings":1,"stat.useItem.minecraft.iron_axe":246,"stat.useItem.simpleores.onyx_pickaxe":2590,"stat.mineBlock.minecraft.cobblestone":161,"stat.pickup.minecraft.flint":3,"stat.mineBlock.minecraft.concrete":15,"stat.craftItem.minecraft.wool":11,"stat.pickup.minecraft.enchanted_book":3,"stat.pickup.minecraft.cooked_porkchop":3,"stat.useItem.minecraft.obsidian":15,"stat.useItem.minecraft.stone_slab2":91,"stat.pickup.minecraft.bow":7,"stat.craftItem.minecraft.cooked_beef":20,"stat.pickup.simpleores.copper_ore":15,"stat.mineBlock.minecraft.obsidian":34,"stat.pickup.futuremc.sweet_berries":2,"stat.pickup.minecraft.diamond_leggings":1,"stat.flyOneCm":8338881,"stat.pickup.minecraft.nether_brick_stairs":2,"stat.pickup.minecraft.fish":146,"stat.killEntity.betteranimalsplus.deer":1,"stat.timeSinceDeath":1028950,"stat.useItem.simpleores.onyx_sword":428,"stat.useItem.minecraft.wooden_slab":119,"stat.useItem.simpleores.mythril_bow":57,"stat.pickup.travelersbackpack.travelers_backpack":8,"stat.useItem.minecraft.potato":1,"stat.pickup.minecraft.nether_wart":40,"stat.pickup.xlfoodmod.cucumber_seeds":6,"stat.mineBlock.minecraft.coal_ore":47,"stat.killEntity.Creeper":19,"stat.pickup.minecraft.shield":1,"stat.talkedToVillager":23,"stat.pickup.minecraft.string":47,"stat.pickup.tombstone.crafting_ingredient":47,"stat.useItem.minecraft.milk_bucket":2,"stat.useItem.minecraft.written_book":1,"stat.pickup.minecraft.birch_stairs":2,"stat.sprintOneCm":4606095,"stat.useItem.minecraft.diamond_shovel":68,"stat.mineBlock.minecraft.stone_slab":10,"stat.drop.minecraft.leather":4,"stat.useItem.tombstone.magic_scroll":2,"stat.mineBlock.minecraft.diamond_ore":106,"stat.pickup.simpleores.onyx_gem":197,"stat.useItem.betteranimalsplus.pheasant_egg":2,"stat.pickup.minecraft.sugar":2,"stat.killEntity.Zombie":195,"stat.craftItem.minecraft.dye":46,"stat.pickup.minecraft.snowball":4,"stat.mineBlock.xlfoodmod.rock_salt":2,"stat.craftItem.minecraft.diamond_axe":1,"stat.mineBlock.minecraft.gold_ore":273,"stat.diveOneCm":475817,"stat.mineBlock.minecraft.mossy_cobblestone":6,"stat.mineBlock.simpleores.onyx_ore":112,"stat.craftItem.minecraft.cooked_porkchop":285,"stat.pickup.minecraft.obsidian":40,"stat.drop.simpleores.adamantium_ore":20,"stat.pickup.xlfoodmod.onion":2,"stat.craftItem.minecraft.diamond_sword":1,"stat.jump":32019,"stat.pickup.minecraft.coal":91,"stat.pickup.minecraft.iron_ingot":1,"stat.pickup.minecraft.gunpowder":21,"stat.craftItem.minecraft.torch":16,"stat.pickup.minecraft.dirt":259,"stat.pickup.tombstone.fishing_rod_of_misadventure":2,"stat.pickup.minecraft.gold_ore":269,"stat.useItem.minecraft.sapling":4,"stat.mineBlock.minecraft.lapis_ore":60,"stat.brewingstandInteraction":1,"stat.damageTaken":16388,"stat.mineBlock.minecraft.torch":50,"stat.pickup.minecraft.written_book":1,"stat.mineBlock.minecraft.red_flower":3,"stat.pickup.minecraft.magma_cream":7,"stat.pickup.minecraft.log2":50,"stat.pickup.minecraft.concrete":15,"stat.pickup.minecraft.quartz_block":48,"stat.pickup.minecraft.potato":2,"stat.killEntity.Silverfish":5,"stat.craftItem.minecraft.stone_slab":12,"stat.useItem.minecraft.chest":3,"stat.pickup.simpleores.mythril_ore":30,"stat.killEntity.betteranimalsplus.feralwolf":1,"stat.mineBlock.cfm.trampoline":1,"stat.drop.minecraft.birch_stairs":2,"stat.pickup.betteranimalsplus.pheasant_egg":2,"stat.useItem.tombstone.gift":3,"stat.useItem.simpleores.adamantium_pickaxe":955,"stat.pickup.minecraft.ender_pearl":27,"stat.drop.simpleores.onyx_sword":2,"stat.useItem.minecraft.netherrack":450,"stat.craftItem.travelersbackpack.sleeping_bag_bottom":2,"stat.mineBlock.minecraft.stonebrick":4,"stat.pickup.minecraft.dark_oak_stairs":2,"stat.killEntity.betteranimalsplus.lamprey":1,"stat.mobKills":695,"stat.pickup.minecraft.diamond_boots":1,"stat.useItem.minecraft.boat":8,"stat.pickup.minecraft.diamond":126,"stat.useItem.minecraft.writable_book":1,"stat.drop.futuremc.lily_of_the_valley":2,"stat.pickup.minecraft.torch":101,"stat.pickup.betteranimalsplus.antler":2,"stat.craftItem.minecraft.iron_axe":1,"stat.killEntity.Blaze":18,"stat.pickup.minecraft.fishing_rod":2,"stat.useItem.minecraft.planks":640,"stat.useItem.tombstone.familiar_stone":5,"stat.pickup.minecraft.porkchop":546,"stat.drop.minecraft.wooden_door":1,"stat.useItem.minecraft.water_bucket":545,"stat.craftItem.minecraft.golden_apple":9,"stat.pickup.minecraft.sand":65,"stat.killEntity.betteranimalsplus.fox":1,"stat.pickup.minecraft.name_tag":1,"stat.mineBlock.minecraft.sand":94,"stat.pickup.betteranimalsplus.eel_meat_raw":1,"stat.craftItem.minecraft.blaze_powder":20,"stat.craftItem.simpleores.mythril_ingot":4,"stat.pickup.minecraft.ghast_tear":6,"stat.craftItem.simpleores.onyx_boots":1,"stat.useItem.minecraft.oak_stairs":52,"stat.pickup.xlfoodmod.lettuce_seeds":1,"stat.mineBlock.futuremc.cornflower":3,"stat.pickup.minecraft.filled_map":4,"stat.craftItem.simpleores.onyx_bow":1,"stat.pickup.minecraft.furnace":3,"stat.craftItem.travelersbackpack.travelers_backpack":1,"stat.pickup.minecraft.skull":1,"stat.pickup.tombstone.magic_scroll":17,"stat.pickup.futuremc.lily_of_the_valley":7,"stat.killEntity.betteranimalsplus.tarantula":1,"stat.pickup.minecraft.saddle":3,"stat.mineBlock.minecraft.soul_sand":27,"stat.mineBlock.minecraft.oak_stairs":21,"stat.pickup.xlfoodmod.pepper_seeds":2,"stat.playOneMinute":1798522,"stat.pickup.minecraft.blaze_rod":10,"stat.drop.minecraft.chest":1,"stat.pickup.minecraft.iron_bars":1,"stat.pickup.minecraft.netherrack":745,"stat.mineBlock.minecraft.netherrack":836,"stat.pickup.minecraft.waterlily":1,"stat.pickup.betteranimalsplus.venisonraw":2,"stat.useItem.minecraft.experience_bottle":540,"stat.fallOneCm":887624,"stat.drop.minecraft.stone":4,"stat.pickup.simpleores.tin_ore":16,"stat.drop.minecraft.dye":4,"stat.craftItem.minecraft.chest":6,"stat.craftItem.simpleores.onyx_chestplate":1,"stat.pickup.minecraft.red_mushroom":2,"stat.pickup.simpleores.mythril_sword":2,"stat.pickup.minecraft.feather":2,"stat.drop.minecraft.bone":6,"stat.pickup.minecraft.record_cat":1,"stat.useItem.minecraft.furnace":4,"stat.pickup.cfm.trampoline":1,"stat.mineBlock.minecraft.gravel":8,"stat.craftItem.minecraft.oak_stairs":40,"stat.mineBlock.simpleores.copper_ore":15,"stat.mineBlock.minecraft.monster_egg":3,"stat.useItem.minecraft.torch":97,"stat.craftItem.minecraft.boat":1,"stat.killEntity.LavaSlime":25,"stat.mineBlock.minecraft.emerald_ore":16,"stat.pickup.minecraft.log":297,"stat.craftItem.simpleores.mythril_rod":2,"stat.killEntity.betteranimalsplus.coyote":20,"stat.pickup.minecraft.sapling":28,"stat.pickup.minecraft.wooden_door":6,"stat.drop.minecraft.bow":3,"stat.craftItem.simpleores.adamantium_pickaxe":1,"stat.killEntity.WitherSkeleton":6,"stat.mineBlock.simpleores.adamantium_ore":306,"stat.pickup.minecraft.golden_sword":3,"stat.sneakTime":15486,"stat.drop.minecraft.bucket":1,"stat.pickup.minecraft.stone_slab":11,"stat.pickup.minecraft.yellow_flower":4,"stat.useItem.minecraft.fishing_rod":122,"stat.useItem.minecraft.web":11,"stat.craftItem.minecraft.diamond_chestplate":1,"stat.pickup.minecraft.bone":98,"stat.horseOneCm":59766,"stat.drop.minecraft.tripwire_hook":3,"stat.craftItem.simpleores.onyx_leggings":1,"stat.useItem.minecraft.diamond_sword":385,"stat.craftItem.minecraft.diamond_helmet":1,"stat.swimOneCm":616500,"stat.climbOneCm":21508,"stat.enderchestOpened":14,"stat.useItem.minecraft.dirt":84,"stat.killEntity.betteranimalsplus.boar":5,"stat.craftItem.simpleores.onyx_sword":2,"stat.pickup.minecraft.cobblestone":1026,"stat.craftItem.cfm.chair_oak":1,"stat.mineBlock.minecraft.carpet":1,"stat.pickup.minecraft.soul_sand":22,"stat.drop.minecraft.wheat_seeds":5,"stat.craftItem.minecraft.wooden_slab":78,"stat.useItem.minecraft.cooked_beef":10,"stat.pickup.minecraft.cactus":15,"stat.pickup.minecraft.redstone":64,"stat.pickup.betteranimalsplus.wolf_pelt_black":8,"stat.mineBlock.minecraft.iron_ore":40,"stat.pickup.minecraft.mossy_cobblestone":6,"stat.pickup.minecraft.stonebrick":2,"stat.drop.minecraft.dirt":1,"stat.useItem.minecraft.cooked_porkchop":244,"stat.pickup.minecraft.carpet":1,"stat.mineBlock.minecraft.nether_brick":4,"stat.mineBlock.betteranimalsplus.boarhead_4":1,"stat.pickup.tombstone.lost_tablet":5,"stat.craftItem.minecraft.stick":48,"stat.drop.minecraft.potion":3,"stat.useItem.minecraft.stone_slab":10,"stat.craftItem.minecraft.stone":4,"stat.mineBlock.minecraft.crafting_table":1,"stat.useItem.minecraft.diamond_pickaxe":1176,"stat.mineBlock.minecraft.quartz_block":48,"stat.drop.minecraft.golden_apple":3,"stat.pickup.minecraft.diamond_chestplate":1,"stat.mineBlock.minecraft.planks":478,"stat.drop":174,"stat.killEntity.Sheep":3,"stat.craftItem.minecraft.diamond_pickaxe":1,"stat.useItem.simpleores.mythril_pickaxe":334,"stat.pickup.minecraft.gravel":15,"stat.drop.minecraft.cooked_beef":5,"stat.useItem.minecraft.diamond_axe":787,"stat.useItem.minecraft.waterlily":1,"stat.drop.travelersbackpack.sleeping_bag_bottom":1,"stat.drop.minecraft.cooked_porkchop":16,"stat.pickup.minecraft.diamond_sword":2,"stat.pickup.minecraft.fence":4,"stat.useItem.minecraft.stone_axe":5,"stat.pickup.minecraft.spider_eye":12,"stat.craftItem.simpleores.onyx_pickaxe":1,"stat.pickup.minecraft.iron_ore":40,"stat.boatOneCm":36499,"stat.mineBlock.minecraft.iron_bars":1,"stat.craftItem.minecraft.flint_and_steel":1,"stat.useItem.simpleores.mythril_sword":568,"stat.mineBlock.minecraft.leaves2":2,"stat.pickup.xlfoodmod.tomato_seeds":2,"stat.pickup.minecraft.leather":21,"stat.pickup.cfm.item_kebab":1,"stat.mineBlock.minecraft.furnace":3,"tombstone:undead_killed":315,"stat.useItem.tombstone.grave_key":2,"stat.pickup.minecraft.oak_stairs":21,"stat.damageDealt":101765,"stat.sleepInBed":3,"stat.mineBlock.minecraft.nether_brick_stairs":2,"stat.killEntity.Cow":7,"stat.killEntity.Pig":183,"stat.pickup.minecraft.boat":8,"stat.walkOneCm":4187761,"stat.playerKills":2,"stat.pickup.minecraft.stick":6,"tombstone:exorcism":1,"stat.craftItem.minecraft.diamond_boots":1,"stat.pickup.minecraft.stone":147,"stat.pickup.minecraft.gold_ingot":2,"stat.killEntity.Skeleton":79,"stat.mineBlock.minecraft.cactus":8,"stat.useItem.simpleores.onyx_bow":45,"stat.killEntity.Chicken":1,"stat.killEntity.Spider":43,"stat.mineBlock.minecraft.quartz_ore":1512,"stat.pickup.minecraft.quartz":2790,"stat.craftItem.minecraft.fence":9,"stat.craftItem.cfm.trampoline":1,"stat.useItem.minecraft.golden_apple":2,"stat.mineBlock.minecraft.leaves":129,"stat.mineBlock.minecraft.redstone_ore":14,"stat.useItem.minecraft.map":2,"stat.mineBlock.minecraft.stone":1250}