{"stat.useItem.minecraft.quartz_block":481,"stat.pickup.minecraft.wooden_slab":46,"stat.pickup.betteranimalsplus.antler":2,"stat.leaveGame":38,"stat.killEntity.betteranimalsplus.goat":2,"stat.pickup.betteranimalsplus.goose_egg":1,"stat.craftItem.minecraft.iron_axe":1,"stat.pickup.tombstone.familiar_stone":7,"stat.killEntity.Blaze":18,"stat.craftItem.minecraft.ender_eye":2,"stat.killEntity.PigZombie":29,"stat.pickup.minecraft.fishing_rod":2,"stat.useItem.minecraft.planks":640,"stat.useItem.tombstone.familiar_stone":5,"stat.pickup.simpleores.adamantium_ore":301,"stat.mineBlock.minecraft.web":4,"stat.pickup.minecraft.porkchop":546,"stat.drop.minecraft.wooden_door":1,"stat.pickup.simpleores.onyx_sword":2,"stat.useItem.minecraft.water_bucket":499,"stat.pickup.minecraft.rotten_flesh":188,"stat.craftItem.minecraft.golden_apple":9,"stat.pickup.minecraft.sand":65,"stat.killEntity.betteranimalsplus.fox":1,"stat.drop.minecraft.leather_boots":2,"stat.pickup.minecraft.name_tag":1,"stat.killEntity.Enderman":19,"stat.craftItem.tombstone.ankh_of_pray":1,"stat.mineBlock.minecraft.wooden_slab":42,"stat.pickup.minecraft.leather_boots":2,"stat.killEntity.betteranimalsplus.brownbear":1,"stat.mineBlock.minecraft.sand":94,"stat.killEntity.Witch":2,"stat.pickup.betteranimalsplus.eel_meat_raw":1,"stat.craftItem.minecraft.blaze_powder":20,"stat.pickup.xlfoodmod.lettuce":1,"stat.craftItem.simpleores.mythril_ingot":4,"stat.pickup.minecraft.double_plant":5,"stat.pickup.minecraft.ghast_tear":6,"stat.craftItem.simpleores.onyx_boots":1,"stat.useItem.minecraft.oak_stairs":52,"stat.furnaceInteraction":146,"stat.drop.minecraft.gravel":1,"stat.killEntity.ZombieVillager":5,"stat.pickup.xlfoodmod.lettuce_seeds":1,"stat.mineBlock.futuremc.cornflower":3,"stat.pickup.minecraft.nether_brick":9,"stat.drop.minecraft.red_flower":2,"stat.craftItem.simpleores.onyx_bow":1,"stat.pickup.minecraft.beef":16,"stat.craftItem.simpleores.onyx_rod":2,"stat.pickup.minecraft.furnace":3,"stat.craftItem.travelersbackpack.travelers_backpack":1,"stat.craftItem.futuremc.dye":1,"stat.useItem.minecraft.fence":9,"stat.pickup.minecraft.skull":1,"stat.pickup.tombstone.magic_scroll":14,"stat.pickup.minecraft.potion":5,"stat.mineBlock.simpleores.tin_ore":16,"stat.pickup.futuremc.lily_of_the_valley":7,"stat.mineBlock.minecraft.fence":4,"stat.useItem.minecraft.flint_and_steel":8,"stat.killEntity.betteranimalsplus.tarantula":1,"stat.pickup.xlfoodmod.salt":2,"stat.killEntity.Husk":1,"stat.killEntity.betteranimalsplus.zotzpyre":6,"stat.craftItem.simpleores.onyx_helmet":1,"stat.pickup.minecraft.emerald":14,"stat.pickup.minecraft.saddle":1,"stat.useItem.minecraft.dye":20,"stat.mineBlock.minecraft.soul_sand":27,"stat.mineBlock.minecraft.oak_stairs":21,"stat.deaths":15,"stat.pickup.xlfoodmod.pepper_seeds":2,"stat.pickup.minecraft.bowl":4,"stat.pickup.minecraft.egg":4,"stat.playOneMinute":1607855,"stat.pickup.minecraft.blaze_rod":10,"stat.drop.minecraft.chest":1,"stat.pickup.minecraft.iron_bars":1,"stat.drop.minecraft.torch":2,"stat.mineBlock.minecraft.tallgrass":39,"stat.pickup.minecraft.netherrack":719,"stat.fishCaught":124,"stat.chestOpened":140,"stat.useItem.minecraft.stone":1,"stat.mineBlock.minecraft.netherrack":810,"stat.pickup.minecraft.arrow":82,"stat.pickup.minecraft.waterlily":1,"stat.drop.simpleores.mythril_sword":2,"stat.killEntity.Ghast":13,"stat.pickup.betteranimalsplus.venisonraw":2,"stat.craftItem.minecraft.quartz_block":695,"stat.pickup.minecraft.gold_nugget":62,"stat.useItem.minecraft.experience_bottle":540,"stat.useItem.tombstone.fishing_rod_of_misadventure":87,"stat.fallOneCm":795559,"stat.drop.minecraft.stone":4,"stat.pickup.betteranimalsplus.bear_skin_brown":4,"stat.craftItem.minecraft.ender_chest":2,"stat.pickup.simpleores.tin_ore":16,"stat.drop.minecraft.dye":4,"stat.crouchOneCm":28393,"stat.pickup.minecraft.rail":1,"stat.craftItem.minecraft.chest":6,"stat.craftItem.minecraft.iron_ingot":6,"stat.craftItem.simpleores.onyx_chestplate":1,"stat.pickup.minecraft.red_mushroom":2,"stat.mineBlock.futuremc.lily_of_the_valley":2,"stat.craftingTableInteraction":4,"stat.pickup.simpleores.mythril_sword":2,"stat.mineBlock.minecraft.log2":50,"stat.pickup.minecraft.feather":2,"stat.drop.minecraft.bone":6,"stat.useItem.minecraft.furnace":4,"stat.pickup.cfm.trampoline":1,"stat.pickup.minecraft.dye":466,"stat.pickup.minecraft.planks":464,"stat.craftItem.minecraft.diamond_shovel":1,"stat.pickup.minecraft.wheat_seeds":19,"stat.mineBlock.simpleores.mythril_ore":33,"stat.mineBlock.minecraft.gravel":3,"stat.pickup.tombstone.scroll_of_knowledge":2,"stat.craftItem.minecraft.oak_stairs":40,"stat.mineBlock.minecraft.ender_chest":1,"stat.mineBlock.xlfoodmod.grass":1,"stat.mineBlock.minecraft.dirt":196,"stat.pickup.tombstone.voodoo_poppet":1,"stat.mineBlock.simpleores.copper_ore":8,"stat.mineBlock.minecraft.monster_egg":3,"stat.useItem.minecraft.torch":87,"stat.drop.minecraft.rotten_flesh":5,"stat.useItem.minecraft.cobblestone":487,"stat.mineBlock.minecraft.double_plant":1,"stat.craftItem.minecraft.boat":1,"stat.killEntity.LavaSlime":25,"stat.mineBlock.minecraft.emerald_ore":14,"stat.pickup.minecraft.log":297,"stat.craftItem.simpleores.mythril_bow":1,"stat.craftItem.simpleores.mythril_rod":2,"stat.killEntity.betteranimalsplus.coyote":20,"stat.useItem.minecraft.yellow_flower":1,"stat.craftItem.minecraft.gold_ingot":69,"stat.pickup.minecraft.chicken":1,"stat.pickup.minecraft.sapling":28,"stat.pickup.minecraft.wooden_door":6,"stat.pickup.minecraft.apple":8,"tombstone:cast_on_ally":1,"stat.drop.minecraft.bow":2,"stat.drop.minecraft.fish":61,"stat.craftItem.minecraft.planks":1008,"stat.pickup.futuremc.cornflower":3,"stat.drop.futuremc.cornflower":2,"stat.itemEnchanted":8,"stat.craftItem.simpleores.adamantium_pickaxe":1,"stat.killEntity.WitherSkeleton":6,"stat.craftItem.minecraft.fishing_rod":1,"stat.mineBlock.simpleores.adamantium_ore":301,"stat.useItem.betteranimalsplus.goose_egg":1,"stat.mineBlock.minecraft.log":332,"stat.craftItem.minecraft.wooden_door":9,"stat.pickup.minecraft.golden_sword":3,"stat.useItem.minecraft.wooden_door":6,"stat.pickup.minecraft.red_flower":6,"stat.sneakTime":15032,"stat.pickup.minecraft.wool":6,"stat.drop.tombstone.familiar_stone":1,"stat.drop.minecraft.bucket":1,"stat.pickup.minecraft.stone_slab":11,"stat.pickup.minecraft.yellow_flower":4,"stat.useItem.minecraft.fishing_rod":114,"stat.useItem.minecraft.web":11,"stat.craftItem.minecraft.diamond_chestplate":1,"stat.pickup.minecraft.tripwire_hook":7,"stat.pickup.minecraft.bone":75,"stat.craftItem.minecraft.diamond_leggings":1,"stat.horseOneCm":59766,"stat.useItem.minecraft.iron_axe":246,"stat.useItem.simpleores.onyx_pickaxe":2269,"stat.drop.minecraft.tripwire_hook":3,"stat.mineBlock.minecraft.cobblestone":152,"stat.pickup.minecraft.flint":1,"stat.craftItem.simpleores.onyx_leggings":1,"stat.mineBlock.minecraft.concrete":15,"stat.craftItem.minecraft.wool":11,"stat.useItem.minecraft.diamond_sword":385,"stat.craftItem.minecraft.diamond_helmet":1,"stat.swimOneCm":531236,"stat.climbOneCm":8297,"stat.pickup.minecraft.enchanted_book":3,"stat.pickup.minecraft.cooked_porkchop":2,"stat.enderchestOpened":9,"stat.useItem.minecraft.obsidian":15,"stat.useItem.minecraft.dirt":81,"stat.killEntity.betteranimalsplus.boar":5,"stat.useItem.minecraft.stone_slab2":85,"stat.pickup.minecraft.bow":3,"stat.craftItem.simpleores.onyx_sword":2,"stat.craftItem.minecraft.cooked_beef":20,"stat.pickup.simpleores.copper_ore":8,"stat.mineBlock.minecraft.obsidian":25,"stat.pickup.minecraft.cobblestone":830,"stat.craftItem.cfm.chair_oak":1,"stat.mineBlock.minecraft.carpet":1,"stat.pickup.futuremc.sweet_berries":2,"stat.flyOneCm":7451431,"stat.pickup.minecraft.soul_sand":22,"stat.pickup.minecraft.nether_brick_stairs":2,"stat.pickup.minecraft.fish":141,"stat.killEntity.betteranimalsplus.deer":1,"stat.drop.minecraft.wheat_seeds":5,"stat.craftItem.minecraft.wooden_slab":78,"stat.useItem.minecraft.cooked_beef":10,"stat.pickup.minecraft.cactus":15,"stat.pickup.minecraft.redstone":64,"stat.pickup.betteranimalsplus.wolf_pelt_black":8,"stat.mineBlock.minecraft.iron_ore":33,"stat.timeSinceDeath":838283,"stat.useItem.simpleores.onyx_sword":367,"stat.useItem.minecraft.wooden_slab":119,"stat.pickup.minecraft.mossy_cobblestone":6,"stat.useItem.simpleores.mythril_bow":57,"stat.pickup.travelersbackpack.travelers_backpack":7,"stat.useItem.minecraft.potato":1,"stat.pickup.minecraft.nether_wart":40,"stat.pickup.minecraft.stonebrick":2,"stat.pickup.xlfoodmod.cucumber_seeds":6,"stat.useItem.minecraft.cooked_porkchop":221,"stat.pickup.minecraft.carpet":1,"stat.mineBlock.minecraft.coal_ore":42,"stat.mineBlock.minecraft.nether_brick":4,"stat.killEntity.Creeper":16,"stat.pickup.minecraft.shield":1,"stat.talkedToVillager":23,"stat.pickup.minecraft.string":47,"stat.pickup.tombstone.crafting_ingredient":45,"stat.useItem.minecraft.milk_bucket":2,"stat.useItem.minecraft.written_book":1,"stat.pickup.minecraft.birch_stairs":2,"stat.pickup.tombstone.lost_tablet":5,"stat.sprintOneCm":4059221,"stat.useItem.minecraft.diamond_shovel":68,"stat.mineBlock.minecraft.stone_slab":10,"stat.drop.minecraft.leather":4,"stat.craftItem.minecraft.stick":48,"stat.drop.minecraft.potion":3,"stat.useItem.tombstone.magic_scroll":2,"stat.useItem.minecraft.stone_slab":10,"stat.craftItem.minecraft.stone":4,"stat.mineBlock.minecraft.diamond_ore":104,"stat.pickup.simpleores.onyx_gem":197,"stat.useItem.betteranimalsplus.pheasant_egg":2,"stat.mineBlock.minecraft.crafting_table":1,"stat.useItem.minecraft.diamond_pickaxe":1176,"stat.mineBlock.minecraft.quartz_block":48,"stat.drop.minecraft.golden_apple":3,"stat.pickup.minecraft.sugar":2,"stat.mineBlock.minecraft.planks":478,"stat.drop":162,"stat.killEntity.Sheep":3,"stat.craftItem.minecraft.diamond_pickaxe":1,"stat.killEntity.Zombie":180,"stat.craftItem.minecraft.dye":46,"stat.pickup.minecraft.snowball":4,"stat.mineBlock.xlfoodmod.rock_salt":2,"stat.craftItem.minecraft.diamond_axe":1,"stat.mineBlock.minecraft.gold_ore":254,"stat.diveOneCm":437510,"stat.useItem.simpleores.mythril_pickaxe":334,"stat.mineBlock.minecraft.mossy_cobblestone":6,"stat.mineBlock.simpleores.onyx_ore":112,"stat.pickup.minecraft.gravel":2,"stat.craftItem.minecraft.cooked_porkchop":285,"stat.drop.minecraft.cooked_beef":5,"stat.useItem.minecraft.diamond_axe":787,"stat.useItem.minecraft.waterlily":1,"stat.pickup.minecraft.obsidian":32,"stat.drop.travelersbackpack.sleeping_bag_bottom":1,"stat.drop.simpleores.adamantium_ore":20,"stat.drop.minecraft.cooked_porkchop":16,"stat.pickup.xlfoodmod.onion":2,"stat.pickup.minecraft.diamond_sword":1,"stat.craftItem.minecraft.diamond_sword":1,"stat.jump":28383,"stat.pickup.minecraft.fence":4,"stat.pickup.minecraft.coal":78,"stat.pickup.minecraft.iron_ingot":1,"stat.useItem.minecraft.stone_axe":5,"stat.pickup.minecraft.gunpowder":19,"stat.pickup.minecraft.spider_eye":11,"stat.craftItem.minecraft.torch":16,"stat.pickup.minecraft.dirt":235,"stat.craftItem.simpleores.onyx_pickaxe":1,"stat.pickup.minecraft.iron_ore":29,"stat.pickup.tombstone.fishing_rod_of_misadventure":2,"stat.boatOneCm":36499,"stat.pickup.minecraft.gold_ore":250,"stat.useItem.minecraft.sapling":4,"stat.mineBlock.minecraft.iron_bars":1,"stat.mineBlock.minecraft.lapis_ore":60,"stat.craftItem.minecraft.flint_and_steel":1,"stat.useItem.simpleores.mythril_sword":568,"stat.mineBlock.minecraft.leaves2":2,"stat.pickup.xlfoodmod.tomato_seeds":2,"stat.brewingstandInteraction":1,"stat.pickup.minecraft.leather":21,"stat.damageTaken":15932,"stat.pickup.cfm.item_kebab":1,"stat.mineBlock.minecraft.torch":43,"stat.mineBlock.minecraft.furnace":3,"stat.pickup.minecraft.written_book":1,"stat.mineBlock.minecraft.red_flower":3,"stat.pickup.minecraft.magma_cream":7,"stat.pickup.minecraft.log2":50,"tombstone:undead_killed":287,"stat.pickup.minecraft.concrete":15,"stat.useItem.tombstone.grave_key":2,"stat.pickup.minecraft.quartz_block":48,"stat.pickup.minecraft.potato":2,"stat.pickup.minecraft.oak_stairs":21,"stat.damageDealt":96165,"stat.sleepInBed":3,"stat.mineBlock.minecraft.nether_brick_stairs":2,"stat.killEntity.Silverfish":5,"stat.killEntity.Cow":7,"stat.killEntity.Pig":182,"stat.craftItem.minecraft.stone_slab":12,"stat.pickup.minecraft.boat":8,"stat.walkOneCm":3651866,"stat.playerKills":1,"stat.useItem.minecraft.chest":3,"stat.pickup.minecraft.stick":6,"stat.pickup.simpleores.mythril_ore":30,"stat.killEntity.betteranimalsplus.feralwolf":1,"stat.mineBlock.cfm.trampoline":1,"tombstone:exorcism":1,"stat.drop.minecraft.birch_stairs":2,"stat.craftItem.minecraft.diamond_boots":1,"stat.pickup.betteranimalsplus.pheasant_egg":2,"stat.useItem.tombstone.gift":3,"stat.useItem.simpleores.adamantium_pickaxe":955,"stat.pickup.minecraft.stone":126,"stat.pickup.minecraft.ender_pearl":21,"stat.drop.simpleores.onyx_sword":1,"stat.useItem.minecraft.netherrack":424,"stat.pickup.minecraft.gold_ingot":2,"stat.killEntity.Skeleton":66,"stat.craftItem.travelersbackpack.sleeping_bag_bottom":2,"stat.mineBlock.minecraft.cactus":8,"stat.mineBlock.minecraft.stonebrick":4,"stat.useItem.simpleores.onyx_bow":36,"stat.killEntity.Chicken":1,"stat.killEntity.Spider":39,"stat.mineBlock.minecraft.quartz_ore":1512,"stat.pickup.minecraft.dark_oak_stairs":2,"stat.killEntity.betteranimalsplus.lamprey":1,"stat.mobKills":657,"stat.pickup.minecraft.quartz":2790,"stat.craftItem.minecraft.fence":9,"stat.craftItem.cfm.trampoline":1,"stat.useItem.minecraft.golden_apple":2,"stat.useItem.minecraft.boat":8,"stat.pickup.minecraft.diamond":122,"stat.mineBlock.minecraft.leaves":129,"stat.useItem.minecraft.writable_book":1,"stat.drop.futuremc.lily_of_the_valley":2,"stat.pickup.minecraft.torch":91,"stat.mineBlock.minecraft.redstone_ore":14,"stat.mineBlock.minecraft.stone":1040}