{"stat.useItem.minecraft.quartz_block":280,"stat.pickup.minecraft.wooden_slab":46,"stat.pickup.betteranimalsplus.antler":2,"stat.leaveGame":31,"stat.killEntity.betteranimalsplus.goat":2,"stat.pickup.betteranimalsplus.goose_egg":1,"stat.craftItem.minecraft.iron_axe":1,"stat.pickup.tombstone.familiar_stone":5,"stat.killEntity.Blaze":18,"stat.killEntity.PigZombie":29,"stat.useItem.minecraft.planks":620,"stat.useItem.tombstone.familiar_stone":5,"stat.pickup.simpleores.adamantium_ore":212,"stat.mineBlock.minecraft.web":4,"stat.pickup.minecraft.porkchop":510,"stat.drop.minecraft.wooden_door":1,"stat.pickup.simpleores.onyx_sword":1,"stat.useItem.minecraft.water_bucket":400,"stat.pickup.minecraft.rotten_flesh":143,"stat.craftItem.minecraft.golden_apple":8,"stat.pickup.minecraft.sand":65,"stat.killEntity.betteranimalsplus.fox":1,"stat.killEntity.Enderman":14,"stat.mineBlock.minecraft.wooden_slab":42,"stat.killEntity.betteranimalsplus.brownbear":1,"stat.mineBlock.minecraft.sand":94,"stat.killEntity.Witch":2,"stat.pickup.betteranimalsplus.eel_meat_raw":1,"stat.craftItem.minecraft.blaze_powder":20,"stat.pickup.xlfoodmod.lettuce":1,"stat.craftItem.simpleores.mythril_ingot":4,"stat.pickup.minecraft.double_plant":5,"stat.pickup.minecraft.ghast_tear":5,"stat.craftItem.simpleores.onyx_boots":1,"stat.useItem.minecraft.oak_stairs":52,"stat.furnaceInteraction":133,"stat.drop.minecraft.gravel":1,"stat.killEntity.ZombieVillager":4,"stat.pickup.xlfoodmod.lettuce_seeds":1,"stat.mineBlock.futuremc.cornflower":3,"stat.pickup.minecraft.nether_brick":9,"stat.drop.minecraft.red_flower":2,"stat.craftItem.simpleores.onyx_bow":1,"stat.pickup.minecraft.beef":16,"stat.craftItem.simpleores.onyx_rod":2,"stat.pickup.minecraft.furnace":3,"stat.craftItem.travelersbackpack.travelers_backpack":1,"stat.craftItem.futuremc.dye":1,"stat.useItem.minecraft.fence":9,"stat.pickup.minecraft.skull":1,"stat.pickup.tombstone.magic_scroll":11,"stat.pickup.minecraft.potion":1,"stat.mineBlock.simpleores.tin_ore":15,"stat.pickup.futuremc.lily_of_the_valley":2,"stat.mineBlock.minecraft.fence":4,"stat.useItem.minecraft.flint_and_steel":4,"stat.killEntity.betteranimalsplus.tarantula":1,"stat.pickup.xlfoodmod.salt":2,"stat.killEntity.Husk":1,"stat.killEntity.betteranimalsplus.zotzpyre":5,"stat.craftItem.simpleores.onyx_helmet":1,"stat.pickup.minecraft.emerald":14,"stat.useItem.minecraft.dye":20,"stat.mineBlock.minecraft.soul_sand":27,"stat.mineBlock.minecraft.oak_stairs":21,"stat.deaths":15,"stat.pickup.minecraft.egg":4,"stat.playOneMinute":1210507,"stat.pickup.minecraft.blaze_rod":10,"stat.drop.minecraft.chest":1,"stat.drop.minecraft.torch":2,"stat.mineBlock.minecraft.tallgrass":35,"stat.pickup.minecraft.netherrack":521,"stat.chestOpened":80,"stat.useItem.minecraft.stone":1,"stat.mineBlock.minecraft.netherrack":583,"stat.pickup.minecraft.arrow":65,"stat.drop.simpleores.mythril_sword":2,"stat.killEntity.Ghast":9,"stat.pickup.betteranimalsplus.venisonraw":2,"stat.craftItem.minecraft.quartz_block":439,"stat.pickup.minecraft.gold_nugget":62,"stat.useItem.minecraft.experience_bottle":540,"stat.fallOneCm":632673,"stat.drop.minecraft.stone":4,"stat.pickup.betteranimalsplus.bear_skin_brown":2,"stat.pickup.simpleores.tin_ore":16,"stat.drop.minecraft.dye":4,"stat.crouchOneCm":26041,"stat.craftItem.minecraft.chest":5,"stat.craftItem.simpleores.onyx_chestplate":1,"stat.pickup.minecraft.red_mushroom":2,"stat.mineBlock.futuremc.lily_of_the_valley":2,"stat.craftingTableInteraction":3,"stat.pickup.simpleores.mythril_sword":2,"stat.mineBlock.minecraft.log2":50,"stat.pickup.minecraft.feather":2,"stat.drop.minecraft.bone":6,"stat.useItem.minecraft.furnace":4,"stat.pickup.cfm.trampoline":1,"stat.pickup.minecraft.dye":187,"stat.pickup.minecraft.planks":464,"stat.craftItem.minecraft.diamond_shovel":1,"stat.pickup.minecraft.wheat_seeds":18,"stat.mineBlock.simpleores.mythril_ore":33,"stat.mineBlock.minecraft.gravel":2,"stat.craftItem.minecraft.oak_stairs":40,"stat.mineBlock.xlfoodmod.grass":1,"stat.mineBlock.minecraft.dirt":167,"stat.mineBlock.simpleores.copper_ore":8,"stat.mineBlock.minecraft.monster_egg":3,"stat.useItem.minecraft.torch":75,"stat.useItem.minecraft.cobblestone":370,"stat.mineBlock.minecraft.double_plant":1,"stat.craftItem.minecraft.boat":1,"stat.killEntity.LavaSlime":25,"stat.mineBlock.minecraft.emerald_ore":14,"stat.pickup.minecraft.log":286,"stat.craftItem.simpleores.mythril_bow":1,"stat.craftItem.simpleores.mythril_rod":2,"stat.killEntity.betteranimalsplus.coyote":20,"stat.useItem.minecraft.yellow_flower":1,"stat.craftItem.minecraft.gold_ingot":69,"stat.pickup.minecraft.chicken":1,"stat.pickup.minecraft.sapling":28,"stat.pickup.minecraft.wooden_door":6,"stat.pickup.minecraft.apple":7,"tombstone:cast_on_ally":1,"stat.drop.minecraft.bow":2,"stat.craftItem.minecraft.planks":808,"stat.pickup.futuremc.cornflower":3,"stat.drop.futuremc.cornflower":2,"stat.itemEnchanted":7,"stat.craftItem.simpleores.adamantium_pickaxe":1,"stat.killEntity.WitherSkeleton":6,"stat.mineBlock.simpleores.adamantium_ore":212,"stat.useItem.betteranimalsplus.goose_egg":1,"stat.mineBlock.minecraft.log":321,"stat.craftItem.minecraft.wooden_door":9,"stat.pickup.minecraft.golden_sword":3,"stat.useItem.minecraft.wooden_door":6,"stat.pickup.minecraft.red_flower":6,"stat.sneakTime":14094,"stat.pickup.minecraft.wool":6,"stat.drop.tombstone.familiar_stone":1,"stat.pickup.minecraft.stone_slab":11,"stat.pickup.minecraft.yellow_flower":4,"stat.useItem.minecraft.web":11,"stat.craftItem.minecraft.diamond_chestplate":1,"stat.pickup.minecraft.bone":55,"stat.craftItem.minecraft.diamond_leggings":1,"stat.horseOneCm":59766,"stat.useItem.minecraft.iron_axe":246,"stat.useItem.simpleores.onyx_pickaxe":1103,"stat.mineBlock.minecraft.cobblestone":126,"stat.pickup.minecraft.flint":1,"stat.craftItem.simpleores.onyx_leggings":1,"stat.mineBlock.minecraft.concrete":15,"stat.craftItem.minecraft.wool":11,"stat.useItem.minecraft.diamond_sword":385,"stat.craftItem.minecraft.diamond_helmet":1,"stat.swimOneCm":392367,"stat.climbOneCm":2372,"stat.pickup.minecraft.cooked_porkchop":1,"stat.useItem.minecraft.obsidian":15,"stat.useItem.minecraft.dirt":36,"stat.killEntity.betteranimalsplus.boar":5,"stat.useItem.minecraft.stone_slab2":68,"stat.pickup.minecraft.bow":2,"stat.craftItem.simpleores.onyx_sword":1,"stat.craftItem.minecraft.cooked_beef":20,"stat.pickup.simpleores.copper_ore":8,"stat.mineBlock.minecraft.obsidian":17,"stat.pickup.minecraft.cobblestone":674,"stat.craftItem.cfm.chair_oak":1,"stat.pickup.futuremc.sweet_berries":2,"stat.flyOneCm":6254373,"stat.pickup.minecraft.soul_sand":22,"stat.pickup.minecraft.nether_brick_stairs":2,"stat.pickup.minecraft.fish":1,"stat.killEntity.betteranimalsplus.deer":1,"stat.drop.minecraft.wheat_seeds":5,"stat.craftItem.minecraft.wooden_slab":78,"stat.useItem.minecraft.cooked_beef":10,"stat.pickup.minecraft.cactus":15,"stat.pickup.minecraft.redstone":64,"stat.mineBlock.minecraft.iron_ore":33,"stat.timeSinceDeath":440935,"stat.useItem.simpleores.onyx_sword":252,"stat.useItem.minecraft.wooden_slab":119,"stat.pickup.minecraft.mossy_cobblestone":6,"stat.useItem.simpleores.mythril_bow":57,"stat.pickup.travelersbackpack.travelers_backpack":6,"stat.useItem.minecraft.potato":1,"stat.pickup.minecraft.nether_wart":40,"stat.pickup.minecraft.stonebrick":2,"stat.pickup.xlfoodmod.cucumber_seeds":2,"stat.useItem.minecraft.cooked_porkchop":181,"stat.mineBlock.minecraft.coal_ore":25,"stat.mineBlock.minecraft.nether_brick":4,"stat.killEntity.Creeper":10,"stat.pickup.minecraft.shield":1,"stat.pickup.minecraft.string":41,"stat.pickup.tombstone.crafting_ingredient":43,"stat.useItem.minecraft.milk_bucket":1,"stat.useItem.minecraft.written_book":1,"stat.pickup.minecraft.birch_stairs":2,"stat.sprintOneCm":3153541,"stat.useItem.minecraft.diamond_shovel":68,"stat.mineBlock.minecraft.stone_slab":10,"stat.craftItem.minecraft.stick":28,"stat.useItem.tombstone.magic_scroll":1,"stat.useItem.minecraft.stone_slab":10,"stat.craftItem.minecraft.stone":4,"stat.mineBlock.minecraft.diamond_ore":89,"stat.pickup.simpleores.onyx_gem":78,"stat.useItem.betteranimalsplus.pheasant_egg":2,"stat.mineBlock.minecraft.crafting_table":1,"stat.useItem.minecraft.diamond_pickaxe":1176,"stat.mineBlock.minecraft.quartz_block":40,"stat.drop.minecraft.golden_apple":3,"stat.pickup.minecraft.sugar":2,"stat.mineBlock.minecraft.planks":478,"stat.drop":83,"stat.killEntity.Sheep":3,"stat.craftItem.minecraft.diamond_pickaxe":1,"stat.killEntity.Zombie":155,"stat.craftItem.minecraft.dye":41,"stat.pickup.minecraft.snowball":4,"stat.mineBlock.xlfoodmod.rock_salt":2,"stat.craftItem.minecraft.diamond_axe":1,"stat.mineBlock.minecraft.gold_ore":185,"stat.diveOneCm":353537,"stat.useItem.simpleores.mythril_pickaxe":334,"stat.mineBlock.minecraft.mossy_cobblestone":6,"stat.mineBlock.simpleores.onyx_ore":55,"stat.pickup.minecraft.gravel":2,"stat.craftItem.minecraft.cooked_porkchop":221,"stat.drop.minecraft.cooked_beef":5,"stat.useItem.minecraft.diamond_axe":763,"stat.pickup.minecraft.obsidian":16,"stat.drop.travelersbackpack.sleeping_bag_bottom":1,"stat.drop.simpleores.adamantium_ore":20,"stat.drop.minecraft.cooked_porkchop":16,"stat.pickup.minecraft.diamond_sword":1,"stat.craftItem.minecraft.diamond_sword":1,"stat.jump":22183,"stat.pickup.minecraft.fence":4,"stat.pickup.minecraft.coal":36,"stat.useItem.minecraft.stone_axe":5,"stat.pickup.minecraft.gunpowder":9,"stat.pickup.minecraft.spider_eye":8,"stat.pickup.minecraft.dirt":150,"stat.craftItem.simpleores.onyx_pickaxe":1,"stat.pickup.minecraft.iron_ore":29,"stat.boatOneCm":28845,"stat.pickup.minecraft.gold_ore":184,"stat.useItem.minecraft.sapling":4,"stat.mineBlock.minecraft.lapis_ore":37,"stat.craftItem.minecraft.flint_and_steel":1,"stat.useItem.simpleores.mythril_sword":568,"stat.mineBlock.minecraft.leaves2":2,"stat.pickup.minecraft.leather":14,"stat.damageTaken":14757,"stat.pickup.cfm.item_kebab":1,"stat.mineBlock.minecraft.torch":34,"stat.mineBlock.minecraft.furnace":3,"stat.pickup.minecraft.written_book":1,"stat.mineBlock.minecraft.red_flower":3,"stat.pickup.minecraft.magma_cream":7,"stat.pickup.minecraft.log2":50,"tombstone:undead_killed":253,"stat.pickup.minecraft.concrete":15,"stat.useItem.tombstone.grave_key":2,"stat.pickup.minecraft.quartz_block":40,"stat.pickup.minecraft.potato":2,"stat.pickup.minecraft.oak_stairs":21,"stat.damageDealt":84949,"stat.sleepInBed":2,"stat.mineBlock.minecraft.nether_brick_stairs":2,"stat.killEntity.Silverfish":5,"stat.killEntity.Cow":7,"stat.killEntity.Pig":171,"stat.craftItem.minecraft.stone_slab":12,"stat.pickup.minecraft.boat":6,"stat.walkOneCm":2920066,"stat.playerKills":1,"stat.useItem.minecraft.chest":3,"stat.pickup.minecraft.stick":3,"stat.pickup.simpleores.mythril_ore":30,"stat.mineBlock.cfm.trampoline":1,"stat.drop.minecraft.birch_stairs":2,"stat.craftItem.minecraft.diamond_boots":1,"stat.pickup.betteranimalsplus.pheasant_egg":2,"stat.useItem.tombstone.gift":3,"stat.useItem.simpleores.adamantium_pickaxe":955,"stat.pickup.minecraft.stone":125,"stat.pickup.minecraft.ender_pearl":14,"stat.drop.simpleores.onyx_sword":1,"stat.useItem.minecraft.netherrack":365,"stat.pickup.minecraft.gold_ingot":2,"stat.killEntity.Skeleton":58,"stat.craftItem.travelersbackpack.sleeping_bag_bottom":2,"stat.mineBlock.minecraft.cactus":8,"stat.mineBlock.minecraft.stonebrick":4,"stat.useItem.simpleores.onyx_bow":26,"stat.killEntity.Chicken":1,"stat.killEntity.Spider":34,"stat.mineBlock.minecraft.quartz_ore":1038,"stat.pickup.minecraft.dark_oak_stairs":2,"stat.killEntity.betteranimalsplus.lamprey":1,"stat.mobKills":590,"stat.pickup.minecraft.quartz":1763,"stat.craftItem.minecraft.fence":9,"stat.craftItem.cfm.trampoline":1,"stat.useItem.minecraft.golden_apple":2,"stat.useItem.minecraft.boat":6,"stat.pickup.minecraft.diamond":88,"stat.mineBlock.minecraft.leaves":92,"stat.useItem.minecraft.writable_book":1,"stat.drop.futuremc.lily_of_the_valley":2,"stat.pickup.minecraft.torch":81,"stat.mineBlock.minecraft.redstone_ore":14,"stat.mineBlock.minecraft.stone":900}