{"stat.pickup.minecraft.bone":11,"stat.pickup.minecraft.wooden_slab":46,"stat.pickup.betteranimalsplus.antler":2,"stat.useItem.minecraft.iron_axe":246,"stat.leaveGame":25,"stat.mineBlock.minecraft.cobblestone":38,"stat.killEntity.betteranimalsplus.goat":1,"stat.pickup.betteranimalsplus.goose_egg":1,"stat.craftItem.minecraft.iron_axe":1,"stat.pickup.tombstone.familiar_stone":1,"stat.craftItem.minecraft.wool":2,"stat.swimOneCm":128083,"stat.useItem.minecraft.planks":537,"stat.climbOneCm":811,"stat.pickup.simpleores.adamantium_ore":36,"stat.mineBlock.minecraft.web":2,"stat.pickup.minecraft.porkchop":144,"stat.useItem.minecraft.dirt":19,"stat.killEntity.betteranimalsplus.boar":1,"stat.useItem.minecraft.stone_slab2":29,"stat.useItem.minecraft.water_bucket":146,"stat.pickup.minecraft.rotten_flesh":21,"stat.craftItem.minecraft.golden_apple":1,"stat.pickup.minecraft.sand":1,"stat.pickup.simpleores.copper_ore":6,"stat.killEntity.Enderman":2,"stat.pickup.minecraft.cobblestone":151,"stat.mineBlock.minecraft.wooden_slab":42,"stat.flyOneCm":3010055,"stat.mineBlock.minecraft.sand":30,"stat.killEntity.Witch":1,"stat.killEntity.betteranimalsplus.deer":1,"stat.drop.minecraft.wheat_seeds":4,"stat.craftItem.minecraft.wooden_slab":78,"stat.pickup.minecraft.redstone":42,"stat.mineBlock.minecraft.iron_ore":26,"stat.timeSinceDeath":406072,"stat.useItem.minecraft.wooden_slab":119,"stat.craftItem.simpleores.mythril_ingot":4,"stat.pickup.minecraft.double_plant":2,"stat.useItem.simpleores.mythril_bow":9,"stat.useItem.minecraft.oak_stairs":52,"stat.pickup.minecraft.stonebrick":2,"stat.furnaceInteraction":22,"stat.pickup.xlfoodmod.cucumber_seeds":2,"stat.useItem.minecraft.cooked_porkchop":57,"stat.killEntity.ZombieVillager":3,"stat.mineBlock.futuremc.cornflower":1,"stat.mineBlock.minecraft.coal_ore":3,"stat.killEntity.Creeper":4,"stat.drop.minecraft.red_flower":2,"stat.pickup.minecraft.string":13,"stat.pickup.minecraft.beef":9,"stat.pickup.minecraft.furnace":3,"stat.pickup.tombstone.crafting_ingredient":7,"stat.useItem.minecraft.milk_bucket":1,"stat.craftItem.travelersbackpack.travelers_backpack":1,"stat.useItem.minecraft.written_book":1,"stat.sprintOneCm":1090987,"stat.useItem.minecraft.fence":9,"stat.pickup.tombstone.magic_scroll":1,"stat.craftItem.minecraft.stick":20,"stat.pickup.minecraft.potion":1,"stat.mineBlock.simpleores.tin_ore":6,"stat.mineBlock.minecraft.diamond_ore":32,"stat.mineBlock.minecraft.fence":4,"stat.pickup.minecraft.emerald":8,"stat.pickup.minecraft.sugar":2,"stat.mineBlock.minecraft.oak_stairs":21,"stat.deaths":2,"stat.mineBlock.minecraft.planks":193,"stat.drop":10,"stat.pickup.minecraft.egg":3,"stat.playOneMinute":426911,"stat.killEntity.Sheep":3,"stat.killEntity.Zombie":36,"stat.drop.minecraft.chest":1,"stat.craftItem.minecraft.diamond_axe":1,"stat.mineBlock.minecraft.gold_ore":47,"stat.mineBlock.minecraft.tallgrass":18,"stat.diveOneCm":75397,"stat.chestOpened":10,"stat.useItem.simpleores.mythril_pickaxe":334,"stat.pickup.minecraft.arrow":17,"stat.craftItem.minecraft.cooked_porkchop":121,"stat.useItem.minecraft.diamond_axe":400,"stat.pickup.betteranimalsplus.venisonraw":2,"stat.jump":7947,"stat.pickup.minecraft.fence":4,"stat.pickup.minecraft.coal":3,"stat.useItem.minecraft.experience_bottle":149,"stat.fallOneCm":214553,"stat.pickup.simpleores.tin_ore":7,"stat.useItem.minecraft.stone_axe":5,"stat.crouchOneCm":3753,"stat.craftItem.minecraft.chest":1,"stat.pickup.minecraft.dirt":83,"stat.craftingTableInteraction":3,"stat.pickup.minecraft.iron_ore":25,"stat.pickup.minecraft.gold_ore":47,"stat.useItem.minecraft.sapling":4,"stat.mineBlock.minecraft.lapis_ore":5,"stat.useItem.simpleores.mythril_sword":351,"stat.pickup.minecraft.leather":10,"stat.damageTaken":2285,"stat.pickup.cfm.item_kebab":1,"stat.drop.minecraft.bone":2,"stat.mineBlock.minecraft.torch":3,"stat.mineBlock.minecraft.furnace":3,"stat.useItem.minecraft.furnace":4,"stat.pickup.minecraft.dye":31,"stat.pickup.minecraft.planks":188,"tombstone:undead_killed":55,"stat.pickup.minecraft.wheat_seeds":10,"stat.mineBlock.simpleores.mythril_ore":25,"stat.pickup.minecraft.oak_stairs":21,"stat.damageDealt":23273,"stat.killEntity.Silverfish":4,"stat.craftItem.minecraft.oak_stairs":40,"stat.killEntity.Cow":5,"stat.mineBlock.xlfoodmod.grass":1,"stat.mineBlock.minecraft.dirt":104,"stat.killEntity.Pig":71,"stat.mineBlock.simpleores.copper_ore":5,"stat.mineBlock.minecraft.monster_egg":1,"stat.walkOneCm":1109659,"stat.useItem.minecraft.torch":4,"stat.playerKills":1,"stat.pickup.minecraft.stick":3,"stat.pickup.simpleores.mythril_ore":23,"stat.useItem.minecraft.cobblestone":81,"stat.mineBlock.minecraft.double_plant":1,"stat.mineBlock.minecraft.emerald_ore":8,"stat.pickup.minecraft.log":280,"stat.craftItem.simpleores.mythril_bow":1,"stat.useItem.tombstone.gift":2,"stat.useItem.simpleores.adamantium_pickaxe":127,"stat.craftItem.simpleores.mythril_rod":2,"stat.killEntity.betteranimalsplus.coyote":2,"stat.pickup.minecraft.stone":37,"stat.pickup.minecraft.sapling":19,"stat.pickup.minecraft.ender_pearl":1,"stat.pickup.minecraft.wooden_door":4,"stat.pickup.minecraft.apple":4,"stat.killEntity.Skeleton":16,"stat.craftItem.travelersbackpack.sleeping_bag_bottom":1,"stat.mineBlock.minecraft.stonebrick":4,"stat.craftItem.minecraft.planks":744,"stat.pickup.futuremc.cornflower":1,"stat.killEntity.Spider":13,"stat.craftItem.simpleores.adamantium_pickaxe":1,"stat.mineBlock.simpleores.adamantium_ore":36,"stat.useItem.betteranimalsplus.goose_egg":1,"stat.mobKills":163,"stat.mineBlock.minecraft.log":315,"stat.craftItem.minecraft.wooden_door":6,"stat.craftItem.minecraft.fence":9,"stat.useItem.minecraft.wooden_door":5,"stat.pickup.minecraft.diamond":31,"stat.mineBlock.minecraft.leaves":76,"stat.useItem.minecraft.writable_book":1,"stat.pickup.minecraft.torch":5,"stat.pickup.minecraft.red_flower":2,"stat.mineBlock.minecraft.redstone_ore":9,"stat.sneakTime":5262,"stat.pickup.minecraft.wool":3,"stat.drop.tombstone.familiar_stone":1,"stat.mineBlock.minecraft.stone":203,"stat.useItem.minecraft.web":11}