{"stat.pickup.minecraft.bone":5,"stat.pickup.betteranimalsplus.antler":2,"stat.leaveGame":23,"stat.mineBlock.minecraft.cobblestone":10,"stat.killEntity.betteranimalsplus.goat":1,"stat.pickup.tombstone.familiar_stone":1,"stat.craftItem.minecraft.wool":2,"stat.swimOneCm":58444,"stat.pickup.simpleores.adamantium_ore":34,"stat.pickup.minecraft.porkchop":9,"stat.useItem.minecraft.stone_slab2":3,"stat.useItem.minecraft.water_bucket":59,"stat.pickup.minecraft.rotten_flesh":10,"stat.craftItem.minecraft.golden_apple":1,"stat.pickup.simpleores.copper_ore":6,"stat.killEntity.Enderman":1,"stat.pickup.minecraft.cobblestone":120,"stat.flyOneCm":1837284,"stat.killEntity.Witch":1,"stat.killEntity.betteranimalsplus.deer":1,"stat.pickup.minecraft.redstone":42,"stat.mineBlock.minecraft.iron_ore":4,"stat.timeSinceDeath":142848,"stat.craftItem.simpleores.mythril_ingot":4,"stat.pickup.minecraft.double_plant":2,"stat.useItem.simpleores.mythril_bow":7,"stat.furnaceInteraction":8,"stat.useItem.minecraft.cooked_porkchop":18,"stat.killEntity.ZombieVillager":1,"stat.mineBlock.futuremc.cornflower":1,"stat.mineBlock.minecraft.coal_ore":3,"stat.killEntity.Creeper":3,"stat.pickup.minecraft.string":8,"stat.pickup.minecraft.beef":7,"stat.pickup.tombstone.crafting_ingredient":3,"stat.useItem.minecraft.milk_bucket":1,"stat.craftItem.travelersbackpack.travelers_backpack":1,"stat.sprintOneCm":358262,"stat.pickup.tombstone.magic_scroll":1,"stat.pickup.minecraft.potion":1,"stat.mineBlock.simpleores.tin_ore":6,"stat.mineBlock.minecraft.diamond_ore":32,"stat.pickup.minecraft.emerald":8,"stat.pickup.minecraft.sugar":2,"stat.deaths":2,"stat.pickup.minecraft.egg":2,"stat.playOneMinute":163687,"stat.killEntity.Sheep":3,"stat.killEntity.Zombie":18,"stat.mineBlock.minecraft.gold_ore":41,"stat.mineBlock.minecraft.tallgrass":5,"stat.diveOneCm":42125,"stat.useItem.simpleores.mythril_pickaxe":334,"stat.pickup.minecraft.arrow":10,"stat.craftItem.minecraft.cooked_porkchop":8,"stat.pickup.betteranimalsplus.venisonraw":2,"stat.jump":2834,"stat.pickup.minecraft.coal":3,"stat.fallOneCm":80636,"stat.pickup.simpleores.tin_ore":7,"stat.useItem.minecraft.stone_axe":5,"stat.crouchOneCm":237,"stat.craftItem.minecraft.chest":1,"stat.pickup.minecraft.dirt":4,"stat.craftingTableInteraction":3,"stat.pickup.minecraft.iron_ore":3,"stat.pickup.minecraft.gold_ore":41,"stat.mineBlock.minecraft.lapis_ore":5,"stat.useItem.simpleores.mythril_sword":153,"stat.pickup.minecraft.leather":9,"stat.damageTaken":852,"stat.useItem.minecraft.furnace":1,"stat.pickup.minecraft.dye":31,"tombstone:undead_killed":28,"stat.pickup.minecraft.wheat_seeds":1,"stat.mineBlock.simpleores.mythril_ore":13,"stat.damageDealt":9589,"stat.killEntity.Silverfish":4,"stat.killEntity.Cow":4,"stat.mineBlock.minecraft.dirt":5,"stat.killEntity.Pig":5,"stat.mineBlock.simpleores.copper_ore":5,"stat.mineBlock.minecraft.monster_egg":1,"stat.walkOneCm":353339,"stat.useItem.minecraft.torch":1,"stat.pickup.minecraft.stick":3,"stat.pickup.simpleores.mythril_ore":11,"stat.useItem.minecraft.cobblestone":19,"stat.mineBlock.minecraft.emerald_ore":8,"stat.pickup.minecraft.log":5,"stat.craftItem.simpleores.mythril_bow":1,"stat.useItem.tombstone.gift":1,"stat.useItem.simpleores.adamantium_pickaxe":40,"stat.craftItem.simpleores.mythril_rod":2,"stat.pickup.minecraft.stone":37,"stat.killEntity.Skeleton":9,"stat.craftItem.travelersbackpack.sleeping_bag_bottom":1,"stat.craftItem.minecraft.planks":20,"stat.pickup.futuremc.cornflower":1,"stat.killEntity.Spider":7,"stat.craftItem.simpleores.adamantium_pickaxe":1,"stat.mineBlock.simpleores.adamantium_ore":34,"stat.mobKills":58,"stat.mineBlock.minecraft.log":5,"stat.pickup.minecraft.diamond":31,"stat.mineBlock.minecraft.leaves":2,"stat.mineBlock.minecraft.redstone_ore":9,"stat.sneakTime":3793,"stat.pickup.minecraft.wool":3,"stat.mineBlock.minecraft.stone":199}