{"stat.pickup.minecraft.bone":18,"stat.pickup.minecraft.wooden_slab":46,"stat.pickup.betteranimalsplus.antler":2,"stat.useItem.minecraft.iron_axe":246,"stat.leaveGame":25,"stat.mineBlock.minecraft.cobblestone":38,"stat.killEntity.betteranimalsplus.goat":1,"stat.pickup.betteranimalsplus.goose_egg":1,"stat.craftItem.minecraft.iron_axe":1,"stat.pickup.tombstone.familiar_stone":1,"stat.craftItem.minecraft.wool":2,"stat.swimOneCm":183044,"stat.useItem.minecraft.planks":564,"stat.climbOneCm":811,"stat.pickup.simpleores.adamantium_ore":108,"stat.mineBlock.minecraft.web":4,"stat.pickup.minecraft.porkchop":144,"stat.useItem.minecraft.dirt":19,"stat.killEntity.betteranimalsplus.boar":1,"stat.useItem.minecraft.stone_slab2":32,"stat.useItem.minecraft.water_bucket":203,"stat.pickup.minecraft.rotten_flesh":24,"stat.craftItem.minecraft.golden_apple":1,"stat.pickup.minecraft.sand":1,"stat.pickup.simpleores.copper_ore":6,"stat.killEntity.Enderman":5,"stat.pickup.minecraft.cobblestone":212,"stat.mineBlock.minecraft.wooden_slab":42,"stat.flyOneCm":3131929,"stat.mineBlock.minecraft.sand":30,"stat.killEntity.Witch":1,"stat.killEntity.betteranimalsplus.deer":1,"stat.drop.minecraft.wheat_seeds":4,"stat.craftItem.minecraft.wooden_slab":78,"stat.pickup.minecraft.redstone":47,"stat.mineBlock.minecraft.iron_ore":30,"stat.timeSinceDeath":453668,"stat.useItem.minecraft.wooden_slab":119,"stat.craftItem.simpleores.mythril_ingot":4,"stat.pickup.minecraft.double_plant":2,"stat.useItem.simpleores.mythril_bow":11,"stat.useItem.minecraft.oak_stairs":52,"stat.pickup.minecraft.stonebrick":2,"stat.furnaceInteraction":26,"stat.pickup.xlfoodmod.cucumber_seeds":2,"stat.useItem.minecraft.cooked_porkchop":67,"stat.killEntity.ZombieVillager":3,"stat.mineBlock.futuremc.cornflower":1,"stat.mineBlock.minecraft.coal_ore":5,"stat.killEntity.Creeper":4,"stat.drop.minecraft.red_flower":2,"stat.pickup.minecraft.string":17,"stat.pickup.minecraft.beef":9,"stat.pickup.minecraft.furnace":3,"stat.pickup.tombstone.crafting_ingredient":12,"stat.useItem.minecraft.milk_bucket":1,"stat.craftItem.travelersbackpack.travelers_backpack":1,"stat.useItem.minecraft.written_book":1,"stat.sprintOneCm":1190762,"stat.useItem.minecraft.fence":9,"stat.pickup.tombstone.magic_scroll":2,"stat.craftItem.minecraft.stick":20,"stat.pickup.minecraft.potion":1,"stat.mineBlock.simpleores.tin_ore":10,"stat.mineBlock.minecraft.diamond_ore":61,"stat.mineBlock.minecraft.fence":4,"stat.mineBlock.minecraft.crafting_table":1,"stat.killEntity.betteranimalsplus.zotzpyre":1,"stat.pickup.minecraft.emerald":8,"stat.useItem.minecraft.dye":20,"stat.pickup.minecraft.sugar":2,"stat.mineBlock.minecraft.oak_stairs":21,"stat.deaths":2,"stat.mineBlock.minecraft.planks":195,"stat.drop":43,"stat.pickup.minecraft.egg":3,"stat.playOneMinute":474507,"stat.killEntity.Sheep":3,"stat.killEntity.Zombie":44,"stat.drop.minecraft.chest":1,"stat.craftItem.minecraft.dye":21,"stat.mineBlock.xlfoodmod.rock_salt":1,"stat.craftItem.minecraft.diamond_axe":1,"stat.mineBlock.minecraft.gold_ore":82,"stat.mineBlock.minecraft.tallgrass":18,"stat.diveOneCm":100559,"stat.chestOpened":15,"stat.useItem.simpleores.mythril_pickaxe":334,"stat.pickup.minecraft.gravel":1,"stat.pickup.minecraft.arrow":21,"stat.craftItem.minecraft.cooked_porkchop":121,"stat.useItem.minecraft.diamond_axe":404,"stat.drop.simpleores.mythril_sword":1,"stat.pickup.betteranimalsplus.venisonraw":2,"stat.drop.simpleores.adamantium_ore":20,"stat.drop.minecraft.cooked_porkchop":12,"stat.jump":8781,"stat.pickup.minecraft.fence":4,"stat.pickup.minecraft.coal":5,"stat.useItem.minecraft.experience_bottle":149,"stat.fallOneCm":226175,"stat.pickup.simpleores.tin_ore":11,"stat.useItem.minecraft.stone_axe":5,"stat.crouchOneCm":3891,"stat.craftItem.minecraft.chest":1,"stat.pickup.minecraft.dirt":83,"stat.craftingTableInteraction":3,"stat.pickup.minecraft.iron_ore":29,"stat.pickup.minecraft.gold_ore":80,"stat.useItem.minecraft.sapling":4,"stat.mineBlock.minecraft.lapis_ore":14,"stat.pickup.simpleores.mythril_sword":1,"stat.useItem.simpleores.mythril_sword":417,"stat.pickup.minecraft.leather":10,"stat.damageTaken":2954,"stat.pickup.cfm.item_kebab":1,"stat.drop.minecraft.bone":2,"stat.mineBlock.minecraft.torch":12,"stat.mineBlock.minecraft.furnace":3,"stat.pickup.minecraft.written_book":1,"stat.useItem.minecraft.furnace":4,"stat.pickup.minecraft.dye":60,"stat.pickup.minecraft.planks":192,"tombstone:undead_killed":68,"stat.pickup.minecraft.wheat_seeds":10,"stat.mineBlock.simpleores.mythril_ore":31,"stat.pickup.minecraft.oak_stairs":21,"stat.mineBlock.minecraft.gravel":1,"stat.damageDealt":27251,"stat.killEntity.Silverfish":4,"stat.craftItem.minecraft.oak_stairs":40,"stat.killEntity.Cow":5,"stat.mineBlock.xlfoodmod.grass":1,"stat.mineBlock.minecraft.dirt":116,"stat.killEntity.Pig":71,"stat.mineBlock.simpleores.copper_ore":6,"stat.mineBlock.minecraft.monster_egg":1,"stat.walkOneCm":1266090,"stat.useItem.minecraft.torch":14,"stat.playerKills":1,"stat.pickup.minecraft.stick":3,"stat.pickup.simpleores.mythril_ore":28,"stat.useItem.minecraft.cobblestone":81,"stat.mineBlock.minecraft.double_plant":1,"stat.mineBlock.minecraft.emerald_ore":8,"stat.pickup.minecraft.log":280,"stat.craftItem.simpleores.mythril_bow":1,"stat.useItem.tombstone.gift":2,"stat.useItem.simpleores.adamantium_pickaxe":464,"stat.craftItem.simpleores.mythril_rod":2,"stat.killEntity.betteranimalsplus.coyote":2,"stat.pickup.minecraft.stone":63,"stat.pickup.minecraft.sapling":19,"stat.pickup.minecraft.ender_pearl":2,"stat.pickup.minecraft.wooden_door":4,"stat.pickup.minecraft.apple":4,"stat.killEntity.Skeleton":21,"stat.craftItem.travelersbackpack.sleeping_bag_bottom":1,"stat.mineBlock.minecraft.stonebrick":4,"stat.craftItem.minecraft.planks":744,"stat.pickup.futuremc.cornflower":1,"stat.killEntity.Spider":15,"stat.craftItem.simpleores.adamantium_pickaxe":1,"stat.pickup.minecraft.dark_oak_stairs":2,"stat.mineBlock.simpleores.adamantium_ore":108,"stat.useItem.betteranimalsplus.goose_egg":1,"stat.mobKills":182,"stat.mineBlock.minecraft.log":315,"stat.craftItem.minecraft.wooden_door":6,"stat.craftItem.minecraft.fence":9,"stat.useItem.minecraft.wooden_door":5,"stat.pickup.minecraft.diamond":60,"stat.mineBlock.minecraft.leaves":76,"stat.useItem.minecraft.writable_book":1,"stat.pickup.minecraft.torch":15,"stat.pickup.minecraft.red_flower":2,"stat.mineBlock.minecraft.redstone_ore":10,"stat.sneakTime":5341,"stat.pickup.minecraft.wool":3,"stat.drop.tombstone.familiar_stone":1,"stat.mineBlock.minecraft.stone":364,"stat.useItem.minecraft.web":11}