{"stat.pickup.minecraft.bone":3,"stat.leaveGame":5,"stat.mineBlock.minecraft.cobblestone":16,"stat.pickup.minecraft.stone_pickaxe":1,"stat.mineBlock.minecraft.yellow_flower":2,"stat.useItem.simpleores.copper_ore":3,"stat.useItem.minecraft.mutton":1,"stat.swimOneCm":8240,"stat.useItem.minecraft.planks":115,"stat.pickup.simpleores.adamantium_ore":8,"stat.pickup.minecraft.porkchop":7,"stat.useItem.minecraft.dirt":96,"stat.craftItem.xlfoodmod.flesh":2,"stat.useItem.minecraft.stone_slab2":23,"stat.pickup.minecraft.iron_boots":1,"stat.useItem.simpleores.adamantium_shovel":501,"stat.pickup.minecraft.rotten_flesh":2,"stat.pickup.minecraft.sand":1,"stat.craftItem.minecraft.furnace":1,"stat.entityKilledBy.Spider":2,"stat.craftItem.minecraft.stone_axe":1,"stat.craftItem.minecraft.iron_boots":1,"stat.craftItem.minecraft.stone_pickaxe":2,"stat.pickup.simpleores.copper_ore":16,"stat.pickup.minecraft.cobblestone":148,"stat.craftItem.minecraft.stone_sword":2,"stat.flyOneCm":70302,"stat.mineBlock.minecraft.sand":1,"stat.useItem.minecraft.cooked_beef":8,"stat.craftItem.minecraft.wooden_hoe":2,"stat.drop.simpleores.adamantium_shovel":1,"stat.mineBlock.minecraft.iron_ore":4,"stat.pickup.xlfoodmod.strawberry_seeds":1,"stat.timeSinceDeath":103315,"stat.useItem.minecraft.iron_pickaxe":110,"stat.craftItem.minecraft.wooden_pickaxe":2,"stat.mineBlock.xlfoodmod.vanilla_flower":3,"stat.pickup.minecraft.mutton":3,"stat.pickup.minecraft.double_plant":2,"stat.craftItem.minecraft.stonebrick":20,"stat.pickup.minecraft.wooden_axe":4,"stat.pickup.minecraft.dark_oak_door":2,"stat.pickup.minecraft.stonebrick":164,"stat.pickup.xlfoodmod.cucumber_seeds":1,"stat.furnaceInteraction":20,"stat.mineBlock.futuremc.cornflower":1,"stat.mineBlock.minecraft.coal_ore":16,"stat.craftItem.minecraft.stone_hoe":1,"stat.pickup.minecraft.wooden_sword":4,"stat.pickup.minecraft.string":2,"stat.pickup.minecraft.furnace":3,"stat.useItem.minecraft.cooked_mutton":2,"stat.pickup.tombstone.crafting_ingredient":1,"stat.entityKilledBy.Skeleton":1,"stat.sprintOneCm":227629,"stat.pickup.xlfoodmod.vanilla_flower":4,"stat.pickup.minecraft.iron_chestplate":1,"stat.killEntity.betteranimalsplus.pheasant":1,"stat.pickup.simpleores.adamantium_shovel":2,"stat.craftItem.minecraft.stick":36,"stat.craftItem.minecraft.wooden_axe":2,"stat.craftItem.minecraft.stone":18,"stat.mineBlock.simpleores.tin_ore":5,"stat.useItem.minecraft.wheat_seeds":2,"stat.mineBlock.minecraft.crafting_table":6,"stat.pickup.xlfoodmod.salt":6,"stat.deaths":6,"stat.pickup.xlfoodmod.pepper_seeds":2,"stat.mineBlock.minecraft.planks":5,"stat.drop":3,"stat.pickup.minecraft.egg":1,"stat.playOneMinute":200915,"stat.useItem.minecraft.wooden_sword":52,"stat.killEntity.Sheep":1,"stat.pickup.tombstone.grave_key":1,"stat.craftItem.minecraft.iron_pickaxe":1,"stat.killEntity.Zombie":3,"stat.mineBlock.xlfoodmod.rock_salt":2,"stat.mineBlock.minecraft.tallgrass":162,"stat.craftItem.minecraft.cooked_mutton":4,"stat.diveOneCm":3148,"stat.chestOpened":22,"stat.useItem.minecraft.stone":14,"stat.pickup.minecraft.arrow":3,"stat.useItem.minecraft.apple":1,"stat.useItem.minecraft.porkchop":3,"stat.drop.minecraft.iron_pickaxe":1,"stat.jump":2268,"stat.pickup.minecraft.iron_helmet":1,"stat.pickup.minecraft.coal":19,"stat.fallOneCm":46126,"stat.pickup.minecraft.iron_ingot":38,"stat.pickup.simpleores.tin_ore":5,"stat.drop.minecraft.stone_sword":1,"stat.crouchOneCm":5566,"stat.craftItem.minecraft.torch":12,"stat.pickup.minecraft.dirt":1267,"stat.craftItem.minecraft.iron_helmet":1,"stat.craftingTableInteraction":23,"stat.pickup.minecraft.iron_ore":4,"stat.pickup.minecraft.gold_ore":6,"stat.pickup.minecraft.wooden_pickaxe":4,"stat.mineBlock.minecraft.log2":1,"stat.damageTaken":2606,"stat.pickup.minecraft.feather":1,"stat.craftItem.minecraft.wooden_button":2,"stat.mineBlock.minecraft.torch":18,"stat.mineBlock.minecraft.furnace":3,"stat.useItem.minecraft.wooden_pickaxe":91,"stat.craftItem.betteranimalsplus.pheasantcooked":3,"stat.craftItem.minecraft.wooden_sword":2,"stat.pickup.minecraft.log2":1,"stat.pickup.minecraft.planks":13,"stat.pickup.minecraft.iron_leggings":1,"tombstone:undead_killed":4,"stat.pickup.minecraft.wheat_seeds":35,"stat.pickup.xlfoodmod.rice_seeds":1,"stat.entityKilledBy.Zombie":2,"stat.useItem.minecraft.stone_pickaxe":121,"stat.useItem.minecraft.stone_sword":78,"stat.craftItem.minecraft.iron_leggings":1,"stat.damageDealt":2794,"stat.mineBlock.xlfoodmod.grass":2,"stat.mineBlock.minecraft.dirt":500,"stat.useItem.minecraft.crafting_table":2,"stat.killEntity.Pig":3,"stat.craftItem.minecraft.iron_sword":1,"stat.pickup.simpleores.adamantium_ingot":3,"stat.mineBlock.simpleores.copper_ore":17,"stat.walkOneCm":771920,"stat.useItem.minecraft.torch":25,"stat.pickup.minecraft.crafting_table":6,"stat.useItem.minecraft.cobblestone":14,"stat.craftItem.minecraft.crafting_table":4,"stat.mineBlock.minecraft.double_plant":5,"stat.useItem.xlfoodmod.flesh":2,"stat.pickup.minecraft.log":32,"stat.pickup.minecraft.iron_pickaxe":1,"stat.pickup.minecraft.stone":40,"stat.craftItem.minecraft.iron_chestplate":1,"stat.pickup.minecraft.chicken":1,"stat.pickup.betteranimalsplus.pheasantraw":3,"stat.pickup.minecraft.sapling":2,"stat.pickup.minecraft.cooked_beef":16,"stat.pickup.minecraft.apple":1,"stat.killEntity.Skeleton":1,"stat.useItem.betteranimalsplus.pheasantcooked":3,"stat.mineBlock.minecraft.stonebrick":10,"stat.craftItem.minecraft.planks":280,"stat.useItem.minecraft.iron_sword":26,"stat.pickup.futuremc.cornflower":1,"stat.killEntity.Chicken":1,"stat.killEntity.Spider":1,"stat.pickup.minecraft.stone_sword":2,"stat.mobKills":14,"stat.useItem.minecraft.stonebrick":139,"stat.mineBlock.minecraft.log":33,"stat.mineBlock.minecraft.leaves":6,"stat.pickup.minecraft.torch":19,"stat.sneakTime":878,"stat.pickup.minecraft.wool":1,"stat.killEntity.betteranimalsplus.badger":1,"stat.useItem.minecraft.wooden_axe":15,"stat.pickup.minecraft.yellow_flower":2,"stat.mineBlock.minecraft.stone":154}