{"stat.useItem.minecraft.string":1,"stat.useItem.minecraft.bow":9,"stat.craftItem.betteranimalsplus.venisoncooked":6,"stat.craftItem.simpleores.mythril_pickaxe":1,"stat.leaveGame":20,"stat.killEntity.betteranimalsplus.goat":7,"stat.useItem.betteranimalsplus.venisoncooked":6,"stat.killEntity.Blaze":1,"stat.useItem.simpleores.copper_ore":3,"stat.useItem.minecraft.mutton":1,"stat.useItem.minecraft.planks":982,"stat.craftItem.minecraft.shield":1,"stat.pickup.simpleores.adamantium_ore":136,"stat.pickup.simpleores.adamantium_chestplate":1,"stat.pickup.minecraft.porkchop":11,"stat.pickup.simpleores.onyx_sword":2,"stat.pickup.minecraft.glass":61,"stat.craftItem.xlfoodmod.flesh":41,"stat.useItem.simpleores.adamantium_shovel":1627,"stat.useItem.minecraft.water_bucket":2,"stat.mineBlock.minecraft.stone_brick_stairs":10,"stat.pickup.minecraft.rotten_flesh":33,"stat.pickup.minecraft.sand":186,"stat.entityKilledBy.Spider":2,"stat.craftItem.minecraft.stone_axe":1,"stat.pickup.minecraft.name_tag":1,"stat.pickup.minecraft.leather_boots":4,"stat.craftItem.minecraft.stone_sword":2,"stat.mineBlock.minecraft.snow_layer":57,"stat.mineBlock.minecraft.sand":181,"stat.pickup.simpleores.adamantium_boots":2,"stat.pickup.simpleores.mythril_pickaxe":1,"stat.craftItem.minecraft.wooden_hoe":2,"stat.pickup.xlfoodmod.strawberry_seeds":8,"stat.useItem.minecraft.spider_eye":1,"stat.useItem.minecraft.iron_pickaxe":295,"stat.craftItem.securitycraft.reinforced_stone_button":8,"stat.craftItem.minecraft.wooden_pickaxe":2,"stat.craftItem.simpleores.adamantium_chestplate":1,"stat.pickup.simpleores.adamantium_axe":1,"stat.pickup.minecraft.double_plant":7,"stat.craftItem.minecraft.bed":1,"stat.craftItem.minecraft.glass_pane":16,"stat.furnaceInteraction":321,"stat.mineBlock.minecraft.dark_oak_stairs":80,"stat.killEntity.ZombieVillager":1,"stat.pickup.xlfoodmod.lettuce_seeds":1,"stat.mineBlock.futuremc.cornflower":4,"stat.useItem.minecraft.dark_oak_stairs":176,"stat.useItem.simpleores.adamantium_axe":133,"stat.pickup.minecraft.beef":9,"stat.pickup.minecraft.furnace":13,"stat.useItem.minecraft.cooked_mutton":21,"stat.useItem.minecraft.redstone":1,"stat.mineBlock.cfm.wreath":2,"stat.craftItem.travelersbackpack.travelers_backpack":2,"stat.pickup.xlfoodmod.vanilla_flower":8,"stat.pickup.minecraft.iron_chestplate":2,"stat.pickup.simpleores.adamantium_shovel":4,"stat.pickup.tombstone.magic_scroll":1,"stat.useItem.minecraft.dark_oak_door":2,"stat.pickup.tombstone.gift":1,"stat.pickup.minecraft.potion":2,"stat.mineBlock.simpleores.tin_ore":43,"stat.useItem.minecraft.wheat_seeds":2,"stat.pickup.xlfoodmod.salt":21,"stat.pickup.minecraft.saddle":1,"stat.pickup.minecraft.emerald":6,"stat.craftItem.securitycraft.laser_block":1,"stat.craftItem.minecraft.heavy_weighted_pressure_plate":1,"stat.deaths":20,"stat.pickup.xlfoodmod.pepper_seeds":6,"stat.killEntity.betteranimalsplus.songbird":1,"stat.craftItem.futuremc.blast_furnace":3,"stat.pickup.minecraft.egg":3,"stat.playOneMinute":1316010,"stat.craftItem.minecraft.item_frame":1,"stat.pickup.minecraft.blaze_rod":2,"stat.craftItem.minecraft.iron_pickaxe":2,"stat.craftItem.securitycraft.keypad_item":1,"stat.craftItem.simpleores.adamantium_leggings":2,"stat.pickup.minecraft.glass_pane":11,"stat.pickup.minecraft.item_frame":2,"stat.pickup.securitycraft.camera_monitor":3,"stat.useItem.securitycraft.camera_monitor":3,"stat.mineBlock.minecraft.tallgrass":257,"stat.craftItem.minecraft.cooked_mutton":20,"stat.pickup.minecraft.netherrack":54,"stat.craftItem.simpleores.adamantium_axe":2,"stat.pickup.minecraft.cooked_mutton":3,"stat.chestOpened":499,"stat.useItem.minecraft.fish":1,"stat.useItem.minecraft.stone":108,"stat.mineBlock.minecraft.netherrack":31,"stat.pickup.minecraft.arrow":13,"stat.pickup.minecraft.iron_sword":2,"stat.craftItem.betteranimalsplus.fried_egg":4,"stat.craftItem.minecraft.dark_oak_stairs":146,"stat.pickup.simpleores.adamantium_helmet":3,"stat.craftItem.simpleores.adamantium_boots":3,"stat.drop.minecraft.iron_pickaxe":1,"stat.fallOneCm":227392,"stat.drop.minecraft.stone":7,"stat.pickup.simpleores.tin_ore":70,"stat.pickup.minecraft.carrot":164,"stat.drop.minecraft.stone_sword":1,"stat.crouchOneCm":9199,"stat.mineBlock.minecraft.chest":15,"stat.craftItem.minecraft.chest":6,"stat.pickup.simpleores.adamantium_sword":7,"stat.craftItem.minecraft.iron_ingot":139,"stat.drop.simpleores.adamantium_pickaxe":1,"stat.craftingTableInteraction":212,"stat.craftItem.simpleores.mythril_shovel":1,"stat.pickup.simpleores.mythril_sword":1,"stat.pickup.minecraft.wooden_pickaxe":5,"stat.mineBlock.minecraft.log2":123,"stat.pickup.minecraft.feather":11,"stat.craftItem.minecraft.wooden_button":2,"stat.useItem.minecraft.furnace":5,"stat.craftItem.minecraft.wooden_sword":2,"stat.pickup.minecraft.planks":303,"stat.drop.simpleores.adamantium_sword":6,"stat.pickup.minecraft.iron_leggings":3,"stat.pickup.minecraft.wheat_seeds":330,"stat.mineBlock.simpleores.mythril_ore":36,"stat.mineBlock.minecraft.gravel":33,"stat.useItem.minecraft.stone_pickaxe":121,"stat.mineBlock.minecraft.glass":2,"stat.useItem.minecraft.stone_sword":78,"stat.craftItem.minecraft.iron_leggings":1,"stat.mineBlock.xlfoodmod.grass":3,"stat.mineBlock.minecraft.dirt":1535,"stat.mineBlock.simpleores.copper_ore":101,"stat.useItem.minecraft.torch":183,"stat.drop.minecraft.stone_brick_stairs":1,"stat.craftItem.simpleores.adamantium_shovel":1,"stat.pickup.minecraft.crafting_table":16,"stat.useItem.minecraft.cobblestone":172,"stat.pickup.minecraft.magma":2,"stat.craftItem.minecraft.crafting_table":5,"stat.mineBlock.minecraft.double_plant":9,"stat.pickup.betteranimalsplus.pheasantcooked":1,"stat.useItem.xlfoodmod.flesh":40,"stat.pickup.minecraft.iron_hoe":2,"stat.mineBlock.minecraft.emerald_ore":4,"stat.pickup.minecraft.log":39,"stat.craftItem.simpleores.mythril_bow":2,"stat.pickup.securitycraft.reinforced_stone":7,"stat.craftItem.tombstone.dust_of_vanishing":1,"stat.pickup.minecraft.iron_pickaxe":2,"stat.craftItem.minecraft.stone_button":1,"stat.killEntity.betteranimalsplus.coyote":1,"stat.craftItem.simpleores.mythril_rod":4,"stat.pickup.futuremc.blast_furnace":1,"stat.craftItem.minecraft.gold_ingot":27,"stat.drop.minecraft.planks":1,"stat.pickup.minecraft.chicken":5,"stat.pickup.minecraft.sapling":9,"stat.pickup.minecraft.apple":1,"stat.useItem.betteranimalsplus.pheasantcooked":13,"stat.craftItem.minecraft.bucket":1,"stat.craftItem.minecraft.planks":1106,"stat.useItem.minecraft.iron_sword":58,"stat.pickup.futuremc.cornflower":12,"stat.craftItem.simpleores.adamantium_pickaxe":5,"stat.pickup.minecraft.stone_sword":5,"stat.mineBlock.simpleores.adamantium_ore":36,"stat.useItem.minecraft.stonebrick":782,"stat.mineBlock.minecraft.log":34,"stat.craftItem.xlfoodmod.fried_egg":2,"stat.craftItem.minecraft.cooked_chicken":8,"stat.pickup.minecraft.red_flower":10,"stat.sneakTime":1414,"stat.pickup.minecraft.wool":19,"stat.killEntity.betteranimalsplus.badger":4,"stat.useItem.minecraft.wooden_axe":15,"stat.pickup.minecraft.yellow_flower":2,"stat.pickup.minecraft.chest":14,"stat.craftItem.minecraft.diamond_chestplate":1,"stat.pickup.minecraft.bone":40,"stat.craftItem.minecraft.diamond_leggings":1,"stat.mineBlock.minecraft.cobblestone":37,"stat.useItem.minecraft.log2":47,"stat.pickup.minecraft.stone_pickaxe":1,"stat.mineBlock.minecraft.yellow_flower":3,"stat.craftItem.minecraft.stone_brick_stairs":4,"stat.pickup.simpleores.adamantium_leggings":1,"stat.useItem.xlfoodmod.fried_egg":2,"stat.craftItem.minecraft.wool":4,"stat.craftItem.minecraft.diamond_helmet":1,"stat.swimOneCm":135030,"stat.climbOneCm":5126,"stat.drop.minecraft.cobblestone":1,"stat.pickup.minecraft.cooked_porkchop":8,"stat.craftItem.minecraft.arrow":12,"stat.useItem.minecraft.dirt":811,"stat.killEntity.betteranimalsplus.boar":1,"stat.craftItem.simpleores.copper_ingot":6,"stat.useItem.minecraft.stone_slab2":160,"stat.craftItem.simpleores.adamantium_ingot":61,"stat.pickup.minecraft.bow":5,"stat.useItem.betteranimalsplus.fried_egg":4,"stat.pickup.minecraft.iron_boots":3,"stat.craftItem.minecraft.dark_oak_door":3,"stat.craftItem.simpleores.onyx_sword":1,"stat.craftItem.minecraft.furnace":5,"stat.craftItem.minecraft.iron_boots":1,"stat.craftItem.futuremc.smooth_stone":11,"stat.craftItem.minecraft.stone_pickaxe":2,"stat.craftItem.minecraft.cooked_beef":9,"stat.pickup.simpleores.copper_ore":104,"stat.pickup.minecraft.cobblestone":3556,"stat.craftItem.minecraft.bow":1,"stat.flyOneCm":586258,"stat.pickup.minecraft.fish":2,"stat.useItem.minecraft.cooked_beef":19,"stat.drop.simpleores.adamantium_shovel":1,"stat.pickup.minecraft.redstone":333,"stat.mineBlock.minecraft.iron_ore":113,"stat.craftItem.simpleores.adamantium_sword":1,"stat.timeSinceDeath":24577,"stat.pickup.securitycraft.keypad_item":3,"stat.useItem.simpleores.onyx_sword":202,"stat.mineBlock.xlfoodmod.vanilla_flower":4,"stat.pickup.minecraft.mutton":20,"stat.craftItem.minecraft.stonebrick":400,"stat.useItem.simpleores.mythril_bow":17,"stat.pickup.travelersbackpack.travelers_backpack":1,"stat.useItem.minecraft.potato":2,"stat.pickup.minecraft.wooden_axe":5,"stat.pickup.minecraft.dark_oak_door":5,"stat.pickup.minecraft.nether_wart":4,"stat.pickup.minecraft.stonebrick":498,"stat.pickup.simpleores.adamantium_pickaxe":6,"stat.pickup.xlfoodmod.cucumber_seeds":3,"stat.useItem.minecraft.cooked_porkchop":30,"stat.mineBlock.minecraft.coal_ore":393,"stat.killEntity.Creeper":4,"stat.craftItem.minecraft.stone_hoe":1,"stat.pickup.minecraft.wooden_sword":4,"stat.pickup.minecraft.string":40,"stat.pickup.simpleores.copper_ingot":22,"stat.pickup.tombstone.crafting_ingredient":20,"stat.entityKilledBy.Skeleton":3,"stat.pickup.simpleores.mythril_ingot":22,"stat.useItem.minecraft.written_book":1,"stat.mineBlock.futuremc.blast_furnace":1,"stat.sprintOneCm":2657175,"stat.killEntity.betteranimalsplus.pheasant":5,"stat.craftItem.minecraft.stick":80,"stat.craftItem.minecraft.wooden_axe":2,"stat.craftItem.minecraft.stone":440,"stat.mineBlock.minecraft.diamond_ore":12,"stat.mineBlock.minecraft.crafting_table":14,"tombstone:use_vanishing":1,"stat.craftItem.simpleores.adamantium_helmet":3,"stat.mineBlock.minecraft.planks":148,"stat.drop":15,"stat.useItem.minecraft.wooden_sword":52,"stat.pickup.minecraft.stone_button":2,"stat.killEntity.Sheep":3,"stat.pickup.tombstone.grave_key":1,"stat.pickup.cfm.wreath":2,"stat.killEntity.Zombie":32,"stat.pickup.minecraft.snowball":164,"stat.craftItem.minecraft.dye":5,"stat.mineBlock.xlfoodmod.rock_salt":6,"stat.mineBlock.minecraft.gold_ore":28,"stat.diveOneCm":129437,"stat.pickup.minecraft.wheat":158,"stat.useItem.simpleores.mythril_pickaxe":68,"stat.pickup.minecraft.gravel":36,"stat.craftItem.minecraft.cooked_porkchop":10,"stat.useItem.minecraft.apple":1,"stat.useItem.minecraft.porkchop":3,"stat.useItem.minecraft.rotten_flesh":7,"stat.pickup.minecraft.stone_brick_stairs":11,"stat.craftItem.travelersbackpack.backpack_tank":4,"stat.jump":11999,"stat.pickup.minecraft.iron_helmet":3,"stat.pickup.minecraft.coal":807,"stat.pickup.minecraft.iron_ingot":61,"stat.pickup.minecraft.gunpowder":8,"stat.pickup.minecraft.spider_eye":5,"stat.craftItem.minecraft.torch":80,"stat.pickup.minecraft.dirt":2566,"stat.craftItem.minecraft.iron_helmet":1,"stat.useItem.minecraft.cooked_chicken":7,"stat.pickup.minecraft.iron_ore":156,"stat.pickup.tombstone.fishing_rod_of_misadventure":1,"stat.useItem.minecraft.glass":110,"stat.pickup.minecraft.gold_ore":61,"stat.mineBlock.minecraft.lapis_ore":4,"stat.mineBlock.minecraft.leaves2":7,"stat.brewingstandInteraction":1,"stat.damageTaken":11952,"stat.pickup.minecraft.leather":81,"stat.useItem.minecraft.stone_brick_stairs":11,"stat.mineBlock.minecraft.torch":155,"stat.mineBlock.minecraft.furnace":12,"stat.pickup.minecraft.written_book":1,"stat.mineBlock.minecraft.red_flower":6,"stat.useItem.minecraft.wooden_pickaxe":91,"stat.craftItem.betteranimalsplus.pheasantcooked":12,"stat.pickup.minecraft.log2":320,"stat.pickup.minecraft.reeds":66,"stat.pickup.minecraft.bed":4,"tombstone:undead_killed":52,"stat.pickup.xlfoodmod.rice_seeds":1,"stat.pickup.minecraft.potato":101,"stat.entityKilledBy.Zombie":3,"stat.damageDealt":17779,"stat.craftItem.minecraft.glass":171,"stat.sleepInBed":9,"stat.killEntity.Cow":4,"stat.useItem.minecraft.crafting_table":6,"stat.killEntity.Pig":5,"stat.craftItem.minecraft.iron_sword":1,"stat.pickup.simpleores.adamantium_ingot":9,"stat.craftItem.securitycraft.universal_block_reinforcer_lvl1":1,"stat.walkOneCm":3641007,"stat.useItem.minecraft.chest":10,"stat.playerKills":1,"stat.pickup.minecraft.stick":22,"stat.pickup.simpleores.mythril_ore":68,"stat.pickup.betteranimalsplus.pheasant_egg":5,"stat.craftItem.minecraft.diamond_boots":1,"stat.useItem.simpleores.adamantium_pickaxe":3932,"stat.pickup.minecraft.stone":608,"stat.craftItem.minecraft.iron_chestplate":1,"stat.useItem.simpleores.adamantium_sword":345,"stat.pickup.betteranimalsplus.pheasantraw":12,"stat.drop.simpleores.onyx_sword":1,"stat.pickup.minecraft.cooked_beef":18,"stat.killEntity.Skeleton":19,"stat.craftItem.travelersbackpack.sleeping_bag_bottom":2,"stat.useItem.simpleores.mythril_shovel":9,"stat.mineBlock.minecraft.stonebrick":284,"stat.killEntity.Chicken":8,"stat.pickup.xlfoodmod.flesh":8,"stat.killEntity.Spider":6,"stat.pickup.minecraft.dark_oak_stairs":153,"stat.mobKills":105,"stat.pickup.securitycraft.reinforced_stone_button":1,"stat.pickup.minecraft.diamond":8,"stat.mineBlock.minecraft.leaves":16,"stat.pickup.minecraft.torch":181,"stat.mineBlock.minecraft.redstone_ore":78,"stat.mineBlock.minecraft.stone":2753}