{"stat.pickup.minecraft.bone":3,"stat.leaveGame":5,"stat.mineBlock.minecraft.cobblestone":21,"stat.useItem.minecraft.log2":1,"stat.pickup.minecraft.stone_pickaxe":1,"stat.mineBlock.minecraft.yellow_flower":2,"stat.useItem.simpleores.copper_ore":3,"stat.useItem.minecraft.mutton":1,"stat.swimOneCm":8426,"stat.useItem.minecraft.planks":334,"stat.pickup.simpleores.adamantium_ore":56,"stat.pickup.minecraft.cooked_porkchop":4,"stat.pickup.minecraft.porkchop":10,"stat.useItem.minecraft.dirt":132,"stat.killEntity.betteranimalsplus.boar":1,"stat.craftItem.xlfoodmod.flesh":2,"stat.useItem.minecraft.stone_slab2":35,"stat.pickup.minecraft.iron_boots":1,"stat.useItem.simpleores.adamantium_shovel":538,"stat.pickup.minecraft.rotten_flesh":5,"stat.pickup.minecraft.sand":1,"stat.craftItem.minecraft.furnace":1,"stat.entityKilledBy.Spider":2,"stat.craftItem.minecraft.stone_axe":1,"stat.craftItem.minecraft.iron_boots":1,"stat.craftItem.minecraft.stone_pickaxe":2,"stat.pickup.simpleores.copper_ore":16,"stat.pickup.minecraft.cobblestone":153,"stat.craftItem.minecraft.stone_sword":2,"stat.flyOneCm":82317,"stat.mineBlock.minecraft.sand":1,"stat.useItem.minecraft.cooked_beef":8,"stat.craftItem.minecraft.wooden_hoe":2,"stat.drop.simpleores.adamantium_shovel":1,"stat.mineBlock.minecraft.iron_ore":4,"stat.pickup.xlfoodmod.strawberry_seeds":2,"stat.timeSinceDeath":151292,"stat.useItem.minecraft.iron_pickaxe":181,"stat.craftItem.minecraft.wooden_pickaxe":2,"stat.mineBlock.xlfoodmod.vanilla_flower":3,"stat.pickup.minecraft.mutton":3,"stat.pickup.minecraft.double_plant":2,"stat.craftItem.minecraft.stonebrick":20,"stat.pickup.minecraft.wooden_axe":5,"stat.pickup.minecraft.dark_oak_door":3,"stat.pickup.minecraft.stonebrick":169,"stat.pickup.xlfoodmod.cucumber_seeds":2,"stat.furnaceInteraction":36,"stat.useItem.minecraft.cooked_porkchop":3,"stat.mineBlock.futuremc.cornflower":1,"stat.mineBlock.minecraft.coal_ore":16,"stat.craftItem.minecraft.stone_hoe":1,"stat.pickup.minecraft.wooden_sword":4,"stat.pickup.minecraft.string":2,"stat.pickup.minecraft.furnace":6,"stat.useItem.minecraft.cooked_mutton":2,"stat.pickup.tombstone.crafting_ingredient":2,"stat.entityKilledBy.Skeleton":1,"stat.useItem.minecraft.written_book":1,"stat.sprintOneCm":276499,"stat.pickup.xlfoodmod.vanilla_flower":4,"stat.pickup.minecraft.iron_chestplate":1,"stat.killEntity.betteranimalsplus.pheasant":1,"stat.pickup.simpleores.adamantium_shovel":2,"stat.craftItem.minecraft.stick":36,"stat.craftItem.minecraft.wooden_axe":2,"stat.useItem.minecraft.dark_oak_door":1,"stat.craftItem.minecraft.stone":110,"stat.mineBlock.simpleores.tin_ore":5,"stat.useItem.minecraft.wheat_seeds":2,"stat.mineBlock.minecraft.crafting_table":7,"stat.pickup.xlfoodmod.salt":6,"stat.deaths":6,"stat.pickup.xlfoodmod.pepper_seeds":2,"stat.mineBlock.minecraft.planks":15,"stat.drop":3,"stat.pickup.minecraft.egg":1,"stat.playOneMinute":248892,"stat.useItem.minecraft.wooden_sword":52,"stat.killEntity.Sheep":1,"stat.pickup.tombstone.grave_key":1,"stat.craftItem.minecraft.iron_pickaxe":1,"stat.killEntity.Zombie":5,"stat.mineBlock.xlfoodmod.rock_salt":2,"stat.mineBlock.minecraft.tallgrass":167,"stat.craftItem.minecraft.cooked_mutton":4,"stat.diveOneCm":3148,"stat.pickup.minecraft.wheat":18,"stat.chestOpened":33,"stat.useItem.minecraft.stone":14,"stat.pickup.minecraft.arrow":3,"stat.useItem.minecraft.apple":1,"stat.useItem.minecraft.porkchop":3,"stat.drop.minecraft.iron_pickaxe":1,"stat.jump":2618,"stat.pickup.minecraft.iron_helmet":1,"stat.pickup.minecraft.coal":19,"stat.fallOneCm":51714,"stat.pickup.minecraft.iron_ingot":38,"stat.pickup.simpleores.tin_ore":5,"stat.drop.minecraft.stone_sword":1,"stat.crouchOneCm":5982,"stat.mineBlock.minecraft.chest":1,"stat.craftItem.minecraft.torch":12,"stat.craftItem.minecraft.chest":1,"stat.pickup.minecraft.dirt":1308,"stat.craftItem.minecraft.iron_helmet":1,"stat.craftingTableInteraction":28,"stat.pickup.minecraft.iron_ore":4,"stat.pickup.minecraft.gold_ore":6,"stat.pickup.minecraft.wooden_pickaxe":4,"stat.mineBlock.minecraft.log2":2,"stat.damageTaken":2946,"stat.pickup.minecraft.feather":1,"stat.craftItem.minecraft.wooden_button":2,"stat.mineBlock.minecraft.torch":21,"stat.mineBlock.minecraft.furnace":6,"stat.pickup.minecraft.written_book":1,"stat.useItem.minecraft.wooden_pickaxe":91,"stat.useItem.minecraft.furnace":2,"stat.craftItem.betteranimalsplus.pheasantcooked":3,"stat.craftItem.minecraft.wooden_sword":2,"stat.pickup.minecraft.log2":2,"stat.pickup.minecraft.planks":36,"stat.pickup.minecraft.iron_leggings":1,"tombstone:undead_killed":6,"stat.pickup.minecraft.wheat_seeds":84,"stat.pickup.xlfoodmod.rice_seeds":1,"stat.entityKilledBy.Zombie":2,"stat.useItem.minecraft.stone_pickaxe":121,"stat.useItem.minecraft.stone_sword":78,"stat.craftItem.minecraft.iron_leggings":1,"stat.damageDealt":3430,"stat.mineBlock.xlfoodmod.grass":2,"stat.mineBlock.minecraft.dirt":541,"stat.useItem.minecraft.crafting_table":3,"stat.killEntity.Pig":4,"stat.craftItem.minecraft.iron_sword":1,"stat.pickup.simpleores.adamantium_ingot":3,"stat.mineBlock.simpleores.copper_ore":17,"stat.walkOneCm":946782,"stat.useItem.minecraft.torch":27,"stat.pickup.minecraft.crafting_table":8,"stat.useItem.minecraft.cobblestone":14,"stat.craftItem.minecraft.crafting_table":4,"stat.mineBlock.minecraft.double_plant":6,"stat.useItem.xlfoodmod.flesh":2,"stat.pickup.minecraft.log":32,"stat.pickup.betteranimalsplus.pheasant_egg":1,"stat.pickup.minecraft.iron_pickaxe":1,"stat.pickup.minecraft.stone":68,"stat.craftItem.minecraft.iron_chestplate":1,"stat.pickup.minecraft.chicken":1,"stat.pickup.betteranimalsplus.pheasantraw":3,"stat.pickup.minecraft.sapling":3,"stat.pickup.minecraft.cooked_beef":16,"stat.pickup.minecraft.apple":1,"stat.killEntity.Skeleton":1,"stat.useItem.betteranimalsplus.pheasantcooked":3,"stat.mineBlock.minecraft.stonebrick":14,"stat.craftItem.minecraft.planks":432,"stat.useItem.minecraft.iron_sword":50,"stat.pickup.futuremc.cornflower":1,"stat.killEntity.Chicken":1,"stat.killEntity.Spider":1,"stat.pickup.minecraft.stone_sword":2,"stat.mobKills":18,"stat.useItem.minecraft.stonebrick":181,"stat.mineBlock.minecraft.log":33,"stat.pickup.minecraft.diamond":1,"stat.mineBlock.minecraft.leaves":6,"stat.pickup.minecraft.torch":23,"stat.sneakTime":935,"stat.pickup.minecraft.wool":1,"stat.killEntity.betteranimalsplus.badger":1,"stat.useItem.minecraft.wooden_axe":15,"stat.pickup.minecraft.yellow_flower":2,"stat.mineBlock.minecraft.stone":154}