{"stat.useItem.minecraft.stone":14,"stat.leaveGame":3,"stat.pickup.minecraft.stone_pickaxe":1,"stat.mineBlock.minecraft.yellow_flower":2,"stat.useItem.minecraft.porkchop":3,"stat.useItem.simpleores.copper_ore":3,"stat.jump":1369,"stat.swimOneCm":3317,"stat.pickup.minecraft.iron_helmet":1,"stat.pickup.minecraft.coal":11,"stat.fallOneCm":30877,"stat.pickup.simpleores.tin_ore":5,"stat.drop.minecraft.stone_sword":1,"stat.pickup.minecraft.porkchop":7,"stat.crouchOneCm":1691,"stat.craftItem.minecraft.torch":8,"stat.pickup.minecraft.dirt":10,"stat.useItem.minecraft.stone_slab2":6,"stat.pickup.minecraft.iron_boots":1,"stat.craftingTableInteraction":11,"stat.pickup.minecraft.iron_ore":4,"stat.pickup.minecraft.sand":1,"stat.entityKilledBy.Spider":1,"stat.craftItem.minecraft.stone_axe":1,"stat.pickup.minecraft.wooden_pickaxe":4,"stat.damageTaken":1712,"stat.pickup.minecraft.feather":1,"stat.craftItem.minecraft.wooden_button":2,"stat.craftItem.minecraft.stone_pickaxe":2,"stat.mineBlock.minecraft.torch":8,"stat.useItem.minecraft.wooden_pickaxe":38,"stat.pickup.simpleores.copper_ore":16,"stat.pickup.minecraft.cobblestone":47,"stat.craftItem.minecraft.wooden_sword":1,"stat.pickup.minecraft.iron_leggings":1,"stat.craftItem.minecraft.stone_sword":1,"stat.flyOneCm":28888,"tombstone:undead_killed":1,"stat.pickup.minecraft.wheat_seeds":7,"stat.mineBlock.minecraft.sand":1,"stat.entityKilledBy.Zombie":2,"stat.useItem.minecraft.stone_pickaxe":121,"stat.useItem.minecraft.cooked_beef":5,"stat.craftItem.minecraft.wooden_hoe":1,"stat.useItem.minecraft.stone_sword":78,"stat.damageDealt":1354,"stat.mineBlock.minecraft.iron_ore":4,"stat.timeSinceDeath":6325,"stat.mineBlock.minecraft.dirt":4,"stat.useItem.minecraft.crafting_table":2,"stat.craftItem.minecraft.wooden_pickaxe":1,"stat.killEntity.Pig":3,"stat.mineBlock.xlfoodmod.vanilla_flower":2,"stat.mineBlock.simpleores.copper_ore":17,"stat.pickup.minecraft.double_plant":1,"stat.walkOneCm":373316,"stat.useItem.minecraft.torch":13,"stat.pickup.minecraft.wooden_axe":4,"stat.pickup.minecraft.crafting_table":4,"stat.craftItem.minecraft.crafting_table":3,"stat.mineBlock.minecraft.double_plant":1,"stat.mineBlock.futuremc.cornflower":1,"stat.mineBlock.minecraft.coal_ore":11,"stat.craftItem.minecraft.stone_hoe":1,"stat.pickup.minecraft.wooden_sword":2,"stat.pickup.minecraft.log":16,"stat.entityKilledBy.Skeleton":1,"stat.pickup.minecraft.stone":33,"stat.pickup.minecraft.chicken":1,"stat.pickup.minecraft.sapling":1,"stat.sprintOneCm":65430,"stat.pickup.xlfoodmod.vanilla_flower":2,"stat.pickup.minecraft.iron_chestplate":1,"stat.pickup.minecraft.cooked_beef":13,"stat.craftItem.minecraft.stick":20,"stat.craftItem.minecraft.wooden_axe":1,"stat.craftItem.minecraft.planks":64,"stat.pickup.futuremc.cornflower":1,"stat.mineBlock.simpleores.tin_ore":5,"stat.killEntity.Chicken":1,"stat.mineBlock.minecraft.crafting_table":4,"stat.pickup.xlfoodmod.salt":6,"stat.pickup.minecraft.stone_sword":1,"stat.mobKills":6,"stat.mineBlock.minecraft.log":17,"stat.deaths":5,"stat.drop":1,"stat.mineBlock.minecraft.leaves":1,"stat.pickup.minecraft.egg":1,"stat.playOneMinute":82202,"stat.useItem.minecraft.wooden_sword":4,"stat.pickup.minecraft.torch":8,"stat.pickup.tombstone.grave_key":1,"stat.sneakTime":263,"stat.killEntity.Zombie":1,"stat.useItem.minecraft.wooden_axe":13,"stat.pickup.minecraft.yellow_flower":2,"stat.mineBlock.xlfoodmod.rock_salt":2,"stat.mineBlock.minecraft.stone":91,"stat.mineBlock.minecraft.tallgrass":58,"stat.diveOneCm":1728}