{"stat.useItem.minecraft.string":1,"stat.useItem.minecraft.bow":7,"stat.craftItem.betteranimalsplus.venisoncooked":6,"stat.leaveGame":11,"stat.killEntity.betteranimalsplus.goat":4,"stat.useItem.betteranimalsplus.venisoncooked":6,"stat.killEntity.Blaze":1,"stat.useItem.simpleores.copper_ore":3,"stat.useItem.minecraft.mutton":1,"stat.useItem.minecraft.planks":872,"stat.pickup.simpleores.adamantium_ore":86,"stat.pickup.minecraft.porkchop":10,"stat.pickup.minecraft.glass":37,"stat.craftItem.xlfoodmod.flesh":20,"stat.useItem.simpleores.adamantium_shovel":952,"stat.mineBlock.minecraft.stone_brick_stairs":10,"stat.pickup.minecraft.rotten_flesh":24,"stat.pickup.minecraft.sand":106,"stat.entityKilledBy.Spider":2,"stat.craftItem.minecraft.stone_axe":1,"stat.craftItem.minecraft.stone_sword":2,"stat.mineBlock.minecraft.sand":103,"stat.craftItem.minecraft.wooden_hoe":2,"stat.pickup.xlfoodmod.strawberry_seeds":8,"stat.useItem.minecraft.iron_pickaxe":260,"stat.craftItem.minecraft.wooden_pickaxe":2,"stat.craftItem.simpleores.adamantium_chestplate":1,"stat.pickup.simpleores.adamantium_axe":1,"stat.pickup.minecraft.double_plant":4,"stat.craftItem.minecraft.bed":1,"stat.furnaceInteraction":156,"stat.mineBlock.minecraft.dark_oak_stairs":78,"stat.mineBlock.futuremc.cornflower":4,"stat.useItem.minecraft.dark_oak_stairs":176,"stat.useItem.simpleores.adamantium_axe":101,"stat.pickup.minecraft.furnace":9,"stat.useItem.minecraft.cooked_mutton":14,"stat.pickup.xlfoodmod.vanilla_flower":8,"stat.pickup.minecraft.iron_chestplate":2,"stat.pickup.simpleores.adamantium_shovel":3,"stat.useItem.minecraft.dark_oak_door":1,"stat.pickup.minecraft.potion":1,"stat.mineBlock.simpleores.tin_ore":5,"stat.useItem.minecraft.wheat_seeds":2,"stat.pickup.xlfoodmod.salt":6,"stat.pickup.minecraft.saddle":1,"stat.deaths":14,"stat.pickup.xlfoodmod.pepper_seeds":6,"stat.pickup.minecraft.egg":2,"stat.playOneMinute":723921,"stat.pickup.minecraft.blaze_rod":2,"stat.craftItem.minecraft.iron_pickaxe":1,"stat.craftItem.simpleores.adamantium_leggings":1,"stat.mineBlock.minecraft.tallgrass":215,"stat.craftItem.minecraft.cooked_mutton":13,"stat.pickup.minecraft.netherrack":54,"stat.craftItem.simpleores.adamantium_axe":1,"stat.pickup.minecraft.cooked_mutton":3,"stat.chestOpened":139,"stat.useItem.minecraft.stone":65,"stat.mineBlock.minecraft.netherrack":31,"stat.pickup.minecraft.arrow":6,"stat.pickup.minecraft.iron_sword":1,"stat.craftItem.betteranimalsplus.fried_egg":1,"stat.craftItem.minecraft.dark_oak_stairs":146,"stat.craftItem.simpleores.adamantium_boots":1,"stat.drop.minecraft.iron_pickaxe":1,"stat.fallOneCm":142473,"stat.drop.minecraft.stone":7,"stat.pickup.simpleores.tin_ore":32,"stat.pickup.minecraft.carrot":66,"stat.drop.minecraft.stone_sword":1,"stat.crouchOneCm":8868,"stat.mineBlock.minecraft.chest":11,"stat.craftItem.minecraft.chest":3,"stat.pickup.simpleores.adamantium_sword":5,"stat.craftItem.minecraft.iron_ingot":73,"stat.craftingTableInteraction":71,"stat.pickup.simpleores.mythril_sword":1,"stat.pickup.minecraft.wooden_pickaxe":5,"stat.mineBlock.minecraft.log2":105,"stat.pickup.minecraft.feather":7,"stat.craftItem.minecraft.wooden_button":2,"stat.useItem.minecraft.furnace":4,"stat.craftItem.minecraft.wooden_sword":2,"stat.pickup.minecraft.planks":264,"stat.drop.simpleores.adamantium_sword":5,"stat.pickup.minecraft.iron_leggings":2,"stat.pickup.minecraft.wheat_seeds":174,"stat.mineBlock.simpleores.mythril_ore":10,"stat.mineBlock.minecraft.gravel":2,"stat.useItem.minecraft.stone_pickaxe":121,"stat.mineBlock.minecraft.glass":2,"stat.useItem.minecraft.stone_sword":78,"stat.craftItem.minecraft.iron_leggings":1,"stat.mineBlock.xlfoodmod.grass":3,"stat.mineBlock.minecraft.dirt":919,"stat.mineBlock.simpleores.copper_ore":30,"stat.useItem.minecraft.torch":88,"stat.drop.minecraft.stone_brick_stairs":1,"stat.craftItem.simpleores.adamantium_shovel":1,"stat.pickup.minecraft.crafting_table":10,"stat.useItem.minecraft.cobblestone":43,"stat.craftItem.minecraft.crafting_table":4,"stat.mineBlock.minecraft.double_plant":8,"stat.useItem.xlfoodmod.flesh":17,"stat.pickup.minecraft.iron_hoe":2,"stat.pickup.minecraft.log":38,"stat.pickup.minecraft.iron_pickaxe":2,"stat.craftItem.minecraft.stone_button":1,"stat.craftItem.minecraft.gold_ingot":27,"stat.drop.minecraft.planks":1,"stat.pickup.minecraft.chicken":5,"stat.pickup.minecraft.sapling":8,"stat.pickup.minecraft.apple":1,"stat.useItem.betteranimalsplus.pheasantcooked":3,"stat.craftItem.minecraft.planks":1102,"stat.useItem.minecraft.iron_sword":58,"stat.pickup.futuremc.cornflower":11,"stat.craftItem.simpleores.adamantium_pickaxe":2,"stat.pickup.minecraft.stone_sword":5,"stat.mineBlock.simpleores.adamantium_ore":1,"stat.useItem.minecraft.stonebrick":564,"stat.mineBlock.minecraft.log":33,"stat.craftItem.xlfoodmod.fried_egg":1,"stat.craftItem.minecraft.cooked_chicken":8,"stat.pickup.minecraft.red_flower":4,"stat.sneakTime":1348,"stat.pickup.minecraft.wool":11,"stat.killEntity.betteranimalsplus.badger":2,"stat.useItem.minecraft.wooden_axe":15,"stat.pickup.minecraft.yellow_flower":2,"stat.pickup.minecraft.chest":10,"stat.pickup.minecraft.bone":18,"stat.mineBlock.minecraft.cobblestone":22,"stat.useItem.minecraft.log2":35,"stat.pickup.minecraft.stone_pickaxe":1,"stat.mineBlock.minecraft.yellow_flower":2,"stat.craftItem.minecraft.stone_brick_stairs":4,"stat.useItem.xlfoodmod.fried_egg":1,"stat.swimOneCm":74997,"stat.pickup.minecraft.cooked_porkchop":8,"stat.craftItem.minecraft.arrow":12,"stat.useItem.minecraft.dirt":453,"stat.killEntity.betteranimalsplus.boar":1,"stat.craftItem.simpleores.copper_ingot":6,"stat.useItem.minecraft.stone_slab2":92,"stat.craftItem.simpleores.adamantium_ingot":47,"stat.pickup.minecraft.bow":2,"stat.useItem.betteranimalsplus.fried_egg":1,"stat.pickup.minecraft.iron_boots":2,"stat.craftItem.minecraft.furnace":2,"stat.craftItem.minecraft.iron_boots":1,"stat.craftItem.futuremc.smooth_stone":1,"stat.craftItem.minecraft.stone_pickaxe":2,"stat.pickup.simpleores.copper_ore":46,"stat.pickup.minecraft.cobblestone":710,"stat.craftItem.minecraft.bow":1,"stat.flyOneCm":303707,"stat.useItem.minecraft.cooked_beef":10,"stat.drop.simpleores.adamantium_shovel":1,"stat.pickup.minecraft.redstone":29,"stat.mineBlock.minecraft.iron_ore":10,"stat.craftItem.simpleores.adamantium_sword":1,"stat.timeSinceDeath":96590,"stat.mineBlock.xlfoodmod.vanilla_flower":4,"stat.pickup.minecraft.mutton":15,"stat.craftItem.minecraft.stonebrick":236,"stat.pickup.minecraft.wooden_axe":5,"stat.pickup.minecraft.dark_oak_door":5,"stat.pickup.minecraft.nether_wart":4,"stat.pickup.minecraft.stonebrick":445,"stat.pickup.simpleores.adamantium_pickaxe":1,"stat.pickup.xlfoodmod.cucumber_seeds":2,"stat.useItem.minecraft.cooked_porkchop":13,"stat.mineBlock.minecraft.coal_ore":253,"stat.killEntity.Creeper":1,"stat.craftItem.minecraft.stone_hoe":1,"stat.pickup.minecraft.wooden_sword":4,"stat.pickup.minecraft.string":11,"stat.pickup.tombstone.crafting_ingredient":6,"stat.entityKilledBy.Skeleton":2,"stat.useItem.minecraft.written_book":1,"stat.sprintOneCm":1225417,"stat.killEntity.betteranimalsplus.pheasant":1,"stat.craftItem.minecraft.stick":56,"stat.craftItem.minecraft.wooden_axe":2,"stat.craftItem.minecraft.stone":257,"stat.mineBlock.minecraft.diamond_ore":2,"stat.mineBlock.minecraft.crafting_table":9,"stat.craftItem.simpleores.adamantium_helmet":1,"stat.mineBlock.minecraft.planks":140,"stat.drop":11,"stat.useItem.minecraft.wooden_sword":52,"stat.pickup.minecraft.stone_button":2,"stat.killEntity.Sheep":1,"stat.pickup.tombstone.grave_key":1,"stat.killEntity.Zombie":16,"stat.mineBlock.xlfoodmod.rock_salt":2,"stat.mineBlock.minecraft.gold_ore":6,"stat.diveOneCm":72819,"stat.pickup.minecraft.wheat":50,"stat.craftItem.minecraft.cooked_porkchop":9,"stat.useItem.minecraft.apple":1,"stat.useItem.minecraft.porkchop":3,"stat.useItem.minecraft.rotten_flesh":4,"stat.pickup.minecraft.stone_brick_stairs":11,"stat.jump":7252,"stat.pickup.minecraft.iron_helmet":3,"stat.pickup.minecraft.coal":463,"stat.pickup.minecraft.iron_ingot":40,"stat.craftItem.minecraft.torch":48,"stat.pickup.minecraft.dirt":1792,"stat.craftItem.minecraft.iron_helmet":1,"stat.useItem.minecraft.cooked_chicken":3,"stat.pickup.minecraft.iron_ore":4,"stat.useItem.minecraft.glass":75,"stat.pickup.minecraft.gold_ore":33,"stat.mineBlock.minecraft.leaves2":7,"stat.damageTaken":7246,"stat.pickup.minecraft.leather":14,"stat.useItem.minecraft.stone_brick_stairs":11,"stat.mineBlock.minecraft.torch":65,"stat.mineBlock.minecraft.furnace":9,"stat.pickup.minecraft.written_book":1,"stat.mineBlock.minecraft.red_flower":1,"stat.useItem.minecraft.wooden_pickaxe":91,"stat.craftItem.betteranimalsplus.pheasantcooked":3,"stat.pickup.minecraft.log2":298,"stat.pickup.minecraft.reeds":66,"stat.pickup.minecraft.bed":4,"tombstone:undead_killed":24,"stat.pickup.xlfoodmod.rice_seeds":1,"stat.pickup.minecraft.potato":67,"stat.entityKilledBy.Zombie":3,"stat.damageDealt":9515,"stat.craftItem.minecraft.glass":101,"stat.sleepInBed":5,"stat.useItem.minecraft.crafting_table":5,"stat.killEntity.Pig":4,"stat.craftItem.minecraft.iron_sword":1,"stat.pickup.simpleores.adamantium_ingot":9,"stat.walkOneCm":2491045,"stat.useItem.minecraft.chest":8,"stat.pickup.minecraft.stick":2,"stat.pickup.simpleores.mythril_ore":29,"stat.pickup.betteranimalsplus.pheasant_egg":1,"stat.useItem.simpleores.adamantium_pickaxe":1132,"stat.pickup.minecraft.stone":215,"stat.craftItem.minecraft.iron_chestplate":1,"stat.useItem.simpleores.adamantium_sword":256,"stat.pickup.betteranimalsplus.pheasantraw":3,"stat.pickup.minecraft.cooked_beef":18,"stat.killEntity.Skeleton":8,"stat.mineBlock.minecraft.stonebrick":244,"stat.killEntity.Chicken":8,"stat.killEntity.Spider":4,"stat.pickup.minecraft.dark_oak_stairs":87,"stat.mobKills":54,"stat.pickup.minecraft.diamond":5,"stat.mineBlock.minecraft.leaves":12,"stat.pickup.minecraft.torch":72,"stat.mineBlock.minecraft.redstone_ore":5,"stat.mineBlock.minecraft.stone":561}