{"stat.useItem.minecraft.string":1,"stat.useItem.minecraft.bow":9,"stat.craftItem.betteranimalsplus.venisoncooked":6,"stat.leaveGame":16,"stat.killEntity.betteranimalsplus.goat":6,"stat.useItem.betteranimalsplus.venisoncooked":6,"stat.killEntity.Blaze":1,"stat.useItem.simpleores.copper_ore":3,"stat.useItem.minecraft.mutton":1,"stat.useItem.minecraft.planks":982,"stat.craftItem.minecraft.shield":1,"stat.pickup.simpleores.adamantium_ore":90,"stat.pickup.minecraft.porkchop":10,"stat.pickup.simpleores.onyx_sword":1,"stat.pickup.minecraft.glass":43,"stat.craftItem.xlfoodmod.flesh":36,"stat.useItem.simpleores.adamantium_shovel":1597,"stat.mineBlock.minecraft.stone_brick_stairs":10,"stat.pickup.minecraft.rotten_flesh":28,"stat.pickup.minecraft.sand":148,"stat.entityKilledBy.Spider":2,"stat.craftItem.minecraft.stone_axe":1,"stat.pickup.minecraft.name_tag":1,"stat.craftItem.minecraft.stone_sword":2,"stat.mineBlock.minecraft.snow_layer":57,"stat.mineBlock.minecraft.sand":144,"stat.craftItem.minecraft.wooden_hoe":2,"stat.pickup.xlfoodmod.strawberry_seeds":8,"stat.useItem.minecraft.iron_pickaxe":260,"stat.craftItem.minecraft.wooden_pickaxe":2,"stat.craftItem.simpleores.adamantium_chestplate":1,"stat.pickup.simpleores.adamantium_axe":1,"stat.pickup.minecraft.double_plant":7,"stat.craftItem.minecraft.bed":1,"stat.furnaceInteraction":230,"stat.mineBlock.minecraft.dark_oak_stairs":78,"stat.killEntity.ZombieVillager":1,"stat.pickup.xlfoodmod.lettuce_seeds":1,"stat.mineBlock.futuremc.cornflower":4,"stat.useItem.minecraft.dark_oak_stairs":176,"stat.useItem.simpleores.adamantium_axe":125,"stat.pickup.minecraft.furnace":13,"stat.useItem.minecraft.cooked_mutton":21,"stat.pickup.xlfoodmod.vanilla_flower":8,"stat.pickup.minecraft.iron_chestplate":2,"stat.pickup.simpleores.adamantium_shovel":3,"stat.pickup.tombstone.magic_scroll":1,"stat.useItem.minecraft.dark_oak_door":2,"stat.pickup.minecraft.potion":1,"stat.mineBlock.simpleores.tin_ore":16,"stat.useItem.minecraft.wheat_seeds":2,"stat.pickup.xlfoodmod.salt":6,"stat.pickup.minecraft.saddle":1,"stat.pickup.minecraft.emerald":3,"stat.deaths":16,"stat.pickup.xlfoodmod.pepper_seeds":6,"stat.killEntity.betteranimalsplus.songbird":1,"stat.pickup.minecraft.egg":3,"stat.playOneMinute":1035307,"stat.pickup.minecraft.blaze_rod":2,"stat.craftItem.minecraft.iron_pickaxe":2,"stat.craftItem.simpleores.adamantium_leggings":1,"stat.pickup.securitycraft.camera_monitor":3,"stat.useItem.securitycraft.camera_monitor":3,"stat.mineBlock.minecraft.tallgrass":252,"stat.craftItem.minecraft.cooked_mutton":20,"stat.pickup.minecraft.netherrack":54,"stat.craftItem.simpleores.adamantium_axe":1,"stat.pickup.minecraft.cooked_mutton":3,"stat.chestOpened":253,"stat.useItem.minecraft.fish":1,"stat.useItem.minecraft.stone":101,"stat.mineBlock.minecraft.netherrack":31,"stat.pickup.minecraft.arrow":13,"stat.pickup.minecraft.iron_sword":1,"stat.craftItem.betteranimalsplus.fried_egg":4,"stat.craftItem.minecraft.dark_oak_stairs":146,"stat.craftItem.simpleores.adamantium_boots":1,"stat.drop.minecraft.iron_pickaxe":1,"stat.fallOneCm":207731,"stat.drop.minecraft.stone":7,"stat.pickup.simpleores.tin_ore":43,"stat.pickup.minecraft.carrot":66,"stat.drop.minecraft.stone_sword":1,"stat.crouchOneCm":8868,"stat.mineBlock.minecraft.chest":11,"stat.craftItem.minecraft.chest":3,"stat.pickup.simpleores.adamantium_sword":6,"stat.craftItem.minecraft.iron_ingot":86,"stat.craftingTableInteraction":89,"stat.pickup.simpleores.mythril_sword":1,"stat.pickup.minecraft.wooden_pickaxe":5,"stat.mineBlock.minecraft.log2":123,"stat.pickup.minecraft.feather":7,"stat.craftItem.minecraft.wooden_button":2,"stat.useItem.minecraft.furnace":5,"stat.craftItem.minecraft.wooden_sword":2,"stat.pickup.minecraft.planks":270,"stat.drop.simpleores.adamantium_sword":6,"stat.pickup.minecraft.iron_leggings":2,"stat.pickup.minecraft.wheat_seeds":250,"stat.mineBlock.simpleores.mythril_ore":16,"stat.mineBlock.minecraft.gravel":18,"stat.useItem.minecraft.stone_pickaxe":121,"stat.mineBlock.minecraft.glass":2,"stat.useItem.minecraft.stone_sword":78,"stat.craftItem.minecraft.iron_leggings":1,"stat.mineBlock.xlfoodmod.grass":3,"stat.mineBlock.minecraft.dirt":1515,"stat.mineBlock.simpleores.copper_ore":45,"stat.useItem.minecraft.torch":135,"stat.drop.minecraft.stone_brick_stairs":1,"stat.craftItem.simpleores.adamantium_shovel":1,"stat.pickup.minecraft.crafting_table":14,"stat.useItem.minecraft.cobblestone":54,"stat.craftItem.minecraft.crafting_table":5,"stat.mineBlock.minecraft.double_plant":9,"stat.useItem.xlfoodmod.flesh":31,"stat.pickup.minecraft.iron_hoe":2,"stat.pickup.minecraft.log":39,"stat.craftItem.simpleores.mythril_bow":1,"stat.pickup.minecraft.iron_pickaxe":2,"stat.craftItem.minecraft.stone_button":1,"stat.killEntity.betteranimalsplus.coyote":1,"stat.craftItem.simpleores.mythril_rod":2,"stat.craftItem.minecraft.gold_ingot":27,"stat.drop.minecraft.planks":1,"stat.pickup.minecraft.chicken":5,"stat.pickup.minecraft.sapling":8,"stat.pickup.minecraft.apple":1,"stat.useItem.betteranimalsplus.pheasantcooked":12,"stat.craftItem.minecraft.planks":1106,"stat.useItem.minecraft.iron_sword":58,"stat.pickup.futuremc.cornflower":11,"stat.craftItem.simpleores.adamantium_pickaxe":2,"stat.pickup.minecraft.stone_sword":5,"stat.mineBlock.simpleores.adamantium_ore":5,"stat.useItem.minecraft.stonebrick":781,"stat.mineBlock.minecraft.log":34,"stat.craftItem.xlfoodmod.fried_egg":2,"stat.craftItem.minecraft.cooked_chicken":8,"stat.pickup.minecraft.red_flower":4,"stat.sneakTime":1363,"stat.pickup.minecraft.wool":13,"stat.killEntity.betteranimalsplus.badger":4,"stat.useItem.minecraft.wooden_axe":15,"stat.pickup.minecraft.yellow_flower":2,"stat.pickup.minecraft.chest":10,"stat.pickup.minecraft.bone":23,"stat.mineBlock.minecraft.cobblestone":22,"stat.useItem.minecraft.log2":47,"stat.pickup.minecraft.stone_pickaxe":1,"stat.mineBlock.minecraft.yellow_flower":3,"stat.craftItem.minecraft.stone_brick_stairs":4,"stat.useItem.xlfoodmod.fried_egg":2,"stat.swimOneCm":104407,"stat.climbOneCm":2618,"stat.drop.minecraft.cobblestone":1,"stat.pickup.minecraft.cooked_porkchop":8,"stat.craftItem.minecraft.arrow":12,"stat.useItem.minecraft.dirt":811,"stat.killEntity.betteranimalsplus.boar":1,"stat.craftItem.simpleores.copper_ingot":6,"stat.useItem.minecraft.stone_slab2":138,"stat.craftItem.simpleores.adamantium_ingot":47,"stat.pickup.minecraft.bow":4,"stat.useItem.betteranimalsplus.fried_egg":4,"stat.pickup.minecraft.iron_boots":2,"stat.craftItem.minecraft.dark_oak_door":3,"stat.craftItem.minecraft.furnace":4,"stat.craftItem.minecraft.iron_boots":1,"stat.craftItem.futuremc.smooth_stone":1,"stat.craftItem.minecraft.stone_pickaxe":2,"stat.pickup.simpleores.copper_ore":59,"stat.pickup.minecraft.cobblestone":1589,"stat.craftItem.minecraft.bow":1,"stat.flyOneCm":509962,"stat.pickup.minecraft.fish":2,"stat.useItem.minecraft.cooked_beef":10,"stat.drop.simpleores.adamantium_shovel":1,"stat.pickup.minecraft.redstone":194,"stat.mineBlock.minecraft.iron_ore":38,"stat.craftItem.simpleores.adamantium_sword":1,"stat.timeSinceDeath":18357,"stat.useItem.simpleores.onyx_sword":76,"stat.mineBlock.xlfoodmod.vanilla_flower":4,"stat.pickup.minecraft.mutton":19,"stat.craftItem.minecraft.stonebrick":400,"stat.useItem.simpleores.mythril_bow":13,"stat.useItem.minecraft.potato":1,"stat.pickup.minecraft.wooden_axe":5,"stat.pickup.minecraft.dark_oak_door":5,"stat.pickup.minecraft.nether_wart":4,"stat.pickup.minecraft.stonebrick":495,"stat.pickup.simpleores.adamantium_pickaxe":2,"stat.pickup.xlfoodmod.cucumber_seeds":2,"stat.useItem.minecraft.cooked_porkchop":29,"stat.mineBlock.minecraft.coal_ore":301,"stat.killEntity.Creeper":4,"stat.craftItem.minecraft.stone_hoe":1,"stat.pickup.minecraft.wooden_sword":4,"stat.pickup.minecraft.string":12,"stat.pickup.tombstone.crafting_ingredient":14,"stat.entityKilledBy.Skeleton":2,"stat.useItem.minecraft.written_book":1,"stat.sprintOneCm":2089147,"stat.killEntity.betteranimalsplus.pheasant":5,"stat.craftItem.minecraft.stick":64,"stat.craftItem.minecraft.wooden_axe":2,"stat.craftItem.minecraft.stone":408,"stat.mineBlock.minecraft.diamond_ore":9,"stat.mineBlock.minecraft.crafting_table":13,"stat.craftItem.simpleores.adamantium_helmet":1,"stat.mineBlock.minecraft.planks":146,"stat.drop":13,"stat.useItem.minecraft.wooden_sword":52,"stat.pickup.minecraft.stone_button":2,"stat.killEntity.Sheep":2,"stat.pickup.tombstone.grave_key":1,"stat.killEntity.Zombie":23,"stat.pickup.minecraft.snowball":148,"stat.mineBlock.xlfoodmod.rock_salt":2,"stat.mineBlock.minecraft.gold_ore":6,"stat.diveOneCm":95128,"stat.pickup.minecraft.wheat":87,"stat.pickup.minecraft.gravel":10,"stat.craftItem.minecraft.cooked_porkchop":9,"stat.useItem.minecraft.apple":1,"stat.useItem.minecraft.porkchop":3,"stat.useItem.minecraft.rotten_flesh":7,"stat.pickup.minecraft.stone_brick_stairs":11,"stat.jump":10584,"stat.pickup.minecraft.iron_helmet":3,"stat.pickup.minecraft.coal":628,"stat.pickup.minecraft.iron_ingot":40,"stat.pickup.minecraft.gunpowder":4,"stat.pickup.minecraft.spider_eye":1,"stat.craftItem.minecraft.torch":76,"stat.pickup.minecraft.dirt":2544,"stat.craftItem.minecraft.iron_helmet":1,"stat.useItem.minecraft.cooked_chicken":7,"stat.pickup.minecraft.iron_ore":31,"stat.useItem.minecraft.glass":110,"stat.pickup.minecraft.gold_ore":33,"stat.mineBlock.minecraft.leaves2":7,"stat.damageTaken":10160,"stat.pickup.minecraft.leather":21,"stat.useItem.minecraft.stone_brick_stairs":11,"stat.mineBlock.minecraft.torch":108,"stat.mineBlock.minecraft.furnace":12,"stat.pickup.minecraft.written_book":1,"stat.mineBlock.minecraft.red_flower":1,"stat.useItem.minecraft.wooden_pickaxe":91,"stat.craftItem.betteranimalsplus.pheasantcooked":12,"stat.pickup.minecraft.log2":320,"stat.pickup.minecraft.reeds":66,"stat.pickup.minecraft.bed":4,"tombstone:undead_killed":40,"stat.pickup.xlfoodmod.rice_seeds":1,"stat.pickup.minecraft.potato":68,"stat.entityKilledBy.Zombie":3,"stat.damageDealt":13584,"stat.craftItem.minecraft.glass":141,"stat.sleepInBed":8,"stat.useItem.minecraft.crafting_table":5,"stat.killEntity.Pig":4,"stat.craftItem.minecraft.iron_sword":1,"stat.pickup.simpleores.adamantium_ingot":9,"stat.walkOneCm":3250408,"stat.useItem.minecraft.chest":8,"stat.pickup.minecraft.stick":2,"stat.pickup.simpleores.mythril_ore":35,"stat.pickup.betteranimalsplus.pheasant_egg":5,"stat.useItem.simpleores.adamantium_pickaxe":2164,"stat.pickup.minecraft.stone":366,"stat.craftItem.minecraft.iron_chestplate":1,"stat.useItem.simpleores.adamantium_sword":339,"stat.pickup.betteranimalsplus.pheasantraw":12,"stat.pickup.minecraft.cooked_beef":18,"stat.killEntity.Skeleton":16,"stat.mineBlock.minecraft.stonebrick":282,"stat.killEntity.Chicken":8,"stat.pickup.xlfoodmod.flesh":8,"stat.killEntity.Spider":5,"stat.pickup.minecraft.dark_oak_stairs":151,"stat.mobKills":85,"stat.pickup.minecraft.diamond":5,"stat.mineBlock.minecraft.leaves":14,"stat.pickup.minecraft.torch":120,"stat.mineBlock.minecraft.redstone_ore":38,"stat.mineBlock.minecraft.stone":1327}