{"stat.useItem.minecraft.string":1,"stat.useItem.minecraft.bow":9,"stat.craftItem.betteranimalsplus.venisoncooked":6,"stat.leaveGame":18,"stat.killEntity.betteranimalsplus.goat":7,"stat.useItem.betteranimalsplus.venisoncooked":6,"stat.killEntity.Blaze":1,"stat.useItem.simpleores.copper_ore":3,"stat.useItem.minecraft.mutton":1,"stat.useItem.minecraft.planks":982,"stat.craftItem.minecraft.shield":1,"stat.pickup.simpleores.adamantium_ore":113,"stat.pickup.minecraft.porkchop":11,"stat.pickup.simpleores.onyx_sword":2,"stat.pickup.minecraft.glass":51,"stat.craftItem.xlfoodmod.flesh":41,"stat.useItem.simpleores.adamantium_shovel":1627,"stat.useItem.minecraft.water_bucket":2,"stat.mineBlock.minecraft.stone_brick_stairs":10,"stat.pickup.minecraft.rotten_flesh":32,"stat.pickup.minecraft.sand":178,"stat.entityKilledBy.Spider":2,"stat.craftItem.minecraft.stone_axe":1,"stat.pickup.minecraft.name_tag":1,"stat.craftItem.minecraft.stone_sword":2,"stat.mineBlock.minecraft.snow_layer":57,"stat.mineBlock.minecraft.sand":174,"stat.craftItem.minecraft.wooden_hoe":2,"stat.pickup.xlfoodmod.strawberry_seeds":8,"stat.useItem.minecraft.iron_pickaxe":260,"stat.craftItem.minecraft.wooden_pickaxe":2,"stat.craftItem.simpleores.adamantium_chestplate":1,"stat.pickup.simpleores.adamantium_axe":1,"stat.pickup.minecraft.double_plant":7,"stat.craftItem.minecraft.bed":1,"stat.furnaceInteraction":303,"stat.mineBlock.minecraft.dark_oak_stairs":80,"stat.killEntity.ZombieVillager":1,"stat.pickup.xlfoodmod.lettuce_seeds":1,"stat.mineBlock.futuremc.cornflower":4,"stat.useItem.minecraft.dark_oak_stairs":176,"stat.useItem.simpleores.adamantium_axe":132,"stat.pickup.minecraft.beef":9,"stat.pickup.minecraft.furnace":13,"stat.useItem.minecraft.cooked_mutton":21,"stat.useItem.minecraft.redstone":1,"stat.craftItem.travelersbackpack.travelers_backpack":2,"stat.pickup.xlfoodmod.vanilla_flower":8,"stat.pickup.minecraft.iron_chestplate":2,"stat.pickup.simpleores.adamantium_shovel":4,"stat.pickup.tombstone.magic_scroll":1,"stat.useItem.minecraft.dark_oak_door":2,"stat.pickup.minecraft.potion":2,"stat.mineBlock.simpleores.tin_ore":37,"stat.useItem.minecraft.wheat_seeds":2,"stat.pickup.xlfoodmod.salt":21,"stat.pickup.minecraft.saddle":1,"stat.pickup.minecraft.emerald":6,"stat.deaths":16,"stat.pickup.xlfoodmod.pepper_seeds":6,"stat.killEntity.betteranimalsplus.songbird":1,"stat.craftItem.futuremc.blast_furnace":3,"stat.pickup.minecraft.egg":3,"stat.playOneMinute":1185028,"stat.pickup.minecraft.blaze_rod":2,"stat.craftItem.minecraft.iron_pickaxe":2,"stat.craftItem.simpleores.adamantium_leggings":1,"stat.pickup.minecraft.glass_pane":11,"stat.pickup.securitycraft.camera_monitor":3,"stat.useItem.securitycraft.camera_monitor":3,"stat.mineBlock.minecraft.tallgrass":255,"stat.craftItem.minecraft.cooked_mutton":20,"stat.pickup.minecraft.netherrack":54,"stat.craftItem.simpleores.adamantium_axe":1,"stat.pickup.minecraft.cooked_mutton":3,"stat.chestOpened":407,"stat.useItem.minecraft.fish":1,"stat.useItem.minecraft.stone":101,"stat.mineBlock.minecraft.netherrack":31,"stat.pickup.minecraft.arrow":13,"stat.pickup.minecraft.iron_sword":1,"stat.craftItem.betteranimalsplus.fried_egg":4,"stat.craftItem.minecraft.dark_oak_stairs":146,"stat.craftItem.simpleores.adamantium_boots":1,"stat.drop.minecraft.iron_pickaxe":1,"stat.fallOneCm":216697,"stat.drop.minecraft.stone":7,"stat.pickup.simpleores.tin_ore":64,"stat.pickup.minecraft.carrot":164,"stat.drop.minecraft.stone_sword":1,"stat.crouchOneCm":9145,"stat.mineBlock.minecraft.chest":15,"stat.craftItem.minecraft.chest":6,"stat.pickup.simpleores.adamantium_sword":6,"stat.craftItem.minecraft.iron_ingot":136,"stat.drop.simpleores.adamantium_pickaxe":1,"stat.craftingTableInteraction":142,"stat.pickup.simpleores.mythril_sword":1,"stat.pickup.minecraft.wooden_pickaxe":5,"stat.mineBlock.minecraft.log2":123,"stat.pickup.minecraft.feather":11,"stat.craftItem.minecraft.wooden_button":2,"stat.useItem.minecraft.furnace":5,"stat.craftItem.minecraft.wooden_sword":2,"stat.pickup.minecraft.planks":272,"stat.drop.simpleores.adamantium_sword":6,"stat.pickup.minecraft.iron_leggings":2,"stat.pickup.minecraft.wheat_seeds":330,"stat.mineBlock.simpleores.mythril_ore":21,"stat.mineBlock.minecraft.gravel":18,"stat.useItem.minecraft.stone_pickaxe":121,"stat.mineBlock.minecraft.glass":2,"stat.useItem.minecraft.stone_sword":78,"stat.craftItem.minecraft.iron_leggings":1,"stat.mineBlock.xlfoodmod.grass":3,"stat.mineBlock.minecraft.dirt":1523,"stat.mineBlock.simpleores.copper_ore":79,"stat.useItem.minecraft.torch":145,"stat.drop.minecraft.stone_brick_stairs":1,"stat.craftItem.simpleores.adamantium_shovel":1,"stat.pickup.minecraft.crafting_table":15,"stat.useItem.minecraft.cobblestone":110,"stat.pickup.minecraft.magma":2,"stat.craftItem.minecraft.crafting_table":5,"stat.mineBlock.minecraft.double_plant":9,"stat.pickup.betteranimalsplus.pheasantcooked":1,"stat.useItem.xlfoodmod.flesh":40,"stat.pickup.minecraft.iron_hoe":2,"stat.mineBlock.minecraft.emerald_ore":3,"stat.pickup.minecraft.log":39,"stat.craftItem.simpleores.mythril_bow":1,"stat.craftItem.tombstone.dust_of_vanishing":1,"stat.pickup.minecraft.iron_pickaxe":2,"stat.craftItem.minecraft.stone_button":1,"stat.killEntity.betteranimalsplus.coyote":1,"stat.craftItem.simpleores.mythril_rod":2,"stat.pickup.futuremc.blast_furnace":1,"stat.craftItem.minecraft.gold_ingot":27,"stat.drop.minecraft.planks":1,"stat.pickup.minecraft.chicken":5,"stat.pickup.minecraft.sapling":9,"stat.pickup.minecraft.apple":1,"stat.useItem.betteranimalsplus.pheasantcooked":13,"stat.craftItem.minecraft.bucket":1,"stat.craftItem.minecraft.planks":1106,"stat.useItem.minecraft.iron_sword":58,"stat.pickup.futuremc.cornflower":12,"stat.craftItem.simpleores.adamantium_pickaxe":4,"stat.pickup.minecraft.stone_sword":5,"stat.mineBlock.simpleores.adamantium_ore":27,"stat.useItem.minecraft.stonebrick":782,"stat.mineBlock.minecraft.log":34,"stat.craftItem.xlfoodmod.fried_egg":2,"stat.craftItem.minecraft.cooked_chicken":8,"stat.pickup.minecraft.red_flower":10,"stat.sneakTime":1407,"stat.pickup.minecraft.wool":18,"stat.killEntity.betteranimalsplus.badger":4,"stat.useItem.minecraft.wooden_axe":15,"stat.pickup.minecraft.yellow_flower":2,"stat.pickup.minecraft.chest":14,"stat.pickup.minecraft.bone":40,"stat.mineBlock.minecraft.cobblestone":22,"stat.useItem.minecraft.log2":47,"stat.pickup.minecraft.stone_pickaxe":1,"stat.mineBlock.minecraft.yellow_flower":3,"stat.craftItem.minecraft.stone_brick_stairs":4,"stat.useItem.xlfoodmod.fried_egg":2,"stat.craftItem.minecraft.wool":4,"stat.swimOneCm":115170,"stat.climbOneCm":3818,"stat.drop.minecraft.cobblestone":1,"stat.pickup.minecraft.cooked_porkchop":8,"stat.craftItem.minecraft.arrow":12,"stat.useItem.minecraft.dirt":811,"stat.killEntity.betteranimalsplus.boar":1,"stat.craftItem.simpleores.copper_ingot":6,"stat.useItem.minecraft.stone_slab2":151,"stat.craftItem.simpleores.adamantium_ingot":61,"stat.pickup.minecraft.bow":5,"stat.useItem.betteranimalsplus.fried_egg":4,"stat.pickup.minecraft.iron_boots":2,"stat.craftItem.minecraft.dark_oak_door":3,"stat.craftItem.minecraft.furnace":5,"stat.craftItem.minecraft.iron_boots":1,"stat.craftItem.futuremc.smooth_stone":9,"stat.craftItem.minecraft.stone_pickaxe":2,"stat.craftItem.minecraft.cooked_beef":9,"stat.pickup.simpleores.copper_ore":90,"stat.pickup.minecraft.cobblestone":2673,"stat.craftItem.minecraft.bow":1,"stat.flyOneCm":549090,"stat.pickup.minecraft.fish":2,"stat.useItem.minecraft.cooked_beef":18,"stat.drop.simpleores.adamantium_shovel":1,"stat.pickup.minecraft.redstone":325,"stat.mineBlock.minecraft.iron_ore":88,"stat.craftItem.simpleores.adamantium_sword":1,"stat.timeSinceDeath":168078,"stat.useItem.simpleores.onyx_sword":140,"stat.mineBlock.xlfoodmod.vanilla_flower":4,"stat.pickup.minecraft.mutton":19,"stat.craftItem.minecraft.stonebrick":400,"stat.useItem.simpleores.mythril_bow":17,"stat.useItem.minecraft.potato":1,"stat.pickup.minecraft.wooden_axe":5,"stat.pickup.minecraft.dark_oak_door":5,"stat.pickup.minecraft.nether_wart":4,"stat.pickup.minecraft.stonebrick":497,"stat.pickup.simpleores.adamantium_pickaxe":6,"stat.pickup.xlfoodmod.cucumber_seeds":3,"stat.useItem.minecraft.cooked_porkchop":30,"stat.mineBlock.minecraft.coal_ore":344,"stat.killEntity.Creeper":4,"stat.craftItem.minecraft.stone_hoe":1,"stat.pickup.minecraft.wooden_sword":4,"stat.pickup.minecraft.string":12,"stat.pickup.simpleores.copper_ingot":22,"stat.pickup.tombstone.crafting_ingredient":18,"stat.entityKilledBy.Skeleton":2,"stat.useItem.minecraft.written_book":1,"stat.mineBlock.futuremc.blast_furnace":1,"stat.sprintOneCm":2437330,"stat.killEntity.betteranimalsplus.pheasant":5,"stat.craftItem.minecraft.stick":64,"stat.craftItem.minecraft.wooden_axe":2,"stat.craftItem.minecraft.stone":440,"stat.mineBlock.minecraft.diamond_ore":12,"stat.mineBlock.minecraft.crafting_table":13,"tombstone:use_vanishing":1,"stat.craftItem.simpleores.adamantium_helmet":1,"stat.mineBlock.minecraft.planks":148,"stat.drop":15,"stat.useItem.minecraft.wooden_sword":52,"stat.pickup.minecraft.stone_button":2,"stat.killEntity.Sheep":2,"stat.pickup.tombstone.grave_key":1,"stat.killEntity.Zombie":29,"stat.pickup.minecraft.snowball":164,"stat.craftItem.minecraft.dye":5,"stat.mineBlock.xlfoodmod.rock_salt":6,"stat.mineBlock.minecraft.gold_ore":22,"stat.diveOneCm":102514,"stat.pickup.minecraft.wheat":158,"stat.pickup.minecraft.gravel":10,"stat.craftItem.minecraft.cooked_porkchop":10,"stat.useItem.minecraft.apple":1,"stat.useItem.minecraft.porkchop":3,"stat.useItem.minecraft.rotten_flesh":7,"stat.pickup.minecraft.stone_brick_stairs":11,"stat.craftItem.travelersbackpack.backpack_tank":4,"stat.jump":11263,"stat.pickup.minecraft.iron_helmet":3,"stat.pickup.minecraft.coal":725,"stat.pickup.minecraft.iron_ingot":61,"stat.pickup.minecraft.gunpowder":4,"stat.pickup.minecraft.spider_eye":2,"stat.craftItem.minecraft.torch":76,"stat.pickup.minecraft.dirt":2554,"stat.craftItem.minecraft.iron_helmet":1,"stat.useItem.minecraft.cooked_chicken":7,"stat.pickup.minecraft.iron_ore":131,"stat.useItem.minecraft.glass":110,"stat.pickup.minecraft.gold_ore":49,"stat.mineBlock.minecraft.lapis_ore":4,"stat.mineBlock.minecraft.leaves2":7,"stat.damageTaken":10965,"stat.pickup.minecraft.leather":65,"stat.useItem.minecraft.stone_brick_stairs":11,"stat.mineBlock.minecraft.torch":117,"stat.mineBlock.minecraft.furnace":12,"stat.pickup.minecraft.written_book":1,"stat.mineBlock.minecraft.red_flower":6,"stat.useItem.minecraft.wooden_pickaxe":91,"stat.craftItem.betteranimalsplus.pheasantcooked":12,"stat.pickup.minecraft.log2":320,"stat.pickup.minecraft.reeds":66,"stat.pickup.minecraft.bed":4,"tombstone:undead_killed":49,"stat.pickup.xlfoodmod.rice_seeds":1,"stat.pickup.minecraft.potato":100,"stat.entityKilledBy.Zombie":3,"stat.damageDealt":16399,"stat.craftItem.minecraft.glass":171,"stat.sleepInBed":8,"stat.killEntity.Cow":4,"stat.useItem.minecraft.crafting_table":5,"stat.killEntity.Pig":5,"stat.craftItem.minecraft.iron_sword":1,"stat.pickup.simpleores.adamantium_ingot":9,"stat.walkOneCm":3450481,"stat.useItem.minecraft.chest":10,"stat.pickup.minecraft.stick":2,"stat.pickup.simpleores.mythril_ore":40,"stat.pickup.betteranimalsplus.pheasant_egg":5,"stat.useItem.simpleores.adamantium_pickaxe":3177,"stat.pickup.minecraft.stone":525,"stat.craftItem.minecraft.iron_chestplate":1,"stat.useItem.simpleores.adamantium_sword":339,"stat.pickup.betteranimalsplus.pheasantraw":12,"stat.drop.simpleores.onyx_sword":1,"stat.pickup.minecraft.cooked_beef":18,"stat.killEntity.Skeleton":19,"stat.craftItem.travelersbackpack.sleeping_bag_bottom":2,"stat.mineBlock.minecraft.stonebrick":284,"stat.killEntity.Chicken":8,"stat.pickup.xlfoodmod.flesh":8,"stat.killEntity.Spider":5,"stat.pickup.minecraft.dark_oak_stairs":153,"stat.mobKills":100,"stat.pickup.minecraft.diamond":8,"stat.mineBlock.minecraft.leaves":16,"stat.pickup.minecraft.torch":142,"stat.mineBlock.minecraft.redstone_ore":76,"stat.mineBlock.minecraft.stone":2080}