{"stat.useItem.minecraft.bow":5,"stat.leaveGame":6,"stat.killEntity.betteranimalsplus.goat":3,"stat.killEntity.Blaze":1,"stat.useItem.simpleores.copper_ore":3,"stat.useItem.minecraft.mutton":1,"stat.useItem.minecraft.planks":563,"stat.pickup.simpleores.adamantium_ore":84,"stat.pickup.minecraft.porkchop":10,"stat.pickup.minecraft.glass":28,"stat.craftItem.xlfoodmod.flesh":6,"stat.useItem.simpleores.adamantium_shovel":950,"stat.pickup.minecraft.rotten_flesh":9,"stat.pickup.minecraft.sand":102,"stat.entityKilledBy.Spider":2,"stat.craftItem.minecraft.stone_axe":1,"stat.craftItem.minecraft.stone_sword":2,"stat.mineBlock.minecraft.sand":103,"stat.craftItem.minecraft.wooden_hoe":2,"stat.pickup.xlfoodmod.strawberry_seeds":2,"stat.useItem.minecraft.iron_pickaxe":260,"stat.craftItem.minecraft.wooden_pickaxe":2,"stat.craftItem.simpleores.adamantium_chestplate":1,"stat.pickup.minecraft.double_plant":2,"stat.craftItem.minecraft.bed":1,"stat.furnaceInteraction":111,"stat.mineBlock.minecraft.dark_oak_stairs":30,"stat.mineBlock.futuremc.cornflower":2,"stat.useItem.minecraft.dark_oak_stairs":121,"stat.pickup.minecraft.furnace":6,"stat.useItem.minecraft.cooked_mutton":9,"stat.pickup.xlfoodmod.vanilla_flower":5,"stat.pickup.minecraft.iron_chestplate":1,"stat.pickup.simpleores.adamantium_shovel":2,"stat.useItem.minecraft.dark_oak_door":1,"stat.mineBlock.simpleores.tin_ore":5,"stat.useItem.minecraft.wheat_seeds":2,"stat.pickup.xlfoodmod.salt":6,"stat.deaths":9,"stat.pickup.xlfoodmod.pepper_seeds":2,"stat.pickup.minecraft.egg":2,"stat.playOneMinute":460578,"stat.pickup.minecraft.blaze_rod":1,"stat.craftItem.minecraft.iron_pickaxe":1,"stat.craftItem.simpleores.adamantium_leggings":1,"stat.mineBlock.minecraft.tallgrass":193,"stat.craftItem.minecraft.cooked_mutton":13,"stat.pickup.minecraft.netherrack":27,"stat.chestOpened":53,"stat.useItem.minecraft.stone":60,"stat.mineBlock.minecraft.netherrack":31,"stat.pickup.minecraft.arrow":4,"stat.craftItem.betteranimalsplus.fried_egg":1,"stat.craftItem.minecraft.dark_oak_stairs":94,"stat.craftItem.simpleores.adamantium_boots":1,"stat.drop.minecraft.iron_pickaxe":1,"stat.fallOneCm":96479,"stat.pickup.simpleores.tin_ore":5,"stat.drop.minecraft.stone_sword":1,"stat.crouchOneCm":6812,"stat.mineBlock.minecraft.chest":1,"stat.craftItem.minecraft.chest":1,"stat.pickup.simpleores.adamantium_sword":1,"stat.craftingTableInteraction":50,"stat.pickup.minecraft.wooden_pickaxe":4,"stat.mineBlock.minecraft.log2":2,"stat.pickup.minecraft.feather":4,"stat.craftItem.minecraft.wooden_button":2,"stat.useItem.minecraft.furnace":2,"stat.craftItem.minecraft.wooden_sword":2,"stat.pickup.minecraft.planks":54,"stat.drop.simpleores.adamantium_sword":1,"stat.pickup.minecraft.iron_leggings":1,"stat.pickup.minecraft.wheat_seeds":91,"stat.useItem.minecraft.stone_pickaxe":121,"stat.mineBlock.minecraft.glass":2,"stat.useItem.minecraft.stone_sword":78,"stat.craftItem.minecraft.iron_leggings":1,"stat.mineBlock.xlfoodmod.grass":2,"stat.mineBlock.minecraft.dirt":889,"stat.mineBlock.simpleores.copper_ore":21,"stat.useItem.minecraft.torch":42,"stat.craftItem.simpleores.adamantium_shovel":1,"stat.pickup.minecraft.crafting_table":8,"stat.useItem.minecraft.cobblestone":14,"stat.craftItem.minecraft.crafting_table":4,"stat.mineBlock.minecraft.double_plant":6,"stat.useItem.xlfoodmod.flesh":6,"stat.pickup.minecraft.iron_hoe":1,"stat.pickup.minecraft.log":32,"stat.pickup.minecraft.iron_pickaxe":1,"stat.craftItem.minecraft.stone_button":1,"stat.pickup.minecraft.chicken":5,"stat.pickup.minecraft.sapling":3,"stat.pickup.minecraft.apple":1,"stat.useItem.betteranimalsplus.pheasantcooked":3,"stat.craftItem.minecraft.planks":792,"stat.useItem.minecraft.iron_sword":58,"stat.pickup.futuremc.cornflower":1,"stat.craftItem.simpleores.adamantium_pickaxe":1,"stat.pickup.minecraft.stone_sword":5,"stat.useItem.minecraft.stonebrick":437,"stat.mineBlock.minecraft.log":33,"stat.craftItem.xlfoodmod.fried_egg":1,"stat.craftItem.minecraft.cooked_chicken":4,"stat.sneakTime":1063,"stat.pickup.minecraft.wool":7,"stat.killEntity.betteranimalsplus.badger":1,"stat.useItem.minecraft.wooden_axe":15,"stat.pickup.minecraft.yellow_flower":2,"stat.pickup.minecraft.bone":5,"stat.mineBlock.minecraft.cobblestone":21,"stat.useItem.minecraft.log2":1,"stat.pickup.minecraft.stone_pickaxe":1,"stat.mineBlock.minecraft.yellow_flower":2,"stat.useItem.xlfoodmod.fried_egg":1,"stat.swimOneCm":16350,"stat.pickup.minecraft.cooked_porkchop":4,"stat.useItem.minecraft.dirt":452,"stat.killEntity.betteranimalsplus.boar":1,"stat.useItem.minecraft.stone_slab2":65,"stat.craftItem.simpleores.adamantium_ingot":36,"stat.useItem.betteranimalsplus.fried_egg":1,"stat.pickup.minecraft.iron_boots":1,"stat.craftItem.minecraft.furnace":1,"stat.craftItem.minecraft.iron_boots":1,"stat.craftItem.minecraft.stone_pickaxe":2,"stat.pickup.simpleores.copper_ore":20,"stat.pickup.minecraft.cobblestone":253,"stat.craftItem.minecraft.bow":1,"stat.flyOneCm":186111,"stat.useItem.minecraft.cooked_beef":10,"stat.drop.simpleores.adamantium_shovel":1,"stat.mineBlock.minecraft.iron_ore":6,"stat.craftItem.simpleores.adamantium_sword":1,"stat.timeSinceDeath":7452,"stat.mineBlock.xlfoodmod.vanilla_flower":4,"stat.pickup.minecraft.mutton":12,"stat.craftItem.minecraft.stonebrick":228,"stat.pickup.minecraft.wooden_axe":5,"stat.pickup.minecraft.dark_oak_door":4,"stat.pickup.minecraft.stonebrick":207,"stat.pickup.xlfoodmod.cucumber_seeds":2,"stat.useItem.minecraft.cooked_porkchop":7,"stat.mineBlock.minecraft.coal_ore":100,"stat.craftItem.minecraft.stone_hoe":1,"stat.pickup.minecraft.wooden_sword":4,"stat.pickup.minecraft.string":4,"stat.pickup.tombstone.crafting_ingredient":3,"stat.entityKilledBy.Skeleton":1,"stat.useItem.minecraft.written_book":1,"stat.sprintOneCm":683869,"stat.killEntity.betteranimalsplus.pheasant":1,"stat.craftItem.minecraft.stick":44,"stat.craftItem.minecraft.wooden_axe":2,"stat.craftItem.minecraft.stone":240,"stat.mineBlock.minecraft.crafting_table":7,"stat.craftItem.simpleores.adamantium_helmet":1,"stat.mineBlock.minecraft.planks":33,"stat.drop":4,"stat.useItem.minecraft.wooden_sword":52,"stat.pickup.minecraft.stone_button":1,"stat.killEntity.Sheep":1,"stat.pickup.tombstone.grave_key":1,"stat.killEntity.Zombie":9,"stat.mineBlock.xlfoodmod.rock_salt":2,"stat.diveOneCm":6337,"stat.pickup.minecraft.wheat":18,"stat.craftItem.minecraft.cooked_porkchop":3,"stat.useItem.minecraft.apple":1,"stat.useItem.minecraft.porkchop":3,"stat.useItem.minecraft.rotten_flesh":3,"stat.jump":4780,"stat.pickup.minecraft.iron_helmet":2,"stat.pickup.minecraft.coal":162,"stat.pickup.minecraft.iron_ingot":38,"stat.craftItem.minecraft.torch":28,"stat.pickup.minecraft.dirt":1683,"stat.craftItem.minecraft.iron_helmet":1,"stat.useItem.minecraft.cooked_chicken":3,"stat.pickup.minecraft.iron_ore":4,"stat.useItem.minecraft.glass":75,"stat.pickup.minecraft.gold_ore":6,"stat.damageTaken":4649,"stat.pickup.minecraft.leather":4,"stat.mineBlock.minecraft.torch":26,"stat.mineBlock.minecraft.furnace":6,"stat.pickup.minecraft.written_book":1,"stat.useItem.minecraft.wooden_pickaxe":91,"stat.craftItem.betteranimalsplus.pheasantcooked":3,"stat.pickup.minecraft.log2":2,"stat.pickup.minecraft.reeds":33,"tombstone:undead_killed":13,"stat.pickup.xlfoodmod.rice_seeds":1,"stat.entityKilledBy.Zombie":2,"stat.damageDealt":5874,"stat.craftItem.minecraft.glass":101,"stat.sleepInBed":3,"stat.useItem.minecraft.crafting_table":3,"stat.killEntity.Pig":4,"stat.craftItem.minecraft.iron_sword":1,"stat.pickup.simpleores.adamantium_ingot":3,"stat.walkOneCm":1651928,"stat.pickup.betteranimalsplus.pheasant_egg":1,"stat.useItem.simpleores.adamantium_pickaxe":306,"stat.pickup.minecraft.stone":149,"stat.craftItem.minecraft.iron_chestplate":1,"stat.useItem.simpleores.adamantium_sword":85,"stat.pickup.betteranimalsplus.pheasantraw":3,"stat.pickup.minecraft.cooked_beef":18,"stat.killEntity.Skeleton":4,"stat.mineBlock.minecraft.stonebrick":52,"stat.killEntity.Chicken":6,"stat.killEntity.Spider":2,"stat.pickup.minecraft.dark_oak_stairs":29,"stat.mobKills":36,"stat.pickup.minecraft.diamond":1,"stat.mineBlock.minecraft.leaves":12,"stat.pickup.minecraft.torch":30,"stat.mineBlock.minecraft.stone":318}