{"stat.pickup.betteranimalsplus.antler":4,"stat.leaveGame":16,"stat.useItem.minecraft.bookshelf":21,"stat.killEntity.betteranimalsplus.goat":5,"stat.useItem.minecraft.soul_sand":21,"stat.pickup.tombstone.familiar_stone":5,"stat.killEntity.Blaze":27,"stat.mineBlock.minecraft.sandstone":34,"stat.useItem.simpleores.copper_ore":4,"stat.pickup.minecraft.fishing_rod":1,"stat.useItem.minecraft.planks":904,"stat.useItem.simpleores.tin_ore":1,"stat.pickup.simpleores.adamantium_ore":11,"stat.craftItem.betteranimalsplus.eel_meat_cooked":2,"stat.pickup.minecraft.glowstone_dust":1,"stat.pickup.minecraft.porkchop":100,"stat.craftItem.futuremc.dark_oak_trapdoor":2,"stat.useItem.minecraft.water_bucket":55,"stat.pickup.minecraft.rotten_flesh":190,"stat.mineBlock.minecraft.nether_brick_fence":1,"stat.pickup.minecraft.sand":78,"stat.craftItem.minecraft.dark_oak_fence":3,"stat.craftItem.minecraft.stone_axe":1,"stat.useItem.minecraft.birch_boat":2,"stat.killEntity.Enderman":1,"stat.pickup.minecraft.leather_boots":1,"stat.mineBlock.minecraft.sand":78,"stat.killEntity.Witch":1,"stat.pickup.betteranimalsplus.eel_meat_raw":6,"stat.pickup.xlfoodmod.strawberry_seeds":2,"stat.useItem.minecraft.iron_pickaxe":499,"stat.pickup.minecraft.stained_hardened_clay":2,"stat.craftItem.minecraft.wooden_pickaxe":1,"stat.pickup.minecraft.double_plant":3,"stat.craftItem.minecraft.bed":1,"stat.craftItem.minecraft.glass_pane":64,"stat.mineBlock.minecraft.vine":3,"stat.useItem.minecraft.oak_stairs":236,"stat.furnaceInteraction":87,"stat.useItem.minecraft.nether_wart":20,"stat.drop.betteranimalsplus.venisonraw":1,"stat.killEntity.ZombieVillager":1,"stat.pickup.xlfoodmod.lettuce_seeds":1,"stat.mineBlock.futuremc.cornflower":7,"stat.pickup.minecraft.nether_brick":2,"stat.pickup.minecraft.beef":131,"stat.pickup.minecraft.furnace":16,"stat.mineBlock.minecraft.stained_hardened_clay":2,"stat.pickup.xlfoodmod.vanilla_flower":4,"stat.useItem.minecraft.fence":170,"stat.pickup.tombstone.magic_scroll":7,"stat.useItem.minecraft.dark_oak_door":3,"stat.pickup.minecraft.potion":2,"stat.mineBlock.simpleores.tin_ore":15,"stat.useItem.xlfoodmod.onion":1,"stat.mineBlock.minecraft.fence":15,"stat.useItem.minecraft.flint_and_steel":5,"stat.useItem.minecraft.wheat_seeds":28,"stat.killEntity.betteranimalsplus.tarantula":1,"stat.pickup.xlfoodmod.salt":5,"stat.killEntity.Husk":1,"stat.killEntity.betteranimalsplus.zotzpyre":1,"stat.pickup.minecraft.emerald":2,"stat.mineBlock.minecraft.soul_sand":30,"stat.mineBlock.minecraft.oak_stairs":24,"stat.deaths":2,"stat.pickup.xlfoodmod.pepper_seeds":1,"stat.pickup.minecraft.bowl":1,"stat.craftItem.futuremc.blast_furnace":3,"stat.killEntity.betteranimalsplus.songbird":4,"stat.pickup.minecraft.egg":14,"stat.playOneMinute":904029,"stat.pickup.minecraft.blaze_rod":13,"stat.mineBlock.minecraft.stone_pressure_plate":1,"stat.craftItem.minecraft.iron_pickaxe":2,"stat.mineBlock.minecraft.tallgrass":250,"stat.pickup.minecraft.netherrack":72,"stat.fishCaught":11,"stat.chestOpened":247,"stat.craftItem.futuremc.smoker":7,"stat.killEntity.betteranimalsplus.goose":1,"stat.craftItem.minecraft.sign":12,"stat.mineBlock.minecraft.dark_oak_fence":6,"stat.useItem.minecraft.stone":29,"stat.mineBlock.minecraft.netherrack":48,"stat.pickup.minecraft.arrow":13,"stat.pickup.betteranimalsplus.venisonraw":3,"stat.fallOneCm":315426,"stat.drop.minecraft.stone":6,"stat.pickup.simpleores.tin_ore":15,"stat.crouchOneCm":43589,"stat.mineBlock.minecraft.chest":3,"stat.craftItem.minecraft.iron_ingot":149,"stat.craftItem.minecraft.chest":41,"stat.pickup.simpleores.adamantium_sword":1,"stat.mineBlock.futuremc.lily_of_the_valley":1,"stat.craftingTableInteraction":150,"stat.mineBlock.minecraft.log2":141,"stat.drop.minecraft.double_plant":1,"stat.pickup.minecraft.feather":30,"stat.useItem.minecraft.dark_oak_fence":6,"stat.useItem.minecraft.reeds":65,"stat.useItem.minecraft.furnace":19,"stat.useItem.futuremc.smoker":4,"stat.pickup.minecraft.birch_boat":2,"stat.pickup.minecraft.dye":114,"stat.pickup.minecraft.planks":382,"stat.killEntity.Llama":2,"stat.craftItem.minecraft.diamond_shovel":2,"stat.pickup.minecraft.wheat_seeds":67,"stat.mineBlock.simpleores.mythril_ore":8,"stat.mineBlock.minecraft.gravel":40,"stat.useItem.minecraft.stone_pickaxe":77,"stat.craftItem.minecraft.iron_leggings":1,"stat.useItem.minecraft.wool":3,"stat.craftItem.minecraft.oak_stairs":240,"stat.mineBlock.xlfoodmod.grass":9,"stat.mineBlock.minecraft.dirt":1838,"stat.mineBlock.simpleores.copper_ore":21,"stat.killEntity.betteranimalsplus.eel_freshwater":1,"stat.drop.minecraft.paper":1,"stat.useItem.minecraft.torch":159,"stat.drop.futuremc.dark_oak_trapdoor":1,"stat.drop.tombstone.crafting_ingredient":1,"stat.drop.minecraft.porkchop":1,"stat.drop.minecraft.rotten_flesh":1,"stat.pickup.minecraft.crafting_table":25,"stat.useItem.minecraft.log":216,"stat.useItem.minecraft.cobblestone":1197,"stat.craftItem.minecraft.crafting_table":15,"stat.useItem.minecraft.gravel":6,"stat.mineBlock.minecraft.double_plant":6,"stat.mineBlock.minecraft.emerald_ore":2,"stat.useItem.simpleores.mythril_ore":2,"stat.pickup.minecraft.log":708,"stat.killEntity.betteranimalsplus.coyote":8,"stat.drop.minecraft.planks":2,"stat.pickup.minecraft.chicken":21,"stat.pickup.minecraft.sapling":22,"stat.pickup.minecraft.wooden_door":11,"stat.pickup.minecraft.apple":4,"stat.useItem.minecraft.glass_pane":35,"stat.craftItem.minecraft.bucket":1,"stat.craftItem.minecraft.planks":2336,"stat.useItem.minecraft.iron_sword":125,"stat.pickup.futuremc.cornflower":6,"stat.itemEnchanted":4,"stat.killEntity.WitherSkeleton":1,"stat.craftItem.minecraft.fishing_rod":1,"stat.mineBlock.simpleores.adamantium_ore":14,"stat.pickup.minecraft.book":63,"stat.mineBlock.minecraft.log":712,"stat.craftItem.minecraft.wooden_door":3,"stat.craftItem.minecraft.cooked_chicken":5,"stat.useItem.minecraft.stone_hoe":144,"stat.useItem.minecraft.wooden_door":8,"stat.craftItem.minecraft.sugar":1,"stat.craftItem.minecraft.paper":234,"stat.pickup.minecraft.red_flower":1,"stat.sneakTime":19930,"stat.pickup.minecraft.wool":16,"stat.useItem.minecraft.wooden_axe":19,"stat.pickup.minecraft.stone_slab":3,"stat.drop.minecraft.wooden_axe":1,"stat.useItem.minecraft.fishing_rod":21,"stat.pickup.minecraft.chest":1,"stat.craftItem.minecraft.enchanting_table":1,"stat.craftItem.minecraft.diamond_chestplate":2,"stat.pickup.minecraft.bone":27,"stat.craftItem.minecraft.diamond_leggings":2,"stat.pickup.minecraft.stone_pressure_plate":4,"stat.mineBlock.minecraft.cobblestone":676,"stat.pickup.minecraft.flint":4,"stat.mineBlock.minecraft.yellow_flower":1,"stat.useItem.minecraft.diamond_sword":975,"stat.craftItem.minecraft.diamond_helmet":2,"stat.swimOneCm":194233,"stat.climbOneCm":9396,"stat.drop.minecraft.cobblestone":1,"stat.useItem.minecraft.obsidian":10,"stat.useItem.minecraft.dirt":1140,"stat.killEntity.betteranimalsplus.boar":4,"stat.useItem.minecraft.stone_slab2":187,"stat.pickup.minecraft.bow":2,"stat.craftItem.minecraft.dark_oak_door":3,"stat.craftItem.minecraft.furnace":26,"stat.useItem.minecraft.egg":4,"stat.craftItem.minecraft.iron_boots":1,"stat.pickup.minecraft.anvil":4,"stat.useItem.minecraft.iron_ore":4,"stat.craftItem.futuremc.smooth_stone":17,"stat.craftItem.minecraft.stone_pickaxe":1,"stat.craftItem.minecraft.cooked_beef":119,"stat.pickup.simpleores.copper_ore":24,"stat.mineBlock.minecraft.obsidian":27,"stat.killEntity.betteranimalsplus.crab":1,"stat.pickup.minecraft.cobblestone":3002,"stat.drop.minecraft.fence":1,"stat.flyOneCm":2035763,"stat.pickup.minecraft.soul_sand":30,"stat.pickup.minecraft.sandstone":17,"stat.pickup.minecraft.nether_brick_stairs":4,"stat.pickup.minecraft.fish":11,"stat.drop.minecraft.wheat_seeds":2,"stat.killEntity.betteranimalsplus.deer":1,"stat.useItem.minecraft.cooked_beef":103,"stat.pickup.minecraft.redstone":71,"stat.mineBlock.minecraft.iron_ore":186,"stat.craftItem.minecraft.book":74,"stat.timeSinceDeath":374589,"stat.drop.minecraft.log":3,"stat.useItem.minecraft.sign":7,"stat.mineBlock.xlfoodmod.vanilla_flower":2,"stat.pickup.minecraft.mutton":31,"stat.pickup.minecraft.mossy_cobblestone":98,"stat.pickup.futuremc.smoker":2,"stat.craftItem.minecraft.iron_block":3,"stat.useItem.minecraft.potato":21,"stat.pickup.minecraft.wooden_axe":1,"stat.pickup.minecraft.dark_oak_door":1,"stat.pickup.minecraft.nether_wart":31,"stat.pickup.xlfoodmod.cucumber_seeds":2,"stat.useItem.minecraft.cooked_porkchop":39,"stat.pickup.minecraft.diamond_shovel":3,"stat.mineBlock.minecraft.coal_ore":141,"stat.drop.minecraft.wool":1,"stat.mineBlock.minecraft.nether_brick":2,"stat.killEntity.Creeper":7,"stat.talkedToVillager":15,"stat.craftItem.minecraft.stone_hoe":2,"stat.killEntity.betteranimalsplus.turkey":1,"stat.pickup.minecraft.string":18,"stat.pickup.xlfoodmod.corn_seeds":1,"stat.pickup.tombstone.crafting_ingredient":18,"stat.craftItem.minecraft.stone_slab2":0,"stat.drop.minecraft.oak_stairs":1,"stat.useItem.minecraft.written_book":1,"stat.pickup.tombstone.lost_tablet":2,"stat.sprintOneCm":2341764,"stat.useItem.minecraft.diamond_shovel":1991,"stat.pickup.minecraft.paper":7,"stat.mineBlock.minecraft.stone_slab":3,"stat.craftItem.minecraft.stick":300,"stat.craftItem.minecraft.wooden_axe":1,"stat.useItem.tombstone.magic_scroll":4,"stat.useItem.minecraft.stone_slab":15,"stat.craftItem.minecraft.stone":56,"stat.mineBlock.minecraft.diamond_ore":85,"stat.useItem.betteranimalsplus.pheasant_egg":1,"stat.mineBlock.minecraft.crafting_table":26,"stat.useItem.minecraft.diamond_pickaxe":3515,"stat.useItem.betteranimalsplus.venisonraw":2,"stat.mineBlock.minecraft.planks":193,"stat.drop":52,"stat.killEntity.Sheep":14,"stat.useItem.minecraft.ladder":5,"stat.craftItem.minecraft.diamond_pickaxe":3,"stat.killEntity.Zombie":178,"stat.mineBlock.xlfoodmod.rock_salt":2,"stat.craftItem.minecraft.diamond_axe":1,"stat.mineBlock.minecraft.gold_ore":7,"stat.diveOneCm":218168,"stat.drop.minecraft.diamond_pickaxe":3,"stat.pickup.minecraft.wheat":11,"stat.mineBlock.minecraft.mossy_cobblestone":104,"stat.craftItem.minecraft.ladder":12,"stat.pickup.minecraft.sign":9,"stat.pickup.minecraft.gravel":26,"stat.craftItem.minecraft.cooked_porkchop":45,"stat.drop.minecraft.cooked_beef":19,"stat.useItem.minecraft.diamond_axe":1310,"stat.mineBlock.minecraft.anvil":4,"stat.pickup.minecraft.obsidian":25,"stat.useItem.minecraft.porkchop":7,"stat.useItem.minecraft.rotten_flesh":3,"stat.pickup.xlfoodmod.onion":2,"stat.craftItem.minecraft.diamond_sword":1,"stat.jump":12687,"stat.useItem.minecraft.sand":9,"stat.pickup.minecraft.fence":14,"stat.pickup.minecraft.coal":268,"stat.pickup.minecraft.iron_ingot":27,"stat.craftItem.minecraft.birch_boat":1,"stat.useItem.futuremc.dark_oak_trapdoor":1,"stat.useItem.minecraft.stone_axe":63,"stat.pickup.minecraft.gunpowder":17,"stat.pickup.minecraft.spider_eye":4,"stat.craftItem.minecraft.torch":108,"stat.pickup.minecraft.dirt":1802,"stat.craftItem.minecraft.iron_helmet":1,"stat.useItem.minecraft.cooked_chicken":3,"stat.pickup.minecraft.iron_ore":198,"stat.boatOneCm":307315,"stat.pickup.minecraft.gold_ore":7,"stat.useItem.minecraft.sapling":8,"stat.mineBlock.minecraft.lapis_ore":4,"stat.craftItem.minecraft.flint_and_steel":1,"stat.craftItem.futuremc.grindstone":1,"stat.pickup.xlfoodmod.tomato_seeds":2,"stat.mineBlock.minecraft.glass_pane":1,"stat.mineBlock.minecraft.leaves2":9,"stat.damageTaken":9950,"stat.pickup.minecraft.leather":97,"stat.mineBlock.minecraft.furnace":14,"stat.mineBlock.minecraft.torch":90,"stat.mineBlock.minecraft.red_flower":1,"stat.useItem.minecraft.wooden_pickaxe":31,"stat.pickup.minecraft.dark_oak_fence":6,"stat.pickup.minecraft.log2":138,"stat.mineBlock.minecraft.sandstone_stairs":1,"stat.pickup.minecraft.reeds":318,"stat.pickup.minecraft.bed":5,"tombstone:undead_killed":201,"stat.pickup.xlfoodmod.rice_seeds":1,"stat.pickup.minecraft.potato":21,"stat.pickup.minecraft.oak_stairs":46,"stat.pickup.minecraft.diamond_axe":2,"stat.damageDealt":50473,"stat.craftItem.minecraft.glass":64,"stat.sleepInBed":3,"stat.craftItem.minecraft.anvil":1,"stat.mineBlock.minecraft.nether_brick_stairs":4,"stat.killEntity.Cow":71,"stat.useItem.minecraft.crafting_table":6,"stat.killEntity.Pig":45,"stat.craftItem.minecraft.iron_sword":1,"stat.craftItem.minecraft.stone_slab":24,"stat.walkOneCm":2257358,"stat.useItem.futuremc.blast_furnace":1,"stat.useItem.minecraft.chest":32,"stat.pickup.minecraft.stick":4,"stat.pickup.simpleores.mythril_ore":7,"stat.pickup.minecraft.diamond_pickaxe":3,"stat.killEntity.betteranimalsplus.feralwolf":1,"stat.drop.minecraft.diamond_axe":2,"stat.mineBlock.futuremc.smoker":2,"stat.craftItem.minecraft.diamond_boots":2,"stat.pickup.betteranimalsplus.pheasant_egg":3,"stat.useItem.tombstone.gift":2,"stat.pickup.minecraft.tnt":9,"stat.pickup.minecraft.stone":270,"stat.useItem.betteranimalsplus.eel_meat_raw":2,"stat.craftItem.minecraft.iron_chestplate":1,"stat.mineBlock.minecraft.wool":3,"stat.pickup.minecraft.ender_pearl":1,"stat.pickup.minecraft.cooked_beef":10,"stat.useItem.minecraft.netherrack":49,"stat.killEntity.Skeleton":20,"stat.mineBlock.minecraft.tnt":9,"stat.craftItem.minecraft.bookshelf":26,"stat.killEntity.Chicken":18,"stat.killEntity.Spider":12,"stat.mineBlock.minecraft.quartz_ore":11,"stat.craftItem.minecraft.tnt":3,"stat.killEntity.betteranimalsplus.lamprey":1,"stat.mobKills":432,"stat.mineBlock.minecraft.bookshelf":21,"stat.craftItem.minecraft.fence":162,"stat.useItem.minecraft.mossy_cobblestone":91,"stat.pickup.minecraft.diamond":83,"stat.mineBlock.minecraft.leaves":139,"stat.pickup.minecraft.torch":91,"stat.mineBlock.minecraft.redstone_ore":16,"stat.drop.minecraft.diamond_shovel":3,"stat.mineBlock.minecraft.stone":2602}