{"stat.leaveGame":9,"stat.pickup.tombstone.familiar_stone":1,"stat.useItem.simpleores.tin_ore":1,"stat.pickup.simpleores.adamantium_ore":11,"stat.craftItem.betteranimalsplus.eel_meat_cooked":2,"stat.pickup.minecraft.glowstone_dust":1,"stat.pickup.minecraft.porkchop":30,"stat.useItem.minecraft.water_bucket":7,"stat.pickup.minecraft.rotten_flesh":10,"stat.craftItem.minecraft.stone_axe":1,"stat.killEntity.Enderman":1,"stat.killEntity.Witch":1,"stat.pickup.betteranimalsplus.eel_meat_raw":4,"stat.useItem.minecraft.iron_pickaxe":499,"stat.craftItem.minecraft.wooden_pickaxe":1,"stat.pickup.minecraft.double_plant":1,"stat.furnaceInteraction":38,"stat.pickup.minecraft.beef":40,"stat.pickup.minecraft.furnace":5,"stat.pickup.xlfoodmod.vanilla_flower":1,"stat.mineBlock.simpleores.tin_ore":10,"stat.pickup.xlfoodmod.salt":5,"stat.killEntity.betteranimalsplus.zotzpyre":1,"stat.deaths":1,"stat.pickup.minecraft.egg":7,"stat.playOneMinute":181058,"stat.craftItem.minecraft.iron_pickaxe":2,"stat.mineBlock.minecraft.tallgrass":60,"stat.chestOpened":8,"stat.craftItem.futuremc.smoker":1,"stat.useItem.minecraft.stone":12,"stat.pickup.minecraft.arrow":3,"stat.fallOneCm":45375,"stat.pickup.simpleores.tin_ore":10,"stat.crouchOneCm":3788,"stat.craftItem.minecraft.iron_ingot":35,"stat.craftItem.minecraft.chest":2,"stat.craftingTableInteraction":32,"stat.pickup.minecraft.feather":11,"stat.pickup.minecraft.dye":26,"stat.pickup.minecraft.planks":8,"stat.craftItem.minecraft.diamond_shovel":1,"stat.pickup.minecraft.wheat_seeds":8,"stat.mineBlock.simpleores.mythril_ore":8,"stat.mineBlock.minecraft.gravel":10,"stat.useItem.minecraft.stone_pickaxe":77,"stat.craftItem.minecraft.iron_leggings":1,"stat.mineBlock.minecraft.dirt":565,"stat.mineBlock.simpleores.copper_ore":13,"stat.killEntity.betteranimalsplus.eel_freshwater":1,"stat.useItem.minecraft.torch":30,"stat.drop.tombstone.crafting_ingredient":1,"stat.pickup.minecraft.crafting_table":16,"stat.useItem.minecraft.log":1,"stat.useItem.minecraft.cobblestone":45,"stat.craftItem.minecraft.crafting_table":2,"stat.mineBlock.minecraft.double_plant":1,"stat.useItem.simpleores.mythril_ore":2,"stat.pickup.minecraft.log":238,"stat.pickup.minecraft.chicken":9,"stat.pickup.minecraft.sapling":12,"stat.pickup.minecraft.wooden_door":11,"stat.craftItem.minecraft.bucket":1,"stat.craftItem.minecraft.planks":144,"stat.useItem.minecraft.iron_sword":125,"stat.mineBlock.simpleores.adamantium_ore":11,"stat.mineBlock.minecraft.log":245,"stat.craftItem.minecraft.wooden_door":3,"stat.craftItem.minecraft.cooked_chicken":5,"stat.useItem.minecraft.wooden_door":8,"stat.sneakTime":2799,"stat.useItem.minecraft.wooden_axe":19,"stat.drop.minecraft.wooden_axe":1,"stat.craftItem.minecraft.diamond_chestplate":1,"stat.pickup.minecraft.bone":6,"stat.craftItem.minecraft.diamond_leggings":1,"stat.useItem.minecraft.diamond_sword":108,"stat.craftItem.minecraft.diamond_helmet":1,"stat.swimOneCm":33442,"stat.useItem.minecraft.dirt":6,"stat.useItem.minecraft.stone_slab2":38,"stat.pickup.minecraft.bow":1,"stat.craftItem.minecraft.furnace":2,"stat.craftItem.minecraft.iron_boots":1,"stat.useItem.minecraft.iron_ore":1,"stat.craftItem.minecraft.stone_pickaxe":1,"stat.craftItem.minecraft.cooked_beef":34,"stat.pickup.simpleores.copper_ore":12,"stat.mineBlock.minecraft.obsidian":12,"stat.pickup.minecraft.cobblestone":795,"stat.flyOneCm":408940,"stat.drop.minecraft.wheat_seeds":1,"stat.useItem.minecraft.cooked_beef":21,"stat.pickup.minecraft.redstone":5,"stat.mineBlock.minecraft.iron_ore":59,"stat.timeSinceDeath":153208,"stat.pickup.futuremc.smoker":2,"stat.pickup.minecraft.wooden_axe":1,"stat.useItem.minecraft.cooked_porkchop":4,"stat.pickup.minecraft.diamond_shovel":1,"stat.mineBlock.minecraft.coal_ore":86,"stat.killEntity.Creeper":3,"stat.talkedToVillager":1,"stat.pickup.minecraft.string":4,"stat.pickup.tombstone.crafting_ingredient":3,"stat.sprintOneCm":391793,"stat.useItem.minecraft.diamond_shovel":567,"stat.craftItem.minecraft.stick":56,"stat.craftItem.minecraft.wooden_axe":1,"stat.mineBlock.minecraft.diamond_ore":39,"stat.mineBlock.minecraft.crafting_table":16,"stat.useItem.minecraft.diamond_pickaxe":437,"stat.drop":8,"stat.craftItem.minecraft.diamond_pickaxe":1,"stat.killEntity.Zombie":14,"stat.mineBlock.xlfoodmod.rock_salt":2,"stat.craftItem.minecraft.diamond_axe":1,"stat.mineBlock.minecraft.gold_ore":6,"stat.diveOneCm":113231,"stat.pickup.minecraft.gravel":12,"stat.craftItem.minecraft.cooked_porkchop":10,"stat.drop.minecraft.cooked_beef":4,"stat.useItem.minecraft.diamond_axe":228,"stat.pickup.minecraft.obsidian":10,"stat.useItem.minecraft.rotten_flesh":3,"stat.craftItem.minecraft.diamond_sword":1,"stat.jump":2493,"stat.pickup.minecraft.coal":170,"stat.pickup.minecraft.iron_ingot":27,"stat.useItem.minecraft.stone_axe":63,"stat.pickup.minecraft.gunpowder":1,"stat.craftItem.minecraft.torch":12,"stat.pickup.minecraft.dirt":402,"stat.craftItem.minecraft.iron_helmet":1,"stat.useItem.minecraft.cooked_chicken":3,"stat.pickup.minecraft.iron_ore":58,"stat.pickup.minecraft.gold_ore":6,"stat.mineBlock.minecraft.lapis_ore":4,"stat.pickup.xlfoodmod.tomato_seeds":1,"stat.damageTaken":2047,"stat.pickup.minecraft.leather":20,"stat.mineBlock.minecraft.furnace":4,"stat.mineBlock.minecraft.torch":23,"stat.useItem.minecraft.wooden_pickaxe":31,"stat.pickup.minecraft.reeds":3,"tombstone:undead_killed":20,"stat.damageDealt":9820,"stat.killEntity.Cow":24,"stat.killEntity.Pig":14,"stat.craftItem.minecraft.iron_sword":1,"stat.walkOneCm":398517,"stat.useItem.minecraft.chest":1,"stat.pickup.minecraft.stick":2,"stat.pickup.simpleores.mythril_ore":7,"stat.mineBlock.futuremc.smoker":2,"stat.craftItem.minecraft.diamond_boots":1,"stat.useItem.tombstone.gift":1,"stat.pickup.minecraft.stone":150,"stat.useItem.betteranimalsplus.eel_meat_raw":2,"stat.craftItem.minecraft.iron_chestplate":1,"stat.pickup.minecraft.ender_pearl":1,"stat.pickup.minecraft.cooked_beef":1,"stat.killEntity.Skeleton":6,"stat.killEntity.Chicken":9,"stat.killEntity.Spider":4,"stat.mobKills":80,"stat.pickup.minecraft.diamond":38,"stat.mineBlock.minecraft.leaves":25,"stat.pickup.minecraft.torch":23,"stat.mineBlock.minecraft.redstone_ore":1,"stat.drop.minecraft.diamond_shovel":1,"stat.mineBlock.minecraft.stone":774}