{"stat.leaveGame":17,"stat.killEntity.betteranimalsplus.goat":5,"stat.pickup.tombstone.familiar_stone":6,"stat.mineBlock.minecraft.sandstone":95,"stat.useItem.simpleores.copper_ore":4,"stat.pickup.simpleores.adamantium_ore":17,"stat.craftItem.futuremc.dark_oak_trapdoor":2,"stat.pickup.minecraft.rotten_flesh":241,"stat.craftItem.minecraft.stone_axe":1,"stat.useItem.minecraft.birch_boat":3,"stat.craftItem.minecraft.noteblock":1,"stat.killEntity.Enderman":1,"stat.pickup.minecraft.leather_boots":1,"stat.pickup.minecraft.brown_mushroom":6,"stat.killEntity.Witch":1,"stat.pickup.xlfoodmod.strawberry_seeds":2,"stat.pickup.xlfoodmod.lettuce":1,"stat.useItem.minecraft.iron_pickaxe":499,"stat.pickup.minecraft.stained_hardened_clay":2,"stat.craftItem.minecraft.wooden_pickaxe":1,"stat.pickup.minecraft.double_plant":3,"stat.craftItem.minecraft.bed":1,"stat.craftItem.minecraft.glass_pane":64,"stat.mineBlock.minecraft.vine":3,"stat.mineBlock.minecraft.hopper":1,"stat.furnaceInteraction":118,"stat.useItem.minecraft.nether_wart":20,"stat.drop.betteranimalsplus.venisonraw":1,"stat.killEntity.ZombieVillager":2,"stat.pickup.minecraft.nether_brick":2,"stat.pickup.minecraft.beef":131,"stat.mineBlock.minecraft.stained_hardened_clay":2,"stat.useItem.minecraft.fence":170,"stat.useItem.minecraft.dark_oak_door":3,"stat.pickup.minecraft.potion":2,"stat.mineBlock.simpleores.tin_ore":21,"stat.useItem.xlfoodmod.onion":1,"stat.mineBlock.minecraft.fence":15,"stat.useItem.minecraft.flint_and_steel":6,"stat.useItem.minecraft.wheat_seeds":28,"stat.pickup.xlfoodmod.salt":14,"stat.killEntity.Husk":1,"stat.killEntity.betteranimalsplus.zotzpyre":1,"stat.pickup.minecraft.emerald":11,"stat.deaths":8,"stat.pickup.minecraft.bowl":1,"stat.craftItem.futuremc.blast_furnace":3,"stat.pickup.minecraft.egg":14,"stat.mineBlock.minecraft.stone_pressure_plate":2,"stat.craftItem.minecraft.iron_pickaxe":2,"stat.drop.minecraft.iron_ingot":1,"stat.craftItem.minecraft.repeater":1,"stat.mineBlock.minecraft.tallgrass":260,"stat.fishCaught":20,"stat.craftItem.minecraft.cooked_mutton":13,"stat.chestOpened":491,"stat.killEntity.betteranimalsplus.goose":3,"stat.craftItem.minecraft.sign":12,"stat.useItem.minecraft.stone":58,"stat.pickup.minecraft.arrow":24,"stat.drop.tombstone.lost_tablet":1,"stat.crouchOneCm":58719,"stat.mineBlock.minecraft.chest":4,"stat.craftItem.minecraft.iron_ingot":213,"stat.mineBlock.futuremc.lily_of_the_valley":1,"stat.craftItem.minecraft.hopper":6,"stat.craftingTableInteraction":206,"stat.mineBlock.minecraft.log2":141,"stat.drop.minecraft.double_plant":1,"stat.useItem.minecraft.dark_oak_fence":8,"stat.useItem.minecraft.reeds":65,"stat.pickup.minecraft.birch_boat":3,"stat.pickup.minecraft.dye":188,"stat.pickup.minecraft.planks":382,"stat.craftItem.minecraft.diamond_shovel":2,"stat.pickup.minecraft.wheat_seeds":67,"stat.mineBlock.simpleores.mythril_ore":10,"stat.mineBlock.xlfoodmod.grass":9,"stat.mineBlock.minecraft.dirt":1897,"stat.killEntity.betteranimalsplus.eel_freshwater":1,"stat.drop.minecraft.paper":1,"stat.drop.futuremc.dark_oak_trapdoor":1,"stat.pickup.betteranimalsplus.boarhead_2":1,"stat.drop.minecraft.porkchop":1,"stat.drop.minecraft.rotten_flesh":1,"stat.useItem.minecraft.cobblestone":1287,"stat.useItem.minecraft.gravel":6,"stat.mineBlock.minecraft.double_plant":6,"stat.useItem.simpleores.mythril_ore":2,"stat.craftItem.minecraft.gold_ingot":44,"stat.pickup.minecraft.hopper":1,"stat.pickup.minecraft.chicken":23,"stat.pickup.minecraft.apple":4,"stat.useItem.minecraft.glass_pane":35,"stat.drop.minecraft.fish":1,"stat.craftItem.minecraft.bucket":1,"stat.craftItem.minecraft.planks":2336,"stat.useItem.minecraft.iron_sword":125,"stat.pickup.futuremc.cornflower":6,"stat.itemEnchanted":4,"stat.craftItem.minecraft.fishing_rod":2,"stat.pickup.minecraft.book":63,"stat.mineBlock.minecraft.log":712,"stat.craftItem.minecraft.wooden_door":3,"stat.useItem.minecraft.wooden_door":8,"stat.craftItem.minecraft.paper":234,"stat.pickup.minecraft.red_flower":1,"stat.pickup.minecraft.wool":18,"stat.killEntity.betteranimalsplus.badger":1,"stat.useItem.minecraft.wooden_axe":19,"stat.craftItem.minecraft.diamond_leggings":2,"stat.mineBlock.minecraft.cobblestone":686,"stat.pickup.minecraft.flint":4,"stat.mineBlock.minecraft.yellow_flower":1,"stat.craftItem.tombstone.grave_key":1,"stat.drop.minecraft.cobblestone":1,"stat.pickup.minecraft.cooked_porkchop":1,"stat.useItem.minecraft.obsidian":20,"stat.useItem.minecraft.stone_slab2":207,"stat.pickup.minecraft.bow":4,"stat.craftItem.minecraft.dark_oak_door":3,"stat.craftItem.minecraft.furnace":28,"stat.useItem.minecraft.egg":4,"stat.craftItem.minecraft.iron_boots":1,"stat.craftItem.futuremc.smooth_stone":17,"stat.craftItem.minecraft.cooked_beef":119,"stat.pickup.simpleores.copper_ore":27,"stat.mineBlock.minecraft.obsidian":39,"stat.pickup.minecraft.diamond_leggings":1,"stat.flyOneCm":2644612,"stat.pickup.minecraft.sandstone":68,"stat.pickup.minecraft.nether_brick_stairs":4,"stat.pickup.minecraft.fish":12,"stat.killEntity.betteranimalsplus.deer":1,"stat.timeSinceDeath":153052,"stat.pickup.futuremc.smoker":2,"stat.craftItem.minecraft.iron_block":3,"stat.useItem.minecraft.potato":21,"stat.pickup.minecraft.nether_wart":56,"stat.pickup.xlfoodmod.cucumber_seeds":2,"stat.mineBlock.minecraft.coal_ore":225,"stat.drop.minecraft.wool":1,"stat.killEntity.Creeper":8,"stat.talkedToVillager":15,"stat.craftItem.minecraft.stone_hoe":2,"stat.pickup.minecraft.string":32,"stat.pickup.tombstone.crafting_ingredient":30,"stat.drop.minecraft.oak_stairs":1,"stat.useItem.minecraft.written_book":1,"stat.sprintOneCm":2874391,"stat.useItem.minecraft.diamond_shovel":2099,"stat.killEntity.betteranimalsplus.pheasant":1,"stat.mineBlock.minecraft.stone_slab":11,"stat.craftItem.minecraft.wooden_axe":1,"stat.useItem.tombstone.magic_scroll":9,"stat.mineBlock.minecraft.diamond_ore":101,"stat.useItem.betteranimalsplus.pheasant_egg":1,"stat.pickup.simpleores.onyx_gem":2,"stat.craftItem.minecraft.wooden_pressure_plate":1,"stat.useItem.betteranimalsplus.venisonraw":2,"stat.useItem.minecraft.ladder":5,"stat.killEntity.Zombie":270,"stat.mineBlock.xlfoodmod.rock_salt":5,"stat.craftItem.minecraft.diamond_axe":1,"stat.mineBlock.minecraft.gold_ore":55,"stat.diveOneCm":309203,"stat.drop.minecraft.diamond_pickaxe":3,"stat.pickup.minecraft.wheat":11,"stat.mineBlock.minecraft.mossy_cobblestone":104,"stat.craftItem.minecraft.ladder":12,"stat.pickup.minecraft.sign":9,"stat.mineBlock.simpleores.onyx_ore":2,"stat.craftItem.minecraft.cooked_porkchop":64,"stat.useItem.minecraft.chicken":1,"stat.pickup.minecraft.obsidian":37,"stat.useItem.minecraft.rotten_flesh":3,"stat.pickup.xlfoodmod.onion":2,"stat.craftItem.minecraft.diamond_sword":1,"stat.jump":15880,"stat.useItem.minecraft.sand":10,"stat.pickup.minecraft.coal":342,"stat.pickup.minecraft.iron_ingot":77,"stat.useItem.futuremc.dark_oak_trapdoor":1,"stat.drop.minecraft.diamond_sword":1,"stat.pickup.minecraft.gunpowder":19,"stat.craftItem.minecraft.torch":108,"stat.pickup.minecraft.dirt":1855,"stat.pickup.minecraft.gold_ore":52,"stat.useItem.minecraft.sapling":8,"stat.mineBlock.minecraft.lapis_ore":15,"stat.craftItem.futuremc.grindstone":1,"stat.mineBlock.minecraft.glass_pane":1,"stat.damageTaken":13259,"stat.mineBlock.minecraft.torch":95,"stat.mineBlock.minecraft.red_flower":1,"stat.pickup.minecraft.log2":138,"stat.mineBlock.minecraft.sandstone_stairs":1,"stat.pickup.minecraft.bed":5,"stat.pickup.xlfoodmod.rice_seeds":1,"stat.pickup.minecraft.potato":21,"stat.pickup.minecraft.diamond_axe":2,"stat.entityKilledBy.LavaSlime":1,"stat.craftItem.minecraft.stone_slab":24,"stat.useItem.futuremc.blast_furnace":1,"stat.useItem.minecraft.chest":35,"stat.pickup.simpleores.mythril_ore":8,"stat.pickup.minecraft.diamond_pickaxe":3,"stat.killEntity.betteranimalsplus.feralwolf":1,"stat.mineBlock.futuremc.smoker":2,"stat.pickup.betteranimalsplus.pheasant_egg":4,"stat.useItem.tombstone.gift":2,"stat.useItem.betteranimalsplus.eel_meat_raw":2,"stat.craftItem.minecraft.iron_chestplate":1,"stat.pickup.minecraft.ender_pearl":1,"stat.pickup.minecraft.cooked_beef":10,"stat.useItem.minecraft.netherrack":115,"stat.mineBlock.minecraft.tnt":18,"stat.craftItem.minecraft.bookshelf":26,"stat.useItem.minecraft.tripwire_hook":1,"stat.killEntity.betteranimalsplus.lamprey":1,"stat.mobKills":556,"stat.pickup.minecraft.diamond_boots":1,"stat.mineBlock.minecraft.bookshelf":21,"stat.useItem.minecraft.mossy_cobblestone":91,"stat.pickup.minecraft.diamond":99,"stat.pickup.minecraft.torch":96,"stat.drop.minecraft.diamond_shovel":3,"stat.pickup.betteranimalsplus.antler":4,"stat.useItem.minecraft.bookshelf":21,"stat.useItem.minecraft.soul_sand":31,"stat.killEntity.Blaze":27,"stat.pickup.minecraft.fishing_rod":2,"stat.useItem.minecraft.planks":904,"stat.useItem.simpleores.tin_ore":3,"stat.craftItem.betteranimalsplus.eel_meat_cooked":2,"stat.pickup.minecraft.glowstone_dust":1,"stat.pickup.minecraft.porkchop":107,"stat.useItem.minecraft.water_bucket":65,"stat.mineBlock.minecraft.nether_brick_fence":1,"stat.pickup.minecraft.sand":117,"stat.craftItem.minecraft.dark_oak_fence":3,"stat.mineBlock.minecraft.sand":119,"stat.pickup.betteranimalsplus.eel_meat_raw":6,"stat.hopperInspected":6,"stat.useItem.minecraft.oak_stairs":236,"stat.pickup.xlfoodmod.lettuce_seeds":2,"stat.mineBlock.futuremc.cornflower":7,"stat.pickup.minecraft.furnace":16,"stat.useItem.minecraft.cooked_mutton":1,"stat.pickup.xlfoodmod.vanilla_flower":4,"stat.drop.minecraft.fishing_rod":1,"stat.pickup.tombstone.magic_scroll":11,"stat.killEntity.betteranimalsplus.tarantula":1,"stat.useItem.minecraft.hopper":4,"stat.mineBlock.minecraft.soul_sand":57,"stat.craftItem.minecraft.heavy_weighted_pressure_plate":1,"stat.mineBlock.minecraft.oak_stairs":24,"stat.pickup.xlfoodmod.pepper_seeds":1,"stat.killEntity.betteranimalsplus.songbird":4,"stat.playOneMinute":1117740,"stat.pickup.minecraft.blaze_rod":13,"stat.pickup.minecraft.netherrack":479,"stat.craftItem.futuremc.smoker":7,"stat.mineBlock.minecraft.dark_oak_fence":8,"stat.craftItem.minecraft.carpet":6,"stat.mineBlock.minecraft.netherrack":972,"stat.pickup.betteranimalsplus.venisonraw":3,"stat.fallOneCm":445279,"stat.drop.minecraft.stone":6,"stat.pickup.simpleores.tin_ore":21,"stat.craftItem.minecraft.chest":51,"stat.pickup.simpleores.adamantium_sword":1,"stat.pickup.minecraft.feather":30,"stat.craftItem.minecraft.wooden_button":8,"stat.useItem.minecraft.furnace":19,"stat.useItem.futuremc.smoker":4,"stat.killEntity.Llama":2,"stat.mineBlock.minecraft.gravel":40,"stat.useItem.minecraft.stone_pickaxe":77,"stat.craftItem.minecraft.iron_leggings":1,"stat.useItem.minecraft.wool":3,"stat.craftItem.minecraft.oak_stairs":240,"stat.mineBlock.simpleores.copper_ore":26,"stat.useItem.minecraft.torch":166,"stat.drop.tombstone.crafting_ingredient":1,"stat.pickup.minecraft.crafting_table":26,"stat.useItem.minecraft.log":216,"stat.craftItem.minecraft.crafting_table":15,"stat.mineBlock.minecraft.emerald_ore":11,"stat.pickup.minecraft.log":708,"stat.craftItem.minecraft.stone_button":8,"stat.killEntity.betteranimalsplus.coyote":8,"stat.drop.minecraft.planks":2,"stat.pickup.minecraft.sapling":22,"stat.pickup.minecraft.wooden_door":11,"stat.pickup.minecraft.diamond_helmet":1,"stat.killEntity.WitherSkeleton":3,"stat.mineBlock.simpleores.adamantium_ore":21,"stat.craftItem.minecraft.cooked_chicken":7,"stat.useItem.minecraft.stone_hoe":144,"stat.craftItem.minecraft.sugar":1,"stat.sneakTime":27160,"stat.entityKilledBy.Blaze":1,"stat.pickup.minecraft.stone_slab":11,"stat.drop.minecraft.wooden_axe":1,"stat.useItem.minecraft.fishing_rod":104,"stat.pickup.minecraft.chest":2,"stat.craftItem.minecraft.enchanting_table":1,"stat.craftItem.minecraft.diamond_chestplate":2,"stat.pickup.minecraft.bone":42,"stat.pickup.minecraft.stone_pressure_plate":4,"stat.mineBlock.minecraft.brown_mushroom":6,"stat.useItem.minecraft.diamond_sword":1140,"stat.craftItem.minecraft.diamond_helmet":2,"stat.craftItem.minecraft.iron_trapdoor":1,"stat.swimOneCm":232201,"stat.climbOneCm":11585,"stat.useItem.minecraft.dirt":1155,"stat.killEntity.betteranimalsplus.boar":6,"stat.pickup.minecraft.anvil":4,"stat.useItem.minecraft.iron_ore":4,"stat.craftItem.minecraft.stone_pickaxe":1,"stat.killEntity.betteranimalsplus.crab":1,"stat.pickup.minecraft.cobblestone":3302,"stat.drop.minecraft.fence":1,"stat.pickup.minecraft.soul_sand":57,"stat.drop.minecraft.wheat_seeds":2,"stat.useItem.minecraft.cooked_beef":110,"stat.pickup.minecraft.redstone":147,"stat.mineBlock.minecraft.iron_ore":439,"stat.craftItem.minecraft.book":74,"stat.drop.minecraft.log":3,"stat.useItem.minecraft.sign":7,"stat.mineBlock.xlfoodmod.vanilla_flower":2,"stat.pickup.minecraft.mutton":33,"stat.pickup.minecraft.mossy_cobblestone":98,"stat.pickup.minecraft.wooden_axe":1,"stat.pickup.minecraft.dark_oak_door":1,"stat.useItem.minecraft.cooked_porkchop":58,"stat.pickup.minecraft.diamond_shovel":3,"stat.mineBlock.minecraft.nether_brick":2,"stat.killEntity.betteranimalsplus.turkey":1,"stat.pickup.xlfoodmod.corn_seeds":1,"stat.craftItem.minecraft.stone_slab2":0,"stat.pickup.tombstone.lost_tablet":4,"stat.pickup.minecraft.paper":7,"stat.craftItem.minecraft.stick":300,"stat.useItem.minecraft.stone_slab":15,"stat.craftItem.minecraft.stone":64,"stat.mineBlock.minecraft.crafting_table":27,"stat.useItem.minecraft.diamond_pickaxe":5635,"stat.pickup.minecraft.diamond_chestplate":1,"stat.mineBlock.minecraft.planks":193,"stat.drop":58,"stat.killEntity.Sheep":14,"stat.craftItem.minecraft.diamond_pickaxe":3,"stat.craftItem.minecraft.piston":2,"stat.pickup.minecraft.gravel":26,"stat.drop.minecraft.cooked_beef":19,"stat.useItem.minecraft.diamond_axe":1317,"stat.mineBlock.minecraft.anvil":4,"stat.useItem.minecraft.apple":1,"stat.useItem.minecraft.porkchop":20,"stat.useItem.minecraft.carpet":4,"stat.drop.minecraft.cooked_porkchop":1,"stat.pickup.minecraft.diamond_sword":1,"stat.craftItem.travelersbackpack.backpack_tank":2,"stat.pickup.minecraft.fence":14,"stat.craftItem.minecraft.birch_boat":1,"stat.useItem.minecraft.stone_axe":63,"stat.useItem.minecraft.piston":1,"stat.pickup.minecraft.spider_eye":5,"stat.craftItem.minecraft.iron_helmet":1,"stat.useItem.minecraft.cooked_chicken":4,"stat.pickup.minecraft.iron_ore":442,"stat.boatOneCm":345824,"stat.craftItem.minecraft.flint_and_steel":1,"stat.pickup.xlfoodmod.tomato_seeds":2,"stat.mineBlock.minecraft.leaves2":9,"stat.pickup.minecraft.leather":97,"stat.mineBlock.minecraft.furnace":14,"stat.useItem.minecraft.wooden_pickaxe":31,"stat.pickup.minecraft.dark_oak_fence":10,"stat.pickup.minecraft.reeds":322,"tombstone:undead_killed":309,"stat.pickup.minecraft.oak_stairs":46,"stat.useItem.xlfoodmod.lettuce":1,"stat.damageDealt":59791,"stat.craftItem.minecraft.glass":95,"stat.sleepInBed":4,"stat.craftItem.minecraft.anvil":1,"stat.mineBlock.minecraft.nether_brick_stairs":4,"stat.killEntity.Cow":71,"stat.useItem.minecraft.crafting_table":6,"stat.killEntity.Pig":46,"stat.craftItem.minecraft.iron_sword":1,"stat.walkOneCm":2658988,"stat.pickup.minecraft.stick":4,"stat.drop.minecraft.diamond_axe":2,"stat.craftItem.minecraft.diamond_boots":2,"stat.pickup.minecraft.tnt":18,"stat.pickup.minecraft.stone":319,"stat.mineBlock.minecraft.wool":3,"stat.pickup.betteranimalsplus.pheasantraw":1,"stat.killEntity.Skeleton":33,"stat.killEntity.Chicken":19,"stat.killEntity.Spider":19,"stat.mineBlock.minecraft.quartz_ore":68,"stat.craftItem.minecraft.tnt":7,"stat.pickup.minecraft.quartz":47,"stat.craftItem.minecraft.fence":162,"stat.mineBlock.minecraft.leaves":140,"stat.mineBlock.minecraft.redstone_ore":33,"stat.craftItem.minecraft.tripwire_hook":2,"stat.mineBlock.minecraft.stone":3170,"stat.useItem.minecraft.sandstone":35}