{"stat.walkOneCm":33439,"stat.leaveGame":2,"stat.jump":203,"stat.swimOneCm":944,"stat.fallOneCm":4491,"stat.crouchOneCm":555,"stat.pickup.minecraft.dirt":1,"stat.sprintOneCm":34780,"stat.pickup.xlfoodmod.vanilla_flower":1,"stat.useItem.minecraft.stone_slab2":2,"stat.damageTaken":120,"stat.flyOneCm":43928,"stat.pickup.minecraft.wheat_seeds":1,"stat.drop":1,"stat.playOneMinute":18159,"stat.drop.minecraft.wheat_seeds":1,"stat.sneakTime":439,"stat.damageDealt":58,"stat.timeSinceDeath":18159,"stat.mineBlock.minecraft.dirt":1,"stat.mineBlock.minecraft.tallgrass":3,"stat.diveOneCm":992}