{"stat.leaveGame":12,"stat.useItem.minecraft.bookshelf":6,"stat.killEntity.betteranimalsplus.goat":1,"stat.pickup.tombstone.familiar_stone":1,"stat.useItem.minecraft.planks":899,"stat.useItem.simpleores.tin_ore":1,"stat.pickup.simpleores.adamantium_ore":11,"stat.craftItem.betteranimalsplus.eel_meat_cooked":2,"stat.pickup.minecraft.glowstone_dust":1,"stat.pickup.minecraft.porkchop":73,"stat.craftItem.futuremc.dark_oak_trapdoor":2,"stat.useItem.minecraft.water_bucket":25,"stat.pickup.minecraft.rotten_flesh":21,"stat.pickup.minecraft.sand":64,"stat.craftItem.minecraft.stone_axe":1,"stat.killEntity.Enderman":1,"stat.mineBlock.minecraft.sand":64,"stat.killEntity.Witch":1,"stat.pickup.betteranimalsplus.eel_meat_raw":6,"stat.pickup.xlfoodmod.strawberry_seeds":2,"stat.useItem.minecraft.iron_pickaxe":499,"stat.craftItem.minecraft.wooden_pickaxe":1,"stat.pickup.minecraft.double_plant":1,"stat.craftItem.minecraft.bed":1,"stat.craftItem.minecraft.glass_pane":64,"stat.mineBlock.minecraft.vine":3,"stat.useItem.minecraft.oak_stairs":236,"stat.furnaceInteraction":81,"stat.mineBlock.futuremc.cornflower":6,"stat.pickup.minecraft.beef":82,"stat.pickup.minecraft.furnace":9,"stat.pickup.xlfoodmod.vanilla_flower":4,"stat.useItem.minecraft.fence":170,"stat.useItem.minecraft.dark_oak_door":3,"stat.mineBlock.simpleores.tin_ore":14,"stat.useItem.xlfoodmod.onion":1,"stat.mineBlock.minecraft.fence":15,"stat.useItem.minecraft.wheat_seeds":20,"stat.pickup.xlfoodmod.salt":5,"stat.killEntity.betteranimalsplus.zotzpyre":1,"stat.pickup.minecraft.emerald":1,"stat.mineBlock.minecraft.oak_stairs":24,"stat.deaths":2,"stat.pickup.xlfoodmod.pepper_seeds":1,"stat.craftItem.futuremc.blast_furnace":3,"stat.killEntity.betteranimalsplus.songbird":2,"stat.pickup.minecraft.egg":13,"stat.playOneMinute":541860,"stat.craftItem.minecraft.iron_pickaxe":2,"stat.mineBlock.minecraft.tallgrass":168,"stat.chestOpened":56,"stat.craftItem.futuremc.smoker":1,"stat.killEntity.betteranimalsplus.goose":1,"stat.useItem.minecraft.stone":27,"stat.pickup.minecraft.arrow":7,"stat.fallOneCm":173012,"stat.pickup.simpleores.tin_ore":14,"stat.crouchOneCm":32860,"stat.mineBlock.minecraft.chest":1,"stat.craftItem.minecraft.iron_ingot":149,"stat.craftItem.minecraft.chest":40,"stat.pickup.simpleores.adamantium_sword":1,"stat.craftingTableInteraction":100,"stat.mineBlock.minecraft.log2":82,"stat.pickup.minecraft.feather":22,"stat.useItem.minecraft.reeds":61,"stat.useItem.minecraft.furnace":19,"stat.pickup.minecraft.dye":26,"stat.pickup.minecraft.planks":378,"stat.craftItem.minecraft.diamond_shovel":2,"stat.pickup.minecraft.wheat_seeds":37,"stat.mineBlock.simpleores.mythril_ore":8,"stat.mineBlock.minecraft.gravel":19,"stat.useItem.minecraft.stone_pickaxe":77,"stat.craftItem.minecraft.iron_leggings":1,"stat.craftItem.minecraft.oak_stairs":240,"stat.mineBlock.xlfoodmod.grass":8,"stat.mineBlock.minecraft.dirt":1760,"stat.mineBlock.simpleores.copper_ore":16,"stat.killEntity.betteranimalsplus.eel_freshwater":1,"stat.useItem.minecraft.torch":83,"stat.drop.futuremc.dark_oak_trapdoor":1,"stat.drop.tombstone.crafting_ingredient":1,"stat.drop.minecraft.porkchop":1,"stat.pickup.minecraft.crafting_table":22,"stat.useItem.minecraft.log":216,"stat.useItem.minecraft.cobblestone":188,"stat.craftItem.minecraft.crafting_table":12,"stat.mineBlock.minecraft.double_plant":2,"stat.mineBlock.minecraft.emerald_ore":1,"stat.useItem.simpleores.mythril_ore":2,"stat.pickup.minecraft.log":647,"stat.drop.minecraft.planks":2,"stat.pickup.minecraft.chicken":14,"stat.pickup.minecraft.sapling":20,"stat.pickup.minecraft.wooden_door":11,"stat.pickup.minecraft.apple":2,"stat.useItem.minecraft.glass_pane":35,"stat.craftItem.minecraft.bucket":1,"stat.craftItem.minecraft.planks":1976,"stat.useItem.minecraft.iron_sword":125,"stat.pickup.futuremc.cornflower":5,"stat.mineBlock.simpleores.adamantium_ore":14,"stat.mineBlock.minecraft.log":656,"stat.craftItem.minecraft.wooden_door":3,"stat.craftItem.minecraft.cooked_chicken":5,"stat.useItem.minecraft.stone_hoe":144,"stat.useItem.minecraft.wooden_door":8,"stat.craftItem.minecraft.sugar":1,"stat.craftItem.minecraft.paper":81,"stat.pickup.minecraft.red_flower":1,"stat.sneakTime":14491,"stat.pickup.minecraft.wool":10,"stat.useItem.minecraft.wooden_axe":19,"stat.drop.minecraft.wooden_axe":1,"stat.pickup.minecraft.chest":1,"stat.craftItem.minecraft.enchanting_table":1,"stat.craftItem.minecraft.diamond_chestplate":1,"stat.pickup.minecraft.bone":13,"stat.craftItem.minecraft.diamond_leggings":1,"stat.mineBlock.minecraft.cobblestone":29,"stat.pickup.minecraft.flint":4,"stat.useItem.minecraft.diamond_sword":348,"stat.craftItem.minecraft.diamond_helmet":1,"stat.swimOneCm":65689,"stat.climbOneCm":6151,"stat.useItem.minecraft.dirt":1071,"stat.useItem.minecraft.stone_slab2":127,"stat.pickup.minecraft.bow":2,"stat.craftItem.minecraft.dark_oak_door":3,"stat.craftItem.minecraft.furnace":26,"stat.craftItem.minecraft.iron_boots":1,"stat.pickup.minecraft.anvil":4,"stat.useItem.minecraft.iron_ore":1,"stat.craftItem.futuremc.smooth_stone":17,"stat.craftItem.minecraft.stone_pickaxe":1,"stat.craftItem.minecraft.cooked_beef":70,"stat.pickup.simpleores.copper_ore":14,"stat.mineBlock.minecraft.obsidian":26,"stat.pickup.minecraft.cobblestone":1426,"stat.drop.minecraft.fence":1,"stat.flyOneCm":1080264,"stat.drop.minecraft.wheat_seeds":2,"stat.useItem.minecraft.cooked_beef":51,"stat.pickup.minecraft.redstone":71,"stat.mineBlock.minecraft.iron_ore":174,"stat.craftItem.minecraft.book":27,"stat.timeSinceDeath":12420,"stat.drop.minecraft.log":3,"stat.mineBlock.xlfoodmod.vanilla_flower":2,"stat.pickup.minecraft.mutton":18,"stat.pickup.futuremc.smoker":2,"stat.craftItem.minecraft.iron_block":3,"stat.pickup.minecraft.wooden_axe":1,"stat.pickup.minecraft.dark_oak_door":1,"stat.pickup.xlfoodmod.cucumber_seeds":2,"stat.useItem.minecraft.cooked_porkchop":18,"stat.pickup.minecraft.diamond_shovel":2,"stat.mineBlock.minecraft.coal_ore":119,"stat.killEntity.Creeper":6,"stat.talkedToVillager":1,"stat.craftItem.minecraft.stone_hoe":2,"stat.pickup.minecraft.string":11,"stat.pickup.xlfoodmod.corn_seeds":1,"stat.pickup.tombstone.crafting_ingredient":6,"stat.craftItem.minecraft.stone_slab2":0,"stat.drop.minecraft.oak_stairs":1,"stat.useItem.minecraft.written_book":1,"stat.sprintOneCm":1408256,"stat.useItem.minecraft.diamond_shovel":1848,"stat.pickup.minecraft.paper":6,"stat.craftItem.minecraft.stick":188,"stat.craftItem.minecraft.wooden_axe":1,"stat.craftItem.minecraft.stone":56,"stat.mineBlock.minecraft.diamond_ore":83,"stat.mineBlock.minecraft.crafting_table":22,"stat.useItem.minecraft.diamond_pickaxe":1765,"stat.mineBlock.minecraft.planks":189,"stat.drop":24,"stat.killEntity.Sheep":11,"stat.useItem.minecraft.ladder":5,"stat.craftItem.minecraft.diamond_pickaxe":2,"stat.killEntity.Zombie":29,"stat.mineBlock.xlfoodmod.rock_salt":2,"stat.craftItem.minecraft.diamond_axe":1,"stat.mineBlock.minecraft.gold_ore":7,"stat.diveOneCm":164749,"stat.drop.minecraft.diamond_pickaxe":1,"stat.pickup.minecraft.wheat":11,"stat.craftItem.minecraft.ladder":12,"stat.pickup.minecraft.gravel":17,"stat.craftItem.minecraft.cooked_porkchop":29,"stat.drop.minecraft.cooked_beef":6,"stat.useItem.minecraft.diamond_axe":1105,"stat.mineBlock.minecraft.anvil":4,"stat.pickup.minecraft.obsidian":24,"stat.useItem.minecraft.porkchop":2,"stat.useItem.minecraft.rotten_flesh":3,"stat.pickup.xlfoodmod.onion":2,"stat.craftItem.minecraft.diamond_sword":1,"stat.jump":6803,"stat.pickup.minecraft.fence":14,"stat.pickup.minecraft.coal":245,"stat.pickup.minecraft.iron_ingot":27,"stat.useItem.futuremc.dark_oak_trapdoor":1,"stat.useItem.minecraft.stone_axe":63,"stat.pickup.minecraft.gunpowder":3,"stat.craftItem.minecraft.torch":68,"stat.pickup.minecraft.dirt":1651,"stat.craftItem.minecraft.iron_helmet":1,"stat.useItem.minecraft.cooked_chicken":3,"stat.pickup.minecraft.iron_ore":172,"stat.pickup.minecraft.gold_ore":7,"stat.useItem.minecraft.sapling":8,"stat.mineBlock.minecraft.lapis_ore":4,"stat.pickup.xlfoodmod.tomato_seeds":1,"stat.mineBlock.minecraft.glass_pane":1,"stat.damageTaken":4838,"stat.pickup.minecraft.leather":49,"stat.mineBlock.minecraft.furnace":8,"stat.mineBlock.minecraft.torch":33,"stat.mineBlock.minecraft.red_flower":1,"stat.useItem.minecraft.wooden_pickaxe":31,"stat.pickup.minecraft.log2":79,"stat.pickup.minecraft.reeds":157,"stat.pickup.minecraft.bed":5,"tombstone:undead_killed":41,"stat.pickup.xlfoodmod.rice_seeds":1,"stat.pickup.minecraft.oak_stairs":46,"stat.pickup.minecraft.diamond_axe":2,"stat.damageDealt":21016,"stat.craftItem.minecraft.glass":64,"stat.sleepInBed":3,"stat.craftItem.minecraft.anvil":1,"stat.killEntity.Cow":45,"stat.useItem.minecraft.crafting_table":6,"stat.killEntity.Pig":34,"stat.craftItem.minecraft.iron_sword":1,"stat.walkOneCm":1453657,"stat.useItem.futuremc.blast_furnace":1,"stat.useItem.minecraft.chest":32,"stat.pickup.minecraft.stick":2,"stat.pickup.simpleores.mythril_ore":7,"stat.pickup.minecraft.diamond_pickaxe":1,"stat.drop.minecraft.diamond_axe":2,"stat.mineBlock.futuremc.smoker":2,"stat.craftItem.minecraft.diamond_boots":1,"stat.useItem.tombstone.gift":1,"stat.pickup.minecraft.stone":250,"stat.useItem.betteranimalsplus.eel_meat_raw":2,"stat.craftItem.minecraft.iron_chestplate":1,"stat.pickup.minecraft.ender_pearl":1,"stat.pickup.minecraft.cooked_beef":3,"stat.killEntity.Skeleton":12,"stat.craftItem.minecraft.bookshelf":8,"stat.killEntity.Chicken":11,"stat.killEntity.Spider":8,"stat.killEntity.betteranimalsplus.lamprey":1,"stat.mobKills":167,"stat.craftItem.minecraft.fence":162,"stat.pickup.minecraft.diamond":81,"stat.mineBlock.minecraft.leaves":108,"stat.pickup.minecraft.torch":33,"stat.mineBlock.minecraft.redstone_ore":16,"stat.drop.minecraft.diamond_shovel":2,"stat.mineBlock.minecraft.stone":1827}