{"stat.leaveGame":28,"stat.killEntity.betteranimalsplus.goat":15,"stat.pickup.tombstone.familiar_stone":9,"stat.mineBlock.minecraft.sandstone":98,"stat.craftItem.minecraft.ender_eye":1,"stat.useItem.simpleores.copper_ore":4,"stat.killEntity.PigZombie":1,"stat.pickup.simpleores.adamantium_ore":19,"stat.entityKilledBy.PigZombie":1,"stat.craftItem.futuremc.dark_oak_trapdoor":2,"stat.pickup.minecraft.rotten_flesh":355,"stat.killEntity.Donkey":1,"stat.craftItem.minecraft.stone_axe":1,"stat.useItem.minecraft.birch_boat":3,"stat.craftItem.minecraft.noteblock":1,"stat.pickup.minecraft.cobblestone_wall":60,"stat.killEntity.Enderman":5,"stat.pickup.minecraft.leather_boots":1,"stat.killEntity.betteranimalsplus.brownbear":1,"stat.pickup.minecraft.brown_mushroom":15,"stat.killEntity.Witch":2,"stat.pickup.xlfoodmod.strawberry_seeds":2,"stat.pickup.xlfoodmod.lettuce":2,"stat.useItem.minecraft.iron_pickaxe":499,"stat.pickup.securitycraft.universal_block_remover":1,"stat.pickup.minecraft.stained_hardened_clay":2,"stat.craftItem.minecraft.wooden_pickaxe":1,"stat.pickup.minecraft.double_plant":3,"stat.craftItem.minecraft.bed":1,"stat.craftItem.minecraft.glass_pane":64,"stat.mineBlock.minecraft.vine":3,"stat.mineBlock.minecraft.hopper":3,"stat.furnaceInteraction":162,"stat.useItem.minecraft.nether_wart":42,"stat.drop.betteranimalsplus.venisonraw":1,"stat.killEntity.ZombieVillager":4,"stat.pickup.minecraft.nether_brick":2,"stat.pickup.minecraft.beef":136,"stat.craftItem.simpleores.onyx_rod":2,"stat.mineBlock.minecraft.stained_hardened_clay":2,"stat.useItem.minecraft.fence":170,"stat.useItem.minecraft.dark_oak_door":3,"stat.pickup.minecraft.potion":8,"stat.mineBlock.simpleores.tin_ore":37,"stat.useItem.xlfoodmod.onion":1,"stat.mineBlock.minecraft.fence":15,"stat.useItem.minecraft.flint_and_steel":6,"stat.useItem.minecraft.wheat_seeds":106,"stat.pickup.xlfoodmod.salt":14,"stat.killEntity.Husk":3,"stat.killEntity.betteranimalsplus.zotzpyre":2,"stat.craftItem.simpleores.onyx_helmet":1,"stat.pickup.minecraft.emerald":38,"stat.deaths":15,"stat.pickup.minecraft.bowl":3,"stat.craftItem.futuremc.blast_furnace":3,"stat.pickup.minecraft.egg":14,"stat.mineBlock.minecraft.stone_pressure_plate":2,"stat.craftItem.minecraft.iron_pickaxe":2,"stat.drop.minecraft.iron_ingot":1,"stat.craftItem.minecraft.repeater":1,"stat.drop.minecraft.glass_bottle":1,"stat.mineBlock.minecraft.tallgrass":371,"stat.fishCaught":157,"stat.craftItem.minecraft.cooked_mutton":59,"stat.chestOpened":1054,"stat.useItem.minecraft.splash_potion":1,"stat.killEntity.betteranimalsplus.goose":3,"stat.craftItem.minecraft.sign":15,"stat.useItem.minecraft.stone":90,"stat.pickup.minecraft.arrow":38,"stat.craftItem.minecraft.quartz_block":27,"stat.pickup.minecraft.gold_nugget":1,"stat.craftItem.minecraft.coal":1,"stat.drop.tombstone.lost_tablet":2,"stat.craftItem.minecraft.ender_chest":1,"stat.pickup.betteranimalsplus.bear_skin_brown":2,"stat.crouchOneCm":96176,"stat.mineBlock.minecraft.chest":7,"stat.craftItem.minecraft.iron_ingot":329,"stat.mineBlock.futuremc.lily_of_the_valley":1,"stat.craftItem.minecraft.hopper":6,"stat.craftingTableInteraction":272,"stat.pickup.minecraft.repeater":1,"stat.mineBlock.minecraft.log2":142,"stat.drop.minecraft.double_plant":1,"stat.useItem.minecraft.dark_oak_fence":8,"stat.useItem.futuremc.sweet_berries":10,"stat.useItem.minecraft.reeds":65,"stat.pickup.minecraft.birch_boat":3,"stat.pickup.minecraft.dye":224,"stat.pickup.minecraft.planks":422,"stat.craftItem.minecraft.diamond_shovel":3,"stat.pickup.minecraft.wheat_seeds":181,"stat.mineBlock.simpleores.mythril_ore":12,"stat.mineBlock.xlfoodmod.grass":9,"stat.mineBlock.minecraft.dirt":2095,"stat.killEntity.VindicationIllager":6,"stat.pickup.minecraft.poisonous_potato":1,"stat.killEntity.betteranimalsplus.eel_freshwater":1,"stat.drop.minecraft.paper":1,"stat.useItem.minecraft.bread":14,"stat.drop.futuremc.dark_oak_trapdoor":1,"stat.pickup.betteranimalsplus.boarhead_2":1,"stat.drop.minecraft.porkchop":1,"stat.drop.minecraft.rotten_flesh":3,"stat.useItem.minecraft.cobblestone":1327,"stat.pickup.minecraft.magma":12,"stat.useItem.minecraft.gravel":6,"stat.mineBlock.minecraft.double_plant":7,"stat.useItem.simpleores.mythril_ore":2,"stat.pickup.tombstone.impregnated_diamond":1,"stat.craftItem.tombstone.dust_of_vanishing":3,"stat.craftItem.minecraft.gold_ingot":44,"stat.pickup.minecraft.hopper":3,"stat.pickup.minecraft.chicken":23,"stat.craftItem.minecraft.brewing_stand":1,"stat.pickup.minecraft.apple":4,"stat.useItem.minecraft.glass_pane":35,"stat.drop.minecraft.fish":1,"stat.craftItem.minecraft.bucket":2,"stat.craftItem.minecraft.planks":2340,"stat.useItem.minecraft.iron_sword":127,"stat.pickup.futuremc.cornflower":9,"stat.itemEnchanted":11,"stat.useItem.securitycraft.universal_block_remover":1,"stat.craftItem.minecraft.fishing_rod":4,"stat.pickup.minecraft.book":121,"stat.mineBlock.minecraft.log":712,"stat.craftItem.minecraft.wooden_door":3,"stat.useItem.minecraft.wooden_door":8,"stat.craftItem.minecraft.paper":234,"stat.pickup.minecraft.red_flower":31,"stat.pickup.minecraft.wool":21,"stat.killEntity.betteranimalsplus.badger":3,"stat.pickup.minecraft.cooked_fish":1,"stat.useItem.minecraft.wooden_axe":19,"stat.pickup.minecraft.tripwire_hook":2,"stat.craftItem.minecraft.diamond_leggings":3,"stat.useItem.simpleores.onyx_pickaxe":90,"stat.mineBlock.minecraft.cobblestone":714,"stat.pickup.minecraft.flint":4,"stat.mineBlock.minecraft.yellow_flower":1,"stat.craftItem.tombstone.grave_key":2,"stat.craftItem.minecraft.wool":2,"stat.pickup.minecraft.enchanted_book":4,"stat.drop.minecraft.cobblestone":1,"stat.pickup.minecraft.cooked_porkchop":1,"stat.useItem.securitycraft.dirt_mine":2,"stat.useItem.minecraft.obsidian":20,"stat.useItem.minecraft.stone_slab2":266,"stat.pickup.minecraft.bow":11,"stat.craftItem.minecraft.dark_oak_door":3,"stat.craftItem.minecraft.furnace":29,"stat.useItem.minecraft.egg":4,"stat.craftItem.minecraft.iron_boots":2,"stat.craftItem.futuremc.smooth_stone":17,"stat.craftItem.minecraft.cooked_beef":124,"stat.pickup.simpleores.copper_ore":36,"stat.mineBlock.minecraft.obsidian":41,"stat.pickup.minecraft.shears":1,"stat.pickup.futuremc.sweet_berries":16,"stat.pickup.minecraft.diamond_leggings":2,"stat.flyOneCm":4810301,"stat.pickup.minecraft.sandstone":71,"stat.pickup.minecraft.nether_brick_stairs":4,"stat.pickup.minecraft.fish":200,"stat.killEntity.betteranimalsplus.deer":1,"stat.timeSinceDeath":152561,"stat.pickup.futuremc.smoker":2,"stat.craftItem.minecraft.iron_block":3,"stat.pickup.travelersbackpack.travelers_backpack":3,"stat.useItem.minecraft.potato":48,"stat.pickup.minecraft.nether_wart":194,"stat.pickup.xlfoodmod.cucumber_seeds":2,"stat.mineBlock.minecraft.coal_ore":429,"stat.drop.minecraft.wool":1,"stat.killEntity.Creeper":13,"stat.talkedToVillager":18,"stat.craftItem.minecraft.stone_hoe":2,"stat.pickup.minecraft.string":43,"stat.pickup.tombstone.crafting_ingredient":79,"stat.drop.minecraft.oak_stairs":1,"stat.useItem.minecraft.written_book":1,"stat.sprintOneCm":4774365,"stat.useItem.minecraft.diamond_shovel":2392,"stat.killEntity.betteranimalsplus.pheasant":1,"stat.mineBlock.minecraft.stone_slab":11,"stat.craftItem.minecraft.wooden_axe":1,"stat.useItem.tombstone.magic_scroll":17,"stat.mineBlock.minecraft.diamond_ore":199,"stat.useItem.betteranimalsplus.pheasant_egg":2,"stat.pickup.simpleores.onyx_gem":49,"stat.entityKilledBy.VindicationIllager":2,"tombstone:use_vanishing":3,"stat.craftItem.minecraft.wooden_pressure_plate":1,"stat.useItem.betteranimalsplus.venisonraw":2,"stat.useItem.minecraft.ladder":5,"stat.pickup.tombstone.grave_key":2,"stat.killEntity.Zombie":836,"stat.pickup.minecraft.snowball":42,"stat.craftItem.minecraft.dye":28,"stat.mineBlock.xlfoodmod.rock_salt":7,"stat.craftItem.minecraft.diamond_axe":2,"stat.mineBlock.minecraft.gold_ore":57,"stat.diveOneCm":398251,"stat.drop.minecraft.diamond_pickaxe":3,"stat.pickup.minecraft.wheat":113,"stat.mineBlock.minecraft.mossy_cobblestone":106,"stat.craftItem.minecraft.ladder":12,"stat.pickup.minecraft.sign":9,"stat.mineBlock.simpleores.onyx_ore":52,"stat.craftItem.minecraft.cooked_porkchop":78,"stat.useItem.minecraft.chicken":1,"stat.pickup.minecraft.obsidian":39,"stat.useItem.minecraft.rotten_flesh":6,"stat.pickup.xlfoodmod.onion":2,"stat.craftItem.minecraft.diamond_sword":2,"stat.jump":28626,"stat.useItem.minecraft.sand":10,"stat.pickup.minecraft.coal":685,"stat.pickup.minecraft.iron_ingot":209,"stat.useItem.futuremc.dark_oak_trapdoor":1,"stat.drop.minecraft.diamond_sword":1,"stat.pickup.minecraft.gunpowder":25,"stat.craftItem.minecraft.torch":108,"stat.pickup.minecraft.dirt":2067,"stat.craftItem.minecraft.fermented_spider_eye":1,"stat.pickup.simpleores.onyx_pickaxe":2,"stat.pickup.minecraft.gold_ore":52,"stat.useItem.minecraft.sapling":8,"stat.mineBlock.minecraft.lapis_ore":15,"stat.craftItem.futuremc.grindstone":1,"stat.mineBlock.minecraft.glass_pane":4,"stat.brewingstandInteraction":35,"stat.damageTaken":22370,"stat.mineBlock.minecraft.torch":135,"stat.mineBlock.minecraft.red_flower":31,"stat.pickup.minecraft.log2":139,"stat.mineBlock.minecraft.sandstone_stairs":1,"stat.pickup.minecraft.bed":5,"stat.pickup.xlfoodmod.rice_seeds":2,"stat.pickup.minecraft.potato":35,"stat.pickup.minecraft.diamond_axe":4,"stat.pickup.minecraft.rabbit_hide":2,"stat.killEntity.Silverfish":1,"stat.useItem.tombstone.dust_of_vanishing":1,"stat.entityKilledBy.LavaSlime":1,"stat.craftItem.futuremc.stonecutter":1,"stat.craftItem.minecraft.stone_slab":24,"stat.useItem.futuremc.blast_furnace":1,"stat.useItem.minecraft.chest":35,"stat.pickup.simpleores.mythril_ore":10,"stat.pickup.minecraft.diamond_pickaxe":4,"stat.killEntity.betteranimalsplus.feralwolf":1,"stat.mineBlock.futuremc.smoker":2,"stat.pickup.betteranimalsplus.pheasant_egg":5,"stat.useItem.tombstone.gift":2,"stat.useItem.betteranimalsplus.eel_meat_raw":3,"stat.craftItem.minecraft.iron_chestplate":2,"stat.pickup.minecraft.ender_pearl":3,"stat.pickup.minecraft.cooked_beef":14,"stat.useItem.minecraft.netherrack":437,"stat.craftItem.travelersbackpack.sleeping_bag_bottom":1,"stat.mineBlock.minecraft.tnt":18,"stat.craftItem.minecraft.bookshelf":26,"stat.useItem.minecraft.tripwire_hook":1,"stat.mineBlock.minecraft.glowstone":9,"stat.killEntity.betteranimalsplus.lamprey":1,"stat.mobKills":1223,"stat.pickup.minecraft.diamond_boots":2,"stat.mineBlock.minecraft.bookshelf":21,"stat.useItem.minecraft.mossy_cobblestone":91,"stat.useItem.minecraft.cobblestone_wall":33,"stat.pickup.minecraft.diamond":205,"stat.pickup.minecraft.beetroot_seeds":28,"stat.pickup.minecraft.torch":150,"stat.drop.minecraft.diamond_shovel":3,"stat.pickup.betteranimalsplus.antler":4,"stat.useItem.minecraft.bookshelf":21,"stat.useItem.minecraft.soul_sand":36,"stat.killEntity.Blaze":27,"stat.craftItem.tombstone.impregnated_diamond":1,"stat.useItem.minecraft.mutton":2,"stat.pickup.minecraft.fishing_rod":13,"stat.useItem.minecraft.planks":904,"stat.useItem.tombstone.familiar_stone":7,"stat.useItem.simpleores.tin_ore":3,"stat.craftItem.betteranimalsplus.eel_meat_cooked":2,"stat.pickup.minecraft.glowstone_dust":27,"stat.pickup.minecraft.porkchop":131,"stat.craftItem.xlfoodmod.flesh":51,"stat.useItem.minecraft.water_bucket":81,"stat.mineBlock.minecraft.nether_brick_fence":1,"stat.pickup.minecraft.sand":117,"stat.craftItem.minecraft.golden_apple":1,"stat.craftItem.minecraft.dark_oak_fence":3,"stat.pickup.minecraft.name_tag":1,"stat.mineBlock.minecraft.snow_layer":29,"stat.mineBlock.minecraft.sand":119,"stat.pickup.betteranimalsplus.eel_meat_raw":9,"stat.craftItem.minecraft.cooked_fish":56,"stat.craftItem.minecraft.blaze_powder":2,"stat.hopperInspected":8,"stat.pickup.securitycraft.cage_trap":1,"stat.craftItem.simpleores.onyx_boots":1,"stat.useItem.minecraft.oak_stairs":236,"stat.pickup.xlfoodmod.lettuce_seeds":4,"stat.mineBlock.futuremc.cornflower":8,"stat.craftItem.simpleores.onyx_bow":1,"stat.pickup.minecraft.furnace":19,"stat.useItem.minecraft.cooked_mutton":53,"stat.pickup.minecraft.totem_of_undying":2,"stat.craftItem.travelersbackpack.travelers_backpack":1,"stat.pickup.xlfoodmod.vanilla_flower":5,"stat.drop.minecraft.fishing_rod":6,"stat.pickup.tombstone.magic_scroll":20,"stat.pickup.futuremc.lily_of_the_valley":1,"stat.killEntity.betteranimalsplus.tarantula":1,"stat.useItem.minecraft.hopper":4,"stat.pickup.minecraft.saddle":1,"stat.mineBlock.minecraft.soul_sand":128,"stat.craftItem.minecraft.heavy_weighted_pressure_plate":1,"stat.mineBlock.minecraft.oak_stairs":24,"stat.pickup.xlfoodmod.pepper_seeds":1,"stat.killEntity.betteranimalsplus.songbird":4,"stat.playOneMinute":1862504,"stat.pickup.minecraft.blaze_rod":13,"stat.pickup.minecraft.netherrack":2958,"stat.pickup.minecraft.spruce_door":2,"stat.craftItem.futuremc.smoker":7,"stat.useItem.minecraft.fish":20,"stat.mineBlock.minecraft.dark_oak_fence":9,"stat.craftItem.minecraft.carpet":6,"stat.mineBlock.minecraft.netherrack":5296,"stat.pickup.minecraft.waterlily":2,"stat.pickup.betteranimalsplus.venisonraw":3,"stat.pickup.tombstone.tablet_of_cupidity":3,"stat.fallOneCm":802782,"stat.drop.minecraft.stone":6,"stat.pickup.simpleores.tin_ore":22,"stat.craftItem.minecraft.chest":52,"stat.pickup.simpleores.adamantium_sword":1,"stat.craftItem.simpleores.onyx_chestplate":1,"stat.pickup.minecraft.feather":31,"stat.craftItem.minecraft.wooden_button":8,"stat.useItem.minecraft.furnace":19,"stat.useItem.futuremc.smoker":4,"stat.killEntity.Llama":2,"stat.mineBlock.minecraft.gravel":69,"stat.useItem.minecraft.stone_pickaxe":77,"stat.craftItem.minecraft.iron_leggings":2,"stat.useItem.minecraft.wool":3,"stat.craftItem.minecraft.oak_stairs":240,"stat.craftItem.securitycraft.dirt_mine":3,"stat.mineBlock.simpleores.copper_ore":57,"stat.mineBlock.minecraft.monster_egg":1,"stat.useItem.minecraft.torch":237,"stat.drop.tombstone.crafting_ingredient":1,"stat.pickup.minecraft.crafting_table":28,"stat.useItem.minecraft.log":216,"stat.craftItem.minecraft.crafting_table":15,"stat.useItem.xlfoodmod.flesh":51,"stat.mineBlock.minecraft.emerald_ore":15,"stat.pickup.minecraft.log":708,"stat.useItem.minecraft.cooked_fish":39,"stat.craftItem.minecraft.stone_button":8,"stat.killEntity.betteranimalsplus.coyote":14,"stat.drop.minecraft.planks":2,"stat.pickup.minecraft.sapling":22,"stat.pickup.minecraft.wooden_door":11,"stat.pickup.minecraft.beetroot":56,"stat.mineBlock.minecraft.tripwire_hook":2,"stat.pickup.minecraft.diamond_helmet":2,"stat.killEntity.WitherSkeleton":3,"stat.entityKilledBy.betteranimalsplus.coyote":1,"stat.mineBlock.simpleores.adamantium_ore":24,"stat.craftItem.minecraft.cooked_chicken":10,"stat.useItem.minecraft.stone_hoe":144,"stat.craftItem.minecraft.sugar":14,"stat.sneakTime":41426,"stat.mineBlock.minecraft.cobblestone_wall":8,"stat.entityKilledBy.Blaze":1,"stat.pickup.minecraft.stone_slab":25,"stat.drop.minecraft.wooden_axe":1,"stat.useItem.minecraft.fishing_rod":348,"stat.pickup.minecraft.chest":3,"stat.craftItem.minecraft.enchanting_table":1,"stat.craftItem.minecraft.diamond_chestplate":3,"stat.pickup.minecraft.bone":60,"stat.pickup.minecraft.stone_pressure_plate":4,"stat.craftItem.simpleores.onyx_leggings":1,"stat.mineBlock.minecraft.brown_mushroom":15,"stat.useItem.minecraft.diamond_sword":1800,"stat.craftItem.minecraft.diamond_helmet":3,"stat.craftItem.minecraft.iron_trapdoor":1,"stat.swimOneCm":334334,"stat.climbOneCm":44293,"stat.craftItem.securitycraft.mine":3,"stat.enderchestOpened":79,"stat.useItem.minecraft.dirt":1301,"stat.killEntity.betteranimalsplus.boar":6,"stat.craftItem.simpleores.onyx_sword":1,"stat.useItem.minecraft.red_flower":12,"stat.pickup.minecraft.anvil":4,"stat.useItem.minecraft.iron_ore":4,"stat.craftItem.minecraft.stone_pickaxe":1,"stat.killEntity.betteranimalsplus.crab":1,"stat.mineBlock.minecraft.magma":98,"stat.pickup.minecraft.cobblestone":4317,"stat.mineBlock.minecraft.carpet":1,"stat.drop.minecraft.fence":1,"stat.craftItem.minecraft.glass_bottle":15,"stat.pickup.minecraft.soul_sand":63,"stat.pickup.minecraft.glass_bottle":3,"stat.drop.minecraft.wheat_seeds":2,"stat.useItem.minecraft.cooked_beef":115,"stat.pickup.minecraft.redstone":314,"stat.mineBlock.minecraft.iron_ore":455,"stat.craftItem.minecraft.book":74,"stat.drop.minecraft.log":3,"stat.useItem.minecraft.sign":9,"stat.mineBlock.xlfoodmod.vanilla_flower":3,"stat.pickup.minecraft.mutton":74,"stat.pickup.minecraft.mossy_cobblestone":98,"stat.pickup.minecraft.wooden_axe":1,"stat.pickup.minecraft.dark_oak_door":1,"stat.useItem.minecraft.cooked_porkchop":69,"stat.pickup.minecraft.iron_shovel":1,"stat.pickup.minecraft.carpet":82,"stat.pickup.minecraft.diamond_shovel":3,"stat.mineBlock.minecraft.nether_brick":2,"stat.killEntity.betteranimalsplus.turkey":1,"stat.pickup.xlfoodmod.corn_seeds":2,"stat.craftItem.minecraft.stone_slab2":0,"stat.pickup.tombstone.lost_tablet":7,"stat.pickup.minecraft.paper":7,"stat.craftItem.minecraft.stick":324,"stat.drop.minecraft.potion":5,"stat.useItem.minecraft.stone_slab":15,"stat.craftItem.minecraft.stone":120,"stat.pickup.minecraft.grass":1,"stat.mineBlock.minecraft.crafting_table":29,"stat.useItem.minecraft.diamond_pickaxe":12467,"stat.pickup.minecraft.diamond_chestplate":2,"stat.mineBlock.minecraft.planks":203,"stat.drop":77,"stat.killEntity.Sheep":18,"stat.craftItem.minecraft.diamond_pickaxe":4,"stat.drop.minecraft.nether_wart":1,"stat.craftItem.minecraft.piston":2,"stat.pickup.minecraft.gravel":28,"stat.drop.minecraft.cooked_beef":19,"stat.killEntity.EvocationIllager":1,"stat.useItem.minecraft.glass_bottle":12,"stat.useItem.minecraft.diamond_axe":1334,"stat.mineBlock.minecraft.anvil":4,"stat.useItem.minecraft.apple":1,"stat.useItem.minecraft.porkchop":23,"stat.useItem.minecraft.carpet":5,"stat.useItem.minecraft.potion":1,"stat.drop.minecraft.cooked_porkchop":1,"stat.pickup.minecraft.diamond_sword":1,"stat.craftItem.travelersbackpack.backpack_tank":2,"stat.pickup.minecraft.fence":14,"stat.pickup.minecraft.iron_helmet":1,"stat.craftItem.minecraft.birch_boat":1,"stat.useItem.minecraft.stone_axe":63,"stat.useItem.minecraft.piston":1,"stat.drop.simpleores.onyx_pickaxe":2,"stat.craftItem.minecraft.bread":11,"stat.pickup.minecraft.spider_eye":6,"stat.craftItem.minecraft.iron_helmet":2,"stat.craftItem.simpleores.onyx_pickaxe":1,"stat.useItem.minecraft.cooked_chicken":8,"stat.pickup.minecraft.iron_ore":498,"stat.boatOneCm":345824,"stat.craftItem.minecraft.flint_and_steel":1,"stat.pickup.minecraft.leaves":10,"stat.pickup.xlfoodmod.tomato_seeds":2,"stat.mineBlock.minecraft.leaves2":9,"stat.pickup.minecraft.leather":136,"stat.mineBlock.minecraft.furnace":16,"stat.useItem.minecraft.wooden_pickaxe":31,"stat.pickup.minecraft.dark_oak_fence":12,"stat.pickup.minecraft.reeds":336,"tombstone:undead_killed":895,"stat.useItem.tombstone.grave_key":2,"stat.useItem.minecraft.magma":8,"stat.pickup.minecraft.oak_stairs":49,"stat.useItem.xlfoodmod.lettuce":2,"stat.damageDealt":88180,"stat.craftItem.minecraft.glass":95,"stat.sleepInBed":8,"stat.craftItem.minecraft.anvil":1,"stat.mineBlock.minecraft.nether_brick_stairs":4,"stat.killEntity.Cow":76,"stat.useItem.minecraft.crafting_table":6,"stat.killEntity.Pig":60,"stat.craftItem.minecraft.iron_sword":2,"stat.pickup.minecraft.piston":1,"stat.walkOneCm":4324409,"stat.playerKills":1,"stat.pickup.minecraft.stick":4,"stat.drop.minecraft.diamond_axe":4,"stat.craftItem.minecraft.diamond_boots":3,"stat.pickup.minecraft.tnt":68,"stat.pickup.minecraft.stone":422,"stat.mineBlock.minecraft.wool":3,"stat.pickup.betteranimalsplus.pheasantraw":1,"stat.pickup.minecraft.gold_ingot":44,"stat.killEntity.Skeleton":48,"stat.killEntity.Chicken":20,"stat.killEntity.Spider":24,"stat.mineBlock.minecraft.quartz_ore":322,"stat.pickup.minecraft.bread":1,"stat.craftItem.minecraft.tnt":7,"stat.pickup.minecraft.quartz":280,"stat.craftItem.minecraft.fence":162,"stat.mineBlock.minecraft.leaves":143,"stat.mineBlock.minecraft.piston":1,"stat.mineBlock.minecraft.redstone_ore":105,"stat.craftItem.minecraft.tripwire_hook":2,"stat.mineBlock.minecraft.stone":4801,"stat.useItem.minecraft.sandstone":36}