{"stat.leaveGame":23,"stat.killEntity.betteranimalsplus.goat":14,"stat.pickup.tombstone.familiar_stone":9,"stat.mineBlock.minecraft.sandstone":98,"stat.craftItem.minecraft.ender_eye":1,"stat.useItem.simpleores.copper_ore":4,"stat.killEntity.PigZombie":1,"stat.pickup.simpleores.adamantium_ore":17,"stat.entityKilledBy.PigZombie":1,"stat.craftItem.futuremc.dark_oak_trapdoor":2,"stat.pickup.minecraft.rotten_flesh":326,"stat.craftItem.minecraft.stone_axe":1,"stat.useItem.minecraft.birch_boat":3,"stat.craftItem.minecraft.noteblock":1,"stat.pickup.minecraft.cobblestone_wall":53,"stat.killEntity.Enderman":5,"stat.pickup.minecraft.leather_boots":1,"stat.killEntity.betteranimalsplus.brownbear":1,"stat.pickup.minecraft.brown_mushroom":15,"stat.killEntity.Witch":2,"stat.pickup.xlfoodmod.strawberry_seeds":2,"stat.pickup.xlfoodmod.lettuce":2,"stat.useItem.minecraft.iron_pickaxe":499,"stat.pickup.minecraft.stained_hardened_clay":2,"stat.craftItem.minecraft.wooden_pickaxe":1,"stat.pickup.minecraft.double_plant":3,"stat.craftItem.minecraft.bed":1,"stat.craftItem.minecraft.glass_pane":64,"stat.mineBlock.minecraft.vine":3,"stat.mineBlock.minecraft.hopper":3,"stat.furnaceInteraction":143,"stat.useItem.minecraft.nether_wart":40,"stat.drop.betteranimalsplus.venisonraw":1,"stat.killEntity.ZombieVillager":3,"stat.pickup.minecraft.nether_brick":2,"stat.pickup.minecraft.beef":136,"stat.craftItem.simpleores.onyx_rod":2,"stat.mineBlock.minecraft.stained_hardened_clay":2,"stat.useItem.minecraft.fence":170,"stat.useItem.minecraft.dark_oak_door":3,"stat.pickup.minecraft.potion":3,"stat.mineBlock.simpleores.tin_ore":23,"stat.useItem.xlfoodmod.onion":1,"stat.mineBlock.minecraft.fence":15,"stat.useItem.minecraft.flint_and_steel":6,"stat.useItem.minecraft.wheat_seeds":84,"stat.pickup.xlfoodmod.salt":14,"stat.killEntity.Husk":3,"stat.killEntity.betteranimalsplus.zotzpyre":2,"stat.craftItem.simpleores.onyx_helmet":1,"stat.pickup.minecraft.emerald":34,"stat.deaths":14,"stat.pickup.minecraft.bowl":2,"stat.craftItem.futuremc.blast_furnace":3,"stat.pickup.minecraft.egg":14,"stat.mineBlock.minecraft.stone_pressure_plate":2,"stat.craftItem.minecraft.iron_pickaxe":2,"stat.drop.minecraft.iron_ingot":1,"stat.craftItem.minecraft.repeater":1,"stat.drop.minecraft.glass_bottle":1,"stat.mineBlock.minecraft.tallgrass":299,"stat.fishCaught":107,"stat.craftItem.minecraft.cooked_mutton":49,"stat.chestOpened":896,"stat.killEntity.betteranimalsplus.goose":3,"stat.craftItem.minecraft.sign":12,"stat.useItem.minecraft.stone":58,"stat.pickup.minecraft.arrow":33,"stat.craftItem.minecraft.quartz_block":27,"stat.pickup.minecraft.gold_nugget":1,"stat.drop.tombstone.lost_tablet":2,"stat.craftItem.minecraft.ender_chest":1,"stat.pickup.betteranimalsplus.bear_skin_brown":2,"stat.crouchOneCm":74757,"stat.mineBlock.minecraft.chest":7,"stat.craftItem.minecraft.iron_ingot":329,"stat.mineBlock.futuremc.lily_of_the_valley":1,"stat.craftItem.minecraft.hopper":6,"stat.craftingTableInteraction":254,"stat.pickup.minecraft.repeater":1,"stat.mineBlock.minecraft.log2":142,"stat.drop.minecraft.double_plant":1,"stat.useItem.minecraft.dark_oak_fence":8,"stat.useItem.futuremc.sweet_berries":3,"stat.useItem.minecraft.reeds":65,"stat.pickup.minecraft.birch_boat":3,"stat.pickup.minecraft.dye":224,"stat.pickup.minecraft.planks":391,"stat.craftItem.minecraft.diamond_shovel":3,"stat.pickup.minecraft.wheat_seeds":142,"stat.mineBlock.simpleores.mythril_ore":10,"stat.mineBlock.xlfoodmod.grass":9,"stat.mineBlock.minecraft.dirt":1985,"stat.killEntity.VindicationIllager":6,"stat.killEntity.betteranimalsplus.eel_freshwater":1,"stat.drop.minecraft.paper":1,"stat.useItem.minecraft.bread":13,"stat.drop.futuremc.dark_oak_trapdoor":1,"stat.pickup.betteranimalsplus.boarhead_2":1,"stat.drop.minecraft.porkchop":1,"stat.drop.minecraft.rotten_flesh":2,"stat.useItem.minecraft.cobblestone":1320,"stat.pickup.minecraft.magma":12,"stat.useItem.minecraft.gravel":6,"stat.mineBlock.minecraft.double_plant":6,"stat.useItem.simpleores.mythril_ore":2,"stat.pickup.tombstone.impregnated_diamond":1,"stat.craftItem.tombstone.dust_of_vanishing":3,"stat.craftItem.minecraft.gold_ingot":44,"stat.pickup.minecraft.hopper":3,"stat.pickup.minecraft.chicken":23,"stat.craftItem.minecraft.brewing_stand":1,"stat.pickup.minecraft.apple":4,"stat.useItem.minecraft.glass_pane":35,"stat.drop.minecraft.fish":1,"stat.craftItem.minecraft.bucket":2,"stat.craftItem.minecraft.planks":2340,"stat.useItem.minecraft.iron_sword":127,"stat.pickup.futuremc.cornflower":9,"stat.itemEnchanted":7,"stat.craftItem.minecraft.fishing_rod":4,"stat.pickup.minecraft.book":63,"stat.mineBlock.minecraft.log":712,"stat.craftItem.minecraft.wooden_door":3,"stat.useItem.minecraft.wooden_door":8,"stat.craftItem.minecraft.paper":234,"stat.pickup.minecraft.red_flower":1,"stat.pickup.minecraft.wool":21,"stat.killEntity.betteranimalsplus.badger":2,"stat.useItem.minecraft.wooden_axe":19,"stat.pickup.minecraft.tripwire_hook":2,"stat.craftItem.minecraft.diamond_leggings":3,"stat.mineBlock.minecraft.cobblestone":713,"stat.pickup.minecraft.flint":4,"stat.mineBlock.minecraft.yellow_flower":1,"stat.craftItem.tombstone.grave_key":2,"stat.craftItem.minecraft.wool":2,"stat.pickup.minecraft.enchanted_book":4,"stat.drop.minecraft.cobblestone":1,"stat.pickup.minecraft.cooked_porkchop":1,"stat.useItem.minecraft.obsidian":20,"stat.useItem.minecraft.stone_slab2":248,"stat.pickup.minecraft.bow":11,"stat.craftItem.minecraft.dark_oak_door":3,"stat.craftItem.minecraft.furnace":29,"stat.useItem.minecraft.egg":4,"stat.craftItem.minecraft.iron_boots":2,"stat.craftItem.futuremc.smooth_stone":17,"stat.craftItem.minecraft.cooked_beef":124,"stat.pickup.simpleores.copper_ore":28,"stat.mineBlock.minecraft.obsidian":41,"stat.pickup.futuremc.sweet_berries":3,"stat.pickup.minecraft.diamond_leggings":2,"stat.flyOneCm":4215375,"stat.pickup.minecraft.sandstone":71,"stat.pickup.minecraft.nether_brick_stairs":4,"stat.pickup.minecraft.fish":121,"stat.killEntity.betteranimalsplus.deer":1,"stat.timeSinceDeath":281103,"stat.pickup.futuremc.smoker":2,"stat.craftItem.minecraft.iron_block":3,"stat.pickup.travelersbackpack.travelers_backpack":1,"stat.useItem.minecraft.potato":46,"stat.pickup.minecraft.nether_wart":152,"stat.pickup.xlfoodmod.cucumber_seeds":2,"stat.mineBlock.minecraft.coal_ore":300,"stat.drop.minecraft.wool":1,"stat.killEntity.Creeper":10,"stat.talkedToVillager":18,"stat.craftItem.minecraft.stone_hoe":2,"stat.pickup.minecraft.string":41,"stat.pickup.tombstone.crafting_ingredient":75,"stat.drop.minecraft.oak_stairs":1,"stat.useItem.minecraft.written_book":1,"stat.sprintOneCm":4215466,"stat.useItem.minecraft.diamond_shovel":2196,"stat.killEntity.betteranimalsplus.pheasant":1,"stat.mineBlock.minecraft.stone_slab":11,"stat.craftItem.minecraft.wooden_axe":1,"stat.useItem.tombstone.magic_scroll":17,"stat.mineBlock.minecraft.diamond_ore":104,"stat.useItem.betteranimalsplus.pheasant_egg":2,"stat.pickup.simpleores.onyx_gem":41,"stat.entityKilledBy.VindicationIllager":2,"tombstone:use_vanishing":3,"stat.craftItem.minecraft.wooden_pressure_plate":1,"stat.useItem.betteranimalsplus.venisonraw":2,"stat.useItem.minecraft.ladder":5,"stat.pickup.tombstone.grave_key":2,"stat.killEntity.Zombie":750,"stat.pickup.minecraft.snowball":42,"stat.craftItem.minecraft.dye":28,"stat.mineBlock.xlfoodmod.rock_salt":5,"stat.craftItem.minecraft.diamond_axe":2,"stat.mineBlock.minecraft.gold_ore":55,"stat.diveOneCm":355064,"stat.drop.minecraft.diamond_pickaxe":3,"stat.pickup.minecraft.wheat":98,"stat.mineBlock.minecraft.mossy_cobblestone":104,"stat.craftItem.minecraft.ladder":12,"stat.pickup.minecraft.sign":9,"stat.mineBlock.simpleores.onyx_ore":44,"stat.craftItem.minecraft.cooked_porkchop":75,"stat.useItem.minecraft.chicken":1,"stat.pickup.minecraft.obsidian":39,"stat.useItem.minecraft.rotten_flesh":6,"stat.pickup.xlfoodmod.onion":2,"stat.craftItem.minecraft.diamond_sword":2,"stat.jump":24941,"stat.useItem.minecraft.sand":10,"stat.pickup.minecraft.coal":499,"stat.pickup.minecraft.iron_ingot":209,"stat.useItem.futuremc.dark_oak_trapdoor":1,"stat.drop.minecraft.diamond_sword":1,"stat.pickup.minecraft.gunpowder":22,"stat.craftItem.minecraft.torch":108,"stat.pickup.minecraft.dirt":1954,"stat.pickup.minecraft.gold_ore":52,"stat.useItem.minecraft.sapling":8,"stat.mineBlock.minecraft.lapis_ore":15,"stat.craftItem.futuremc.grindstone":1,"stat.mineBlock.minecraft.glass_pane":4,"stat.brewingstandInteraction":6,"stat.damageTaken":19956,"stat.mineBlock.minecraft.torch":111,"stat.mineBlock.minecraft.red_flower":1,"stat.pickup.minecraft.log2":139,"stat.mineBlock.minecraft.sandstone_stairs":1,"stat.pickup.minecraft.bed":5,"stat.pickup.xlfoodmod.rice_seeds":1,"stat.pickup.minecraft.potato":29,"stat.pickup.minecraft.diamond_axe":2,"stat.pickup.minecraft.rabbit_hide":2,"stat.useItem.tombstone.dust_of_vanishing":1,"stat.entityKilledBy.LavaSlime":1,"stat.craftItem.futuremc.stonecutter":1,"stat.craftItem.minecraft.stone_slab":24,"stat.useItem.futuremc.blast_furnace":1,"stat.useItem.minecraft.chest":35,"stat.pickup.simpleores.mythril_ore":8,"stat.pickup.minecraft.diamond_pickaxe":3,"stat.killEntity.betteranimalsplus.feralwolf":1,"stat.mineBlock.futuremc.smoker":2,"stat.pickup.betteranimalsplus.pheasant_egg":5,"stat.useItem.tombstone.gift":2,"stat.useItem.betteranimalsplus.eel_meat_raw":3,"stat.craftItem.minecraft.iron_chestplate":2,"stat.pickup.minecraft.ender_pearl":3,"stat.pickup.minecraft.cooked_beef":14,"stat.useItem.minecraft.netherrack":223,"stat.craftItem.travelersbackpack.sleeping_bag_bottom":1,"stat.mineBlock.minecraft.tnt":18,"stat.craftItem.minecraft.bookshelf":26,"stat.useItem.minecraft.tripwire_hook":1,"stat.killEntity.betteranimalsplus.lamprey":1,"stat.mobKills":1118,"stat.pickup.minecraft.diamond_boots":2,"stat.mineBlock.minecraft.bookshelf":21,"stat.useItem.minecraft.mossy_cobblestone":91,"stat.useItem.minecraft.cobblestone_wall":32,"stat.pickup.minecraft.diamond":102,"stat.pickup.minecraft.beetroot_seeds":28,"stat.pickup.minecraft.torch":116,"stat.drop.minecraft.diamond_shovel":3,"stat.pickup.betteranimalsplus.antler":4,"stat.useItem.minecraft.bookshelf":21,"stat.useItem.minecraft.soul_sand":36,"stat.killEntity.Blaze":27,"stat.craftItem.tombstone.impregnated_diamond":1,"stat.useItem.minecraft.mutton":2,"stat.pickup.minecraft.fishing_rod":7,"stat.useItem.minecraft.planks":904,"stat.useItem.tombstone.familiar_stone":7,"stat.useItem.simpleores.tin_ore":3,"stat.craftItem.betteranimalsplus.eel_meat_cooked":2,"stat.pickup.minecraft.glowstone_dust":1,"stat.pickup.minecraft.porkchop":126,"stat.craftItem.xlfoodmod.flesh":42,"stat.useItem.minecraft.water_bucket":75,"stat.mineBlock.minecraft.nether_brick_fence":1,"stat.pickup.minecraft.sand":117,"stat.craftItem.minecraft.golden_apple":1,"stat.craftItem.minecraft.dark_oak_fence":3,"stat.pickup.minecraft.name_tag":1,"stat.mineBlock.minecraft.snow_layer":29,"stat.mineBlock.minecraft.sand":119,"stat.pickup.betteranimalsplus.eel_meat_raw":9,"stat.craftItem.minecraft.cooked_fish":8,"stat.craftItem.minecraft.blaze_powder":2,"stat.hopperInspected":8,"stat.craftItem.simpleores.onyx_boots":1,"stat.useItem.minecraft.oak_stairs":236,"stat.pickup.xlfoodmod.lettuce_seeds":4,"stat.mineBlock.futuremc.cornflower":8,"stat.craftItem.simpleores.onyx_bow":1,"stat.pickup.minecraft.furnace":18,"stat.useItem.minecraft.cooked_mutton":40,"stat.pickup.minecraft.totem_of_undying":2,"stat.craftItem.travelersbackpack.travelers_backpack":1,"stat.pickup.xlfoodmod.vanilla_flower":4,"stat.drop.minecraft.fishing_rod":2,"stat.pickup.tombstone.magic_scroll":20,"stat.pickup.futuremc.lily_of_the_valley":1,"stat.killEntity.betteranimalsplus.tarantula":1,"stat.useItem.minecraft.hopper":4,"stat.mineBlock.minecraft.soul_sand":63,"stat.craftItem.minecraft.heavy_weighted_pressure_plate":1,"stat.mineBlock.minecraft.oak_stairs":24,"stat.pickup.xlfoodmod.pepper_seeds":1,"stat.killEntity.betteranimalsplus.songbird":4,"stat.playOneMinute":1622512,"stat.pickup.minecraft.blaze_rod":13,"stat.pickup.minecraft.netherrack":1140,"stat.craftItem.futuremc.smoker":7,"stat.useItem.minecraft.fish":19,"stat.mineBlock.minecraft.dark_oak_fence":9,"stat.craftItem.minecraft.carpet":6,"stat.mineBlock.minecraft.netherrack":1656,"stat.pickup.minecraft.waterlily":1,"stat.pickup.betteranimalsplus.venisonraw":3,"stat.pickup.tombstone.tablet_of_cupidity":2,"stat.fallOneCm":710988,"stat.drop.minecraft.stone":6,"stat.pickup.simpleores.tin_ore":21,"stat.craftItem.minecraft.chest":51,"stat.pickup.simpleores.adamantium_sword":1,"stat.craftItem.simpleores.onyx_chestplate":1,"stat.pickup.minecraft.feather":31,"stat.craftItem.minecraft.wooden_button":8,"stat.useItem.minecraft.furnace":19,"stat.useItem.futuremc.smoker":4,"stat.killEntity.Llama":2,"stat.mineBlock.minecraft.gravel":42,"stat.useItem.minecraft.stone_pickaxe":77,"stat.craftItem.minecraft.iron_leggings":2,"stat.useItem.minecraft.wool":3,"stat.craftItem.minecraft.oak_stairs":240,"stat.mineBlock.simpleores.copper_ore":32,"stat.useItem.minecraft.torch":187,"stat.drop.tombstone.crafting_ingredient":1,"stat.pickup.minecraft.crafting_table":27,"stat.useItem.minecraft.log":216,"stat.craftItem.minecraft.crafting_table":15,"stat.useItem.xlfoodmod.flesh":42,"stat.mineBlock.minecraft.emerald_ore":11,"stat.pickup.minecraft.log":708,"stat.useItem.minecraft.cooked_fish":3,"stat.craftItem.minecraft.stone_button":8,"stat.killEntity.betteranimalsplus.coyote":14,"stat.drop.minecraft.planks":2,"stat.pickup.minecraft.sapling":22,"stat.pickup.minecraft.wooden_door":11,"stat.pickup.minecraft.beetroot":56,"stat.mineBlock.minecraft.tripwire_hook":2,"stat.pickup.minecraft.diamond_helmet":2,"stat.killEntity.WitherSkeleton":3,"stat.entityKilledBy.betteranimalsplus.coyote":1,"stat.mineBlock.simpleores.adamantium_ore":21,"stat.craftItem.minecraft.cooked_chicken":10,"stat.useItem.minecraft.stone_hoe":144,"stat.craftItem.minecraft.sugar":1,"stat.sneakTime":35112,"stat.mineBlock.minecraft.cobblestone_wall":5,"stat.entityKilledBy.Blaze":1,"stat.pickup.minecraft.stone_slab":11,"stat.drop.minecraft.wooden_axe":1,"stat.useItem.minecraft.fishing_rod":257,"stat.pickup.minecraft.chest":3,"stat.craftItem.minecraft.enchanting_table":1,"stat.craftItem.minecraft.diamond_chestplate":3,"stat.pickup.minecraft.bone":52,"stat.pickup.minecraft.stone_pressure_plate":4,"stat.craftItem.simpleores.onyx_leggings":1,"stat.mineBlock.minecraft.brown_mushroom":15,"stat.useItem.minecraft.diamond_sword":1666,"stat.craftItem.minecraft.diamond_helmet":3,"stat.craftItem.minecraft.iron_trapdoor":1,"stat.swimOneCm":310121,"stat.climbOneCm":32087,"stat.enderchestOpened":28,"stat.useItem.minecraft.dirt":1231,"stat.killEntity.betteranimalsplus.boar":6,"stat.craftItem.simpleores.onyx_sword":1,"stat.pickup.minecraft.anvil":4,"stat.useItem.minecraft.iron_ore":4,"stat.craftItem.minecraft.stone_pickaxe":1,"stat.killEntity.betteranimalsplus.crab":1,"stat.mineBlock.minecraft.magma":15,"stat.pickup.minecraft.cobblestone":3545,"stat.drop.minecraft.fence":1,"stat.craftItem.minecraft.glass_bottle":15,"stat.pickup.minecraft.soul_sand":63,"stat.pickup.minecraft.glass_bottle":3,"stat.drop.minecraft.wheat_seeds":2,"stat.useItem.minecraft.cooked_beef":115,"stat.pickup.minecraft.redstone":186,"stat.mineBlock.minecraft.iron_ore":442,"stat.craftItem.minecraft.book":74,"stat.drop.minecraft.log":3,"stat.useItem.minecraft.sign":7,"stat.mineBlock.xlfoodmod.vanilla_flower":2,"stat.pickup.minecraft.mutton":66,"stat.pickup.minecraft.mossy_cobblestone":98,"stat.pickup.minecraft.wooden_axe":1,"stat.pickup.minecraft.dark_oak_door":1,"stat.useItem.minecraft.cooked_porkchop":69,"stat.pickup.minecraft.iron_shovel":1,"stat.pickup.minecraft.carpet":82,"stat.pickup.minecraft.diamond_shovel":3,"stat.mineBlock.minecraft.nether_brick":2,"stat.killEntity.betteranimalsplus.turkey":1,"stat.pickup.xlfoodmod.corn_seeds":1,"stat.craftItem.minecraft.stone_slab2":0,"stat.pickup.tombstone.lost_tablet":6,"stat.pickup.minecraft.paper":7,"stat.craftItem.minecraft.stick":324,"stat.useItem.minecraft.stone_slab":15,"stat.craftItem.minecraft.stone":120,"stat.pickup.minecraft.grass":1,"stat.mineBlock.minecraft.crafting_table":28,"stat.useItem.minecraft.diamond_pickaxe":6894,"stat.pickup.minecraft.diamond_chestplate":2,"stat.mineBlock.minecraft.planks":203,"stat.drop":63,"stat.killEntity.Sheep":18,"stat.craftItem.minecraft.diamond_pickaxe":4,"stat.drop.minecraft.nether_wart":1,"stat.craftItem.minecraft.piston":2,"stat.pickup.minecraft.gravel":28,"stat.drop.minecraft.cooked_beef":19,"stat.killEntity.EvocationIllager":1,"stat.useItem.minecraft.diamond_axe":1333,"stat.mineBlock.minecraft.anvil":4,"stat.useItem.minecraft.apple":1,"stat.useItem.minecraft.porkchop":21,"stat.useItem.minecraft.carpet":5,"stat.drop.minecraft.cooked_porkchop":1,"stat.pickup.minecraft.diamond_sword":1,"stat.craftItem.travelersbackpack.backpack_tank":2,"stat.pickup.minecraft.fence":14,"stat.craftItem.minecraft.birch_boat":1,"stat.useItem.minecraft.stone_axe":63,"stat.useItem.minecraft.piston":1,"stat.craftItem.minecraft.bread":11,"stat.pickup.minecraft.spider_eye":5,"stat.craftItem.minecraft.iron_helmet":2,"stat.craftItem.simpleores.onyx_pickaxe":1,"stat.useItem.minecraft.cooked_chicken":8,"stat.pickup.minecraft.iron_ore":496,"stat.boatOneCm":345824,"stat.craftItem.minecraft.flint_and_steel":1,"stat.pickup.xlfoodmod.tomato_seeds":2,"stat.mineBlock.minecraft.leaves2":9,"stat.pickup.minecraft.leather":120,"stat.mineBlock.minecraft.furnace":15,"stat.useItem.minecraft.wooden_pickaxe":31,"stat.pickup.minecraft.dark_oak_fence":12,"stat.pickup.minecraft.reeds":336,"tombstone:undead_killed":804,"stat.useItem.tombstone.grave_key":2,"stat.useItem.minecraft.magma":8,"stat.pickup.minecraft.oak_stairs":46,"stat.useItem.xlfoodmod.lettuce":2,"stat.damageDealt":83037,"stat.craftItem.minecraft.glass":95,"stat.sleepInBed":6,"stat.craftItem.minecraft.anvil":1,"stat.mineBlock.minecraft.nether_brick_stairs":4,"stat.killEntity.Cow":76,"stat.useItem.minecraft.crafting_table":6,"stat.killEntity.Pig":58,"stat.craftItem.minecraft.iron_sword":2,"stat.pickup.minecraft.piston":1,"stat.walkOneCm":3762980,"stat.playerKills":1,"stat.pickup.minecraft.stick":4,"stat.drop.minecraft.diamond_axe":2,"stat.craftItem.minecraft.diamond_boots":3,"stat.pickup.minecraft.tnt":43,"stat.pickup.minecraft.stone":325,"stat.mineBlock.minecraft.wool":3,"stat.pickup.betteranimalsplus.pheasantraw":1,"stat.pickup.minecraft.gold_ingot":44,"stat.killEntity.Skeleton":44,"stat.killEntity.Chicken":20,"stat.killEntity.Spider":22,"stat.mineBlock.minecraft.quartz_ore":228,"stat.pickup.minecraft.bread":1,"stat.craftItem.minecraft.tnt":7,"stat.pickup.minecraft.quartz":204,"stat.craftItem.minecraft.fence":162,"stat.mineBlock.minecraft.leaves":143,"stat.mineBlock.minecraft.piston":1,"stat.mineBlock.minecraft.redstone_ore":33,"stat.craftItem.minecraft.tripwire_hook":2,"stat.mineBlock.minecraft.stone":3356,"stat.useItem.minecraft.sandstone":36}