{"stat.useItem.minecraft.bow":3,"stat.drop.cfm.item_kebab":1,"stat.leaveGame":13,"stat.killEntity.betteranimalsplus.goat":2,"stat.pickup.betteranimalsplus.goose_egg":2,"stat.useItem.minecraft.planks":556,"stat.craftItem.minecraft.shield":1,"stat.pickup.simpleores.adamantium_ore":48,"stat.pickup.minecraft.porkchop":17,"stat.drop.minecraft.wooden_door":1,"stat.craftItem.xlfoodmod.flesh":4,"stat.useItem.simpleores.adamantium_shovel":704,"stat.pickup.minecraft.leaves2":98,"stat.useItem.minecraft.water_bucket":110,"stat.mineBlock.minecraft.stone_brick_stairs":2,"stat.pickup.minecraft.rotten_flesh":21,"stat.craftItem.minecraft.stone_axe":1,"stat.killEntity.Witch":1,"stat.useItem.minecraft.iron_pickaxe":500,"stat.drop.minecraft.diamond":2,"stat.craftItem.minecraft.wooden_pickaxe":2,"stat.craftItem.simpleores.adamantium_chestplate":1,"stat.drop.minecraft.cooked_mutton":3,"stat.craftItem.simpleores.mythril_ingot":29,"stat.furnaceInteraction":233,"stat.mineBlock.minecraft.dark_oak_stairs":143,"stat.killEntity.ZombieVillager":2,"stat.mineBlock.futuremc.cornflower":2,"stat.useItem.minecraft.dark_oak_stairs":356,"stat.pickup.minecraft.nether_brick":2,"stat.useItem.simpleores.adamantium_axe":978,"stat.pickup.minecraft.beef":25,"stat.pickup.minecraft.furnace":6,"stat.useItem.minecraft.cooked_mutton":9,"stat.pickup.xlfoodmod.vanilla_flower":3,"stat.pickup.tombstone.magic_scroll":1,"stat.useItem.minecraft.dark_oak_door":3,"stat.pickup.cfm.item_sausage":1,"stat.pickup.minecraft.potion":1,"stat.mineBlock.simpleores.tin_ore":13,"stat.useItem.minecraft.wheat_seeds":112,"stat.pickup.xlfoodmod.salt":3,"stat.pickup.minecraft.emerald":1,"stat.deaths":4,"stat.pickup.minecraft.egg":2,"stat.playOneMinute":535406,"stat.drop.minecraft.string":2,"stat.useItem.minecraft.nether_brick":1,"stat.craftItem.minecraft.iron_pickaxe":2,"stat.craftItem.simpleores.adamantium_leggings":1,"stat.drop.minecraft.torch":1,"stat.mineBlock.minecraft.tallgrass":80,"stat.pickup.minecraft.netherrack":24,"stat.craftItem.minecraft.cooked_mutton":10,"stat.craftItem.simpleores.adamantium_axe":1,"stat.pickup.minecraft.cooked_mutton":2,"stat.chestOpened":102,"stat.useItem.minecraft.stone":17,"stat.mineBlock.minecraft.netherrack":33,"stat.pickup.minecraft.arrow":7,"stat.craftItem.betteranimalsplus.fried_egg":1,"stat.craftItem.minecraft.dark_oak_stairs":328,"stat.craftItem.minecraft.iron_hoe":2,"stat.drop.minecraft.dark_oak_stairs":4,"stat.pickup.minecraft.cooked_chicken":1,"stat.fallOneCm":161419,"stat.pickup.simpleores.tin_ore":13,"stat.pickup.minecraft.carrot":34,"stat.crouchOneCm":4928,"stat.mineBlock.minecraft.chest":1,"stat.craftItem.minecraft.iron_ingot":83,"stat.craftItem.minecraft.chest":6,"stat.pickup.simpleores.adamantium_sword":2,"stat.drop.simpleores.adamantium_pickaxe":1,"stat.useItem.minecraft.iron_hoe":266,"stat.craftingTableInteraction":104,"stat.mineBlock.minecraft.log2":528,"stat.pickup.minecraft.dye":7,"stat.pickup.minecraft.planks":350,"stat.drop.simpleores.adamantium_sword":2,"stat.pickup.minecraft.wheat_seeds":152,"stat.mineBlock.simpleores.mythril_ore":21,"stat.mineBlock.minecraft.gravel":42,"stat.useItem.minecraft.stone_pickaxe":131,"stat.mineBlock.xlfoodmod.grass":2,"stat.mineBlock.minecraft.dirt":682,"stat.mineBlock.simpleores.copper_ore":30,"stat.mineBlock.minecraft.monster_egg":2,"stat.useItem.minecraft.torch":85,"stat.useItem.minecraft.bread":8,"stat.pickup.minecraft.golden_apple":1,"stat.craftItem.simpleores.adamantium_shovel":2,"stat.pickup.minecraft.crafting_table":11,"stat.useItem.minecraft.cobblestone":260,"stat.craftItem.minecraft.crafting_table":8,"stat.useItem.minecraft.gravel":16,"stat.mineBlock.minecraft.double_plant":4,"stat.useItem.xlfoodmod.flesh":7,"stat.mineBlock.minecraft.emerald_ore":1,"stat.pickup.minecraft.log":16,"stat.drop.minecraft.stonebrick":39,"stat.killEntity.betteranimalsplus.coyote":2,"stat.drop.minecraft.planks":2,"stat.pickup.minecraft.sapling":36,"stat.pickup.minecraft.wooden_door":2,"stat.pickup.minecraft.apple":5,"stat.useItem.betteranimalsplus.pheasantcooked":1,"stat.craftItem.minecraft.bucket":1,"stat.craftItem.minecraft.planks":1116,"stat.pickup.futuremc.cornflower":7,"stat.craftItem.simpleores.adamantium_pickaxe":1,"stat.killEntity.WitherSkeleton":2,"stat.mineBlock.simpleores.adamantium_ore":49,"stat.useItem.betteranimalsplus.goose_egg":1,"stat.useItem.minecraft.stonebrick":493,"stat.mineBlock.minecraft.log":16,"stat.useItem.cfm.item_sausage":1,"stat.pickup.minecraft.red_flower":3,"stat.sneakTime":3113,"stat.pickup.minecraft.wool":5,"stat.pickup.minecraft.chest":1,"stat.pickup.minecraft.bone":11,"stat.mineBlock.minecraft.cobblestone":33,"stat.useItem.minecraft.log2":107,"stat.pickup.minecraft.flint":8,"stat.craftItem.minecraft.stone_brick_stairs":4,"stat.pickup.simpleores.adamantium_leggings":1,"stat.drop.xlfoodmod.vanilla_flower":1,"stat.swimOneCm":69550,"stat.pickup.minecraft.cooked_porkchop":12,"stat.useItem.minecraft.dirt":274,"stat.craftItem.simpleores.copper_ingot":16,"stat.useItem.minecraft.stone_slab2":115,"stat.craftItem.simpleores.adamantium_ingot":38,"stat.pickup.minecraft.bow":3,"stat.useItem.betteranimalsplus.fried_egg":1,"stat.craftItem.minecraft.dark_oak_door":3,"stat.craftItem.minecraft.furnace":7,"stat.useItem.minecraft.red_flower":2,"stat.useItem.minecraft.egg":2,"stat.craftItem.minecraft.iron_boots":1,"stat.useItem.minecraft.leaves2":43,"stat.craftItem.minecraft.stone_pickaxe":1,"stat.craftItem.minecraft.cooked_beef":25,"stat.pickup.simpleores.copper_ore":18,"stat.pickup.minecraft.cobblestone":1358,"stat.craftItem.minecraft.bow":1,"stat.flyOneCm":1313866,"stat.drop.minecraft.wheat_seeds":1,"stat.useItem.minecraft.cooked_beef":26,"stat.pickup.minecraft.redstone":29,"stat.mineBlock.minecraft.iron_ore":90,"stat.craftItem.simpleores.adamantium_sword":1,"stat.timeSinceDeath":60842,"stat.mineBlock.xlfoodmod.vanilla_flower":2,"stat.pickup.minecraft.mutton":14,"stat.craftItem.minecraft.stonebrick":448,"stat.pickup.minecraft.dark_oak_door":1,"stat.pickup.minecraft.nether_wart":4,"stat.pickup.minecraft.stonebrick":293,"stat.pickup.simpleores.adamantium_pickaxe":1,"stat.pickup.xlfoodmod.cucumber_seeds":3,"stat.useItem.minecraft.cooked_porkchop":22,"stat.mineBlock.minecraft.coal_ore":80,"stat.mineBlock.minecraft.nether_brick":2,"stat.killEntity.Creeper":1,"stat.pickup.minecraft.wooden_sword":1,"stat.pickup.minecraft.string":7,"stat.pickup.tombstone.crafting_ingredient":8,"stat.craftItem.minecraft.stone_slab2":0,"stat.useItem.minecraft.written_book":1,"stat.sprintOneCm":1071822,"stat.killEntity.betteranimalsplus.pheasant":2,"stat.craftItem.minecraft.stick":44,"stat.craftItem.minecraft.stone":485,"stat.mineBlock.minecraft.diamond_ore":12,"stat.pickup.simpleores.onyx_gem":8,"stat.mineBlock.minecraft.crafting_table":11,"stat.useItem.minecraft.diamond_pickaxe":341,"stat.entityKilledBy.Creeper":1,"stat.mineBlock.minecraft.planks":239,"stat.drop":74,"stat.killEntity.Sheep":4,"stat.craftItem.minecraft.diamond_pickaxe":1,"stat.killEntity.Zombie":27,"stat.mineBlock.xlfoodmod.rock_salt":1,"stat.mineBlock.minecraft.gold_ore":17,"stat.diveOneCm":76247,"stat.pickup.minecraft.wheat":65,"stat.mineBlock.simpleores.onyx_ore":9,"stat.pickup.minecraft.gravel":43,"stat.craftItem.minecraft.cooked_porkchop":13,"stat.drop.minecraft.cooked_beef":3,"stat.useItem.minecraft.apple":4,"stat.pickup.minecraft.stone_brick_stairs":2,"stat.drop.minecraft.apple":1,"stat.drop.minecraft.cooked_porkchop":8,"stat.jump":7986,"stat.pickup.minecraft.coal":143,"stat.pickup.minecraft.iron_ingot":51,"stat.useItem.minecraft.stone_axe":80,"stat.pickup.minecraft.gunpowder":3,"stat.craftItem.minecraft.bread":21,"stat.pickup.minecraft.spider_eye":1,"stat.craftItem.minecraft.torch":32,"stat.pickup.minecraft.dirt":764,"stat.craftItem.minecraft.iron_helmet":1,"stat.useItem.minecraft.cooked_chicken":1,"stat.pickup.minecraft.iron_ore":131,"stat.pickup.minecraft.gold_ore":16,"stat.useItem.minecraft.sapling":13,"stat.mineBlock.minecraft.lapis_ore":1,"stat.drop.simpleores.onyx_gem":1,"stat.mineBlock.minecraft.leaves2":221,"stat.damageTaken":5485,"stat.pickup.minecraft.leather":9,"stat.pickup.cfm.item_kebab":2,"stat.useItem.minecraft.stone_brick_stairs":5,"stat.mineBlock.minecraft.furnace":6,"stat.mineBlock.minecraft.torch":52,"stat.mineBlock.minecraft.red_flower":3,"stat.useItem.minecraft.wooden_pickaxe":19,"stat.craftItem.betteranimalsplus.pheasantcooked":1,"stat.mineBlock.minecraft.sapling":4,"stat.pickup.minecraft.log2":614,"tombstone:undead_killed":41,"stat.pickup.xlfoodmod.rice_seeds":3,"stat.entityKilledBy.Zombie":1,"stat.damageDealt":14290,"stat.killEntity.Silverfish":12,"stat.killEntity.Cow":12,"stat.killEntity.Pig":5,"stat.pickup.simpleores.adamantium_ingot":3,"stat.walkOneCm":1490501,"stat.playerKills":1,"stat.useItem.minecraft.chest":2,"stat.pickup.minecraft.stick":3,"stat.pickup.simpleores.mythril_ore":21,"stat.drop.xlfoodmod.rice_seeds":1,"stat.useItem.tombstone.gift":3,"stat.useItem.simpleores.adamantium_pickaxe":962,"stat.pickup.minecraft.stone":143,"stat.useItem.simpleores.adamantium_sword":460,"stat.pickup.betteranimalsplus.pheasantraw":1,"stat.pickup.minecraft.cooked_beef":4,"stat.killEntity.Skeleton":10,"stat.mineBlock.minecraft.stonebrick":153,"stat.pickup.xlfoodmod.flesh":3,"stat.killEntity.Spider":5,"stat.pickup.minecraft.dark_oak_stairs":141,"stat.mobKills":88,"stat.craftItem.minecraft.shears":1,"stat.pickup.minecraft.diamond":11,"stat.mineBlock.minecraft.leaves":31,"stat.pickup.minecraft.torch":65,"stat.mineBlock.minecraft.redstone_ore":6,"stat.mineBlock.minecraft.stone":1388}