{"stat.useItem.minecraft.bow":5,"stat.drop.cfm.item_kebab":1,"stat.leaveGame":19,"stat.killEntity.betteranimalsplus.goat":2,"stat.pickup.betteranimalsplus.goose_egg":2,"stat.pickup.tombstone.familiar_stone":1,"stat.useItem.futuremc.lily_of_the_valley":6,"stat.useItem.simpleores.copper_ore":5,"stat.useItem.minecraft.planks":664,"stat.craftItem.minecraft.shield":1,"stat.pickup.simpleores.adamantium_ore":58,"stat.pickup.minecraft.porkchop":63,"stat.drop.minecraft.wooden_door":1,"stat.pickup.minecraft.glass":1,"stat.craftItem.xlfoodmod.flesh":5,"stat.useItem.simpleores.adamantium_shovel":778,"stat.pickup.minecraft.leaves2":205,"stat.useItem.minecraft.water_bucket":233,"stat.mineBlock.minecraft.stone_brick_stairs":2,"stat.pickup.minecraft.rotten_flesh":37,"stat.pickup.minecraft.sand":48,"stat.craftItem.minecraft.stone_axe":1,"stat.useItem.minecraft.vine":12,"stat.drop.securitycraft.reinforced_dirt":1,"stat.pickup.betteranimalsplus.turkey_leg_raw":2,"stat.useItem.securitycraft.reinforced_iron_bars":1,"stat.mineBlock.minecraft.sand":48,"stat.killEntity.Witch":2,"stat.useItem.minecraft.iron_pickaxe":500,"stat.drop.minecraft.diamond":2,"stat.craftItem.minecraft.wooden_pickaxe":2,"stat.craftItem.simpleores.adamantium_chestplate":1,"stat.pickup.simpleores.adamantium_axe":1,"stat.drop.minecraft.cooked_mutton":3,"stat.craftItem.simpleores.mythril_ingot":29,"stat.pickup.minecraft.double_plant":6,"stat.craftItem.minecraft.bed":1,"stat.craftItem.minecraft.glass_pane":16,"stat.mineBlock.minecraft.vine":22,"stat.furnaceInteraction":276,"stat.mineBlock.minecraft.dark_oak_stairs":152,"stat.killEntity.ZombieVillager":5,"stat.mineBlock.futuremc.cornflower":3,"stat.useItem.minecraft.dark_oak_stairs":493,"stat.pickup.minecraft.nether_brick":2,"stat.useItem.simpleores.adamantium_axe":1100,"stat.useItem.minecraft.double_plant":4,"stat.pickup.minecraft.beef":25,"stat.pickup.minecraft.furnace":8,"stat.useItem.minecraft.cooked_mutton":10,"stat.pickup.xlfoodmod.vanilla_flower":3,"stat.pickup.tombstone.magic_scroll":3,"stat.useItem.minecraft.dark_oak_door":4,"stat.pickup.cfm.item_sausage":1,"stat.pickup.securitycraft.security_camera":1,"stat.pickup.minecraft.potion":1,"stat.mineBlock.simpleores.tin_ore":14,"stat.pickup.futuremc.lily_of_the_valley":7,"stat.useItem.minecraft.wheat_seeds":146,"stat.pickup.xlfoodmod.salt":3,"stat.pickup.minecraft.emerald":19,"stat.craftItem.securitycraft.laser_block":1,"stat.craftItem.minecraft.heavy_weighted_pressure_plate":2,"stat.entityKilledBy.betteranimalsplus.boar":2,"stat.deaths":7,"stat.pickup.xlfoodmod.pepper_seeds":6,"stat.pickup.securitycraft.reinforced_dirt":1,"stat.pickup.minecraft.egg":3,"stat.playOneMinute":832156,"stat.drop.minecraft.string":2,"stat.useItem.minecraft.nether_brick":1,"stat.craftItem.minecraft.iron_pickaxe":2,"stat.craftItem.securitycraft.keypad_item":2,"stat.craftItem.simpleores.adamantium_leggings":1,"stat.drop.minecraft.torch":1,"stat.drop.minecraft.iron_ingot":7,"stat.pickup.securitycraft.camera_monitor":2,"stat.useItem.securitycraft.camera_monitor":5,"stat.mineBlock.minecraft.tallgrass":107,"stat.pickup.minecraft.netherrack":24,"stat.craftItem.minecraft.cooked_mutton":12,"stat.pickup.cfm.blinds_open":5,"stat.craftItem.simpleores.adamantium_axe":1,"stat.pickup.minecraft.cooked_mutton":2,"stat.chestOpened":226,"stat.pickup.securitycraft.reinforced_iron_bars":4,"stat.useItem.minecraft.stone":18,"stat.craftItem.cfm.blinds_dark_oak_open":2,"stat.mineBlock.minecraft.netherrack":33,"stat.pickup.minecraft.arrow":15,"stat.craftItem.betteranimalsplus.fried_egg":1,"stat.craftItem.minecraft.dark_oak_stairs":468,"stat.craftItem.minecraft.iron_hoe":2,"stat.drop.minecraft.dark_oak_stairs":6,"stat.pickup.minecraft.cooked_chicken":1,"stat.fallOneCm":247401,"stat.pickup.simpleores.tin_ore":13,"stat.pickup.minecraft.carrot":34,"stat.crouchOneCm":7636,"stat.mineBlock.minecraft.chest":3,"stat.craftItem.minecraft.iron_ingot":110,"stat.craftItem.minecraft.chest":15,"stat.pickup.simpleores.adamantium_sword":2,"stat.drop.simpleores.adamantium_pickaxe":1,"stat.pickup.minecraft.red_mushroom":4,"stat.useItem.minecraft.iron_hoe":266,"stat.mineBlock.futuremc.lily_of_the_valley":8,"stat.craftingTableInteraction":143,"stat.mineBlock.minecraft.log2":532,"stat.pickup.minecraft.feather":4,"stat.pickup.minecraft.dye":7,"stat.pickup.minecraft.planks":530,"stat.drop.simpleores.adamantium_sword":2,"stat.pickup.minecraft.wheat_seeds":173,"stat.mineBlock.simpleores.mythril_ore":21,"stat.mineBlock.minecraft.gravel":42,"stat.useItem.minecraft.stone_pickaxe":131,"stat.mineBlock.minecraft.glass":4,"stat.mineBlock.xlfoodmod.grass":3,"stat.mineBlock.minecraft.dirt":713,"stat.mineBlock.simpleores.copper_ore":38,"stat.mineBlock.minecraft.monster_egg":2,"stat.pickup.securitycraft.reinforced_glass_block":1,"stat.useItem.minecraft.torch":110,"stat.useItem.minecraft.bread":21,"stat.pickup.minecraft.golden_apple":2,"stat.craftItem.simpleores.adamantium_shovel":2,"stat.craftItem.minecraft.redstone_block":2,"stat.drop.minecraft.porkchop":11,"stat.pickup.minecraft.crafting_table":13,"stat.useItem.minecraft.cobblestone":261,"stat.pickup.minecraft.magma":2,"stat.craftItem.minecraft.crafting_table":8,"stat.useItem.minecraft.gravel":16,"stat.mineBlock.minecraft.double_plant":8,"stat.craftItem.securitycraft.camera_monitor":1,"stat.pickup.betteranimalsplus.pheasantcooked":7,"stat.useItem.xlfoodmod.flesh":8,"stat.mineBlock.minecraft.emerald_ore":18,"stat.pickup.minecraft.log":16,"stat.pickup.securitycraft.reinforced_stone":2,"stat.drop.minecraft.stonebrick":39,"stat.craftItem.minecraft.stone_button":17,"stat.killEntity.betteranimalsplus.coyote":2,"stat.drop.minecraft.planks":3,"stat.useItem.xlfoodmod.roasted_marshmallow":1,"stat.pickup.minecraft.sapling":36,"stat.pickup.minecraft.wooden_door":2,"stat.pickup.minecraft.apple":5,"stat.useItem.betteranimalsplus.pheasantcooked":8,"stat.craftItem.minecraft.bucket":1,"stat.craftItem.minecraft.planks":1380,"stat.pickup.futuremc.cornflower":7,"stat.craftItem.simpleores.adamantium_pickaxe":1,"stat.killEntity.WitherSkeleton":2,"stat.useItem.securitycraft.universal_block_remover":11,"stat.mineBlock.simpleores.adamantium_ore":59,"stat.useItem.betteranimalsplus.goose_egg":1,"stat.useItem.minecraft.stonebrick":579,"stat.mineBlock.minecraft.log":16,"stat.useItem.cfm.item_sausage":1,"stat.pickup.minecraft.red_flower":3,"stat.sneakTime":4201,"stat.pickup.minecraft.wool":7,"stat.pickup.minecraft.chest":3,"stat.pickup.minecraft.bone":17,"stat.useItem.cfm.blinds_dark_oak_open":1,"stat.mineBlock.minecraft.cobblestone":33,"stat.useItem.minecraft.log2":107,"stat.useItem.betteranimalsplus.turkey_leg_cooked":2,"stat.pickup.minecraft.flint":8,"stat.craftItem.minecraft.stone_brick_stairs":4,"stat.pickup.simpleores.adamantium_leggings":1,"stat.drop.xlfoodmod.vanilla_flower":1,"stat.swimOneCm":156322,"stat.pickup.minecraft.enchanted_book":1,"stat.climbOneCm":208,"stat.pickup.minecraft.cooked_porkchop":12,"stat.useItem.minecraft.dirt":345,"stat.craftItem.simpleores.copper_ingot":16,"stat.killEntity.betteranimalsplus.boar":3,"stat.useItem.minecraft.stone_slab2":183,"stat.craftItem.simpleores.adamantium_ingot":38,"stat.drop.securitycraft.camera_monitor":2,"stat.pickup.minecraft.bow":3,"stat.useItem.betteranimalsplus.fried_egg":1,"stat.drop.securitycraft.reinforced_stone":1,"stat.craftItem.minecraft.dark_oak_door":3,"stat.pickup.minecraft.diamond_horse_armor":1,"stat.craftItem.minecraft.furnace":7,"stat.useItem.minecraft.red_flower":2,"stat.killEntity.betteranimalsplus.lammergeier":1,"stat.useItem.minecraft.egg":3,"stat.pickup.securitycraft.reinforced_metals":1,"stat.craftItem.minecraft.iron_boots":1,"stat.useItem.minecraft.leaves2":171,"stat.craftItem.minecraft.stone_pickaxe":1,"stat.craftItem.minecraft.cooked_beef":25,"stat.pickup.simpleores.copper_ore":26,"stat.mineBlock.minecraft.obsidian":1,"stat.mineBlock.minecraft.magma":2,"stat.pickup.minecraft.cobblestone":1528,"stat.craftItem.minecraft.bow":1,"stat.flyOneCm":2084301,"stat.drop.minecraft.wheat_seeds":1,"stat.useItem.minecraft.cooked_beef":26,"stat.pickup.minecraft.redstone":113,"stat.mineBlock.minecraft.iron_ore":445,"stat.craftItem.simpleores.adamantium_sword":1,"stat.timeSinceDeath":88321,"stat.craftItem.securitycraft.security_camera":1,"stat.mineBlock.xlfoodmod.vanilla_flower":2,"stat.pickup.minecraft.mutton":16,"stat.craftItem.minecraft.iron_block":6,"stat.craftItem.minecraft.stonebrick":480,"stat.pickup.securitycraft.keypad":2,"stat.pickup.minecraft.dark_oak_door":3,"stat.pickup.minecraft.nether_wart":4,"stat.pickup.xlfoodmod.marshmallow":1,"stat.pickup.minecraft.stonebrick":410,"stat.pickup.simpleores.adamantium_pickaxe":1,"stat.pickup.xlfoodmod.cucumber_seeds":4,"stat.useItem.minecraft.cooked_porkchop":55,"stat.mineBlock.minecraft.coal_ore":82,"stat.mineBlock.minecraft.nether_brick":2,"stat.killEntity.Creeper":4,"stat.killEntity.betteranimalsplus.turkey":2,"stat.pickup.minecraft.wooden_sword":1,"stat.pickup.xlfoodmod.roasted_marshmallow":1,"stat.pickup.minecraft.string":11,"stat.pickup.simpleores.copper_ingot":22,"stat.pickup.xlfoodmod.corn_seeds":1,"stat.pickup.tombstone.crafting_ingredient":11,"stat.craftItem.minecraft.stone_slab2":0,"stat.pickup.simpleores.mythril_ingot":25,"stat.useItem.minecraft.written_book":1,"stat.sprintOneCm":2005040,"stat.killEntity.betteranimalsplus.pheasant":3,"stat.mineBlock.cfm.blinds_open":1,"stat.craftItem.minecraft.stick":56,"stat.useItem.cfm.blinds_open":1,"stat.craftItem.minecraft.stone":513,"stat.mineBlock.minecraft.diamond_ore":72,"stat.pickup.simpleores.onyx_gem":15,"stat.mineBlock.minecraft.crafting_table":13,"stat.useItem.minecraft.diamond_pickaxe":1172,"stat.entityKilledBy.Creeper":1,"stat.pickup.minecraft.vine":13,"stat.mineBlock.minecraft.planks":335,"stat.drop":101,"stat.killEntity.Sheep":5,"stat.craftItem.minecraft.diamond_pickaxe":1,"stat.killEntity.Zombie":43,"stat.drop.minecraft.bread":2,"stat.craftItem.securitycraft.universal_block_remover":1,"stat.mineBlock.xlfoodmod.rock_salt":1,"stat.mineBlock.minecraft.gold_ore":97,"stat.diveOneCm":126621,"stat.pickup.minecraft.wheat":77,"stat.pickup.securitycraft.reinforced_grass":1,"stat.mineBlock.simpleores.onyx_ore":9,"stat.pickup.minecraft.gravel":43,"stat.craftItem.minecraft.cooked_porkchop":46,"stat.drop.minecraft.cooked_beef":3,"stat.useItem.minecraft.apple":4,"stat.pickup.minecraft.obsidian":1,"stat.pickup.minecraft.stone_brick_stairs":2,"stat.drop.minecraft.apple":1,"stat.drop.minecraft.cooked_porkchop":8,"stat.jump":12470,"stat.pickup.minecraft.coal":327,"stat.pickup.minecraft.iron_ingot":127,"stat.useItem.minecraft.stone_axe":80,"stat.pickup.minecraft.gunpowder":6,"stat.craftItem.minecraft.bread":21,"stat.pickup.minecraft.spider_eye":2,"stat.craftItem.minecraft.torch":32,"stat.pickup.minecraft.dirt":831,"stat.craftItem.minecraft.iron_helmet":1,"stat.useItem.minecraft.cooked_chicken":1,"stat.pickup.minecraft.iron_ore":483,"stat.useItem.minecraft.glass":24,"stat.pickup.minecraft.gold_ore":95,"stat.useItem.minecraft.sapling":13,"stat.mineBlock.minecraft.lapis_ore":1,"stat.drop.simpleores.onyx_gem":1,"stat.mineBlock.minecraft.leaves2":349,"stat.damageTaken":9121,"stat.pickup.minecraft.leather":9,"stat.pickup.cfm.item_kebab":2,"stat.craftItem.minecraft.iron_bars":16,"stat.useItem.minecraft.stone_brick_stairs":5,"stat.mineBlock.minecraft.furnace":6,"stat.mineBlock.minecraft.torch":71,"stat.mineBlock.minecraft.red_flower":3,"stat.useItem.minecraft.wooden_pickaxe":19,"stat.craftItem.betteranimalsplus.pheasantcooked":1,"stat.mineBlock.minecraft.sapling":4,"stat.pickup.minecraft.log2":618,"stat.craftItem.securitycraft.keypad_frame":1,"stat.pickup.minecraft.bed":1,"tombstone:undead_killed":67,"stat.pickup.xlfoodmod.rice_seeds":3,"stat.entityKilledBy.Zombie":1,"stat.damageDealt":22441,"stat.craftItem.minecraft.glass":36,"stat.sleepInBed":2,"stat.killEntity.Silverfish":13,"stat.killEntity.Cow":12,"stat.killEntity.Pig":18,"stat.pickup.simpleores.adamantium_ingot":27,"stat.craftItem.securitycraft.universal_block_reinforcer_lvl1":1,"stat.walkOneCm":2264124,"stat.playerKills":1,"stat.useItem.minecraft.chest":10,"stat.pickup.minecraft.stick":3,"stat.pickup.simpleores.mythril_ore":21,"stat.drop.xlfoodmod.rice_seeds":1,"stat.useItem.tombstone.gift":3,"stat.useItem.simpleores.adamantium_pickaxe":972,"stat.pickup.minecraft.stone":149,"stat.useItem.simpleores.adamantium_sword":796,"stat.pickup.betteranimalsplus.pheasantraw":4,"stat.pickup.minecraft.cooked_beef":4,"stat.killEntity.Skeleton":17,"stat.mineBlock.minecraft.stonebrick":237,"stat.pickup.xlfoodmod.flesh":3,"stat.killEntity.Spider":9,"stat.pickup.minecraft.bread":2,"stat.pickup.minecraft.dark_oak_stairs":152,"stat.mobKills":145,"stat.craftItem.minecraft.shears":2,"stat.mineBlock.cfm.blinds_dark_oak_open":2,"stat.pickup.securitycraft.reinforced_stone_button":17,"stat.pickup.minecraft.diamond":77,"stat.mineBlock.minecraft.leaves":33,"stat.craftItem.betteranimalsplus.turkey_leg_cooked":2,"stat.pickup.minecraft.torch":92,"stat.mineBlock.minecraft.redstone_ore":18,"stat.mineBlock.minecraft.stone":1594}