{"stat.walkOneCm":16151,"stat.playerKills":1,"stat.leaveGame":2,"stat.damageTaken":160,"stat.drop.xlfoodmod.vanilla_flower":1,"stat.flyOneCm":27549,"stat.drop":1,"stat.jump":121,"stat.swimOneCm":180,"stat.playOneMinute":17401,"stat.fallOneCm":1103,"stat.sneakTime":582,"stat.damageDealt":200,"stat.crouchOneCm":451,"stat.timeSinceDeath":17401,"stat.mineBlock.xlfoodmod.grass":1,"stat.pickup.minecraft.dirt":1,"stat.sprintOneCm":22278,"stat.mineBlock.minecraft.dirt":1,"stat.pickup.xlfoodmod.vanilla_flower":1,"stat.useItem.minecraft.stone_slab2":1,"stat.mineBlock.minecraft.tallgrass":2,"stat.mineBlock.xlfoodmod.vanilla_flower":1}