{"stat.useItem.minecraft.bow":1,"stat.pickup.minecraft.bone":2,"stat.drop.cfm.item_kebab":1,"stat.leaveGame":5,"stat.mineBlock.minecraft.cobblestone":2,"stat.pickup.betteranimalsplus.goose_egg":1,"stat.pickup.simpleores.adamantium_leggings":1,"stat.drop.xlfoodmod.vanilla_flower":1,"stat.swimOneCm":11177,"stat.useItem.minecraft.planks":5,"stat.pickup.simpleores.adamantium_ore":28,"stat.pickup.minecraft.porkchop":1,"stat.useItem.minecraft.stone_slab2":26,"stat.craftItem.simpleores.adamantium_ingot":28,"stat.pickup.minecraft.bow":1,"stat.useItem.betteranimalsplus.fried_egg":1,"stat.pickup.minecraft.rotten_flesh":5,"stat.craftItem.minecraft.furnace":2,"stat.useItem.minecraft.egg":1,"stat.craftItem.minecraft.stone_axe":1,"stat.craftItem.minecraft.iron_boots":1,"stat.craftItem.minecraft.stone_pickaxe":1,"stat.craftItem.minecraft.cooked_beef":20,"stat.pickup.simpleores.copper_ore":12,"stat.pickup.minecraft.cobblestone":641,"stat.flyOneCm":292520,"stat.killEntity.Witch":1,"stat.drop.minecraft.wheat_seeds":1,"stat.useItem.minecraft.cooked_beef":9,"stat.pickup.minecraft.redstone":12,"stat.mineBlock.minecraft.iron_ore":55,"stat.craftItem.simpleores.adamantium_sword":1,"stat.timeSinceDeath":90801,"stat.useItem.minecraft.iron_pickaxe":500,"stat.drop.minecraft.diamond":2,"stat.craftItem.minecraft.wooden_pickaxe":1,"stat.mineBlock.xlfoodmod.vanilla_flower":1,"stat.craftItem.simpleores.adamantium_chestplate":1,"stat.furnaceInteraction":73,"stat.useItem.minecraft.cooked_porkchop":1,"stat.killEntity.ZombieVillager":1,"stat.mineBlock.minecraft.coal_ore":32,"stat.pickup.minecraft.string":3,"stat.useItem.simpleores.adamantium_axe":247,"stat.pickup.minecraft.beef":22,"stat.pickup.minecraft.furnace":3,"stat.pickup.tombstone.crafting_ingredient":4,"stat.craftItem.minecraft.stone_slab2":0,"stat.sprintOneCm":177001,"stat.pickup.xlfoodmod.vanilla_flower":1,"stat.craftItem.minecraft.stick":20,"stat.pickup.tombstone.magic_scroll":1,"stat.pickup.minecraft.potion":1,"stat.mineBlock.simpleores.tin_ore":13,"stat.mineBlock.minecraft.diamond_ore":8,"stat.mineBlock.minecraft.crafting_table":9,"stat.pickup.xlfoodmod.salt":3,"stat.deaths":2,"stat.mineBlock.minecraft.planks":5,"stat.drop":8,"stat.pickup.minecraft.egg":1,"stat.playOneMinute":120796,"stat.drop.minecraft.string":2,"stat.craftItem.minecraft.iron_pickaxe":2,"stat.craftItem.simpleores.adamantium_leggings":1,"stat.killEntity.Zombie":6,"stat.mineBlock.xlfoodmod.rock_salt":1,"stat.mineBlock.minecraft.gold_ore":11,"stat.mineBlock.minecraft.tallgrass":22,"stat.diveOneCm":9653,"stat.craftItem.simpleores.adamantium_axe":1,"stat.chestOpened":9,"stat.useItem.minecraft.stone":3,"stat.pickup.minecraft.gravel":3,"stat.pickup.minecraft.arrow":1,"stat.craftItem.minecraft.cooked_porkchop":1,"stat.craftItem.betteranimalsplus.fried_egg":1,"stat.jump":1538,"stat.pickup.minecraft.coal":93,"stat.fallOneCm":34518,"stat.pickup.minecraft.iron_ingot":4,"stat.pickup.simpleores.tin_ore":13,"stat.useItem.minecraft.stone_axe":80,"stat.crouchOneCm":2708,"stat.craftItem.minecraft.torch":16,"stat.craftItem.minecraft.iron_ingot":54,"stat.craftItem.minecraft.chest":1,"stat.pickup.minecraft.dirt":37,"stat.craftItem.minecraft.iron_helmet":1,"stat.craftingTableInteraction":30,"stat.pickup.minecraft.iron_ore":93,"stat.pickup.minecraft.gold_ore":11,"stat.mineBlock.minecraft.lapis_ore":1,"stat.mineBlock.minecraft.leaves2":26,"stat.mineBlock.minecraft.log2":219,"stat.damageTaken":1298,"stat.pickup.minecraft.leather":5,"stat.pickup.cfm.item_kebab":2,"stat.mineBlock.minecraft.furnace":3,"stat.mineBlock.minecraft.torch":8,"stat.useItem.minecraft.wooden_pickaxe":3,"stat.pickup.minecraft.log2":218,"stat.pickup.minecraft.dye":7,"stat.pickup.minecraft.planks":5,"tombstone:undead_killed":9,"stat.pickup.minecraft.wheat_seeds":3,"stat.pickup.xlfoodmod.rice_seeds":2,"stat.mineBlock.simpleores.mythril_ore":21,"stat.entityKilledBy.Zombie":1,"stat.mineBlock.minecraft.gravel":2,"stat.useItem.minecraft.stone_pickaxe":131,"stat.damageDealt":4045,"stat.mineBlock.xlfoodmod.grass":2,"stat.killEntity.Cow":11,"stat.mineBlock.minecraft.dirt":17,"stat.mineBlock.simpleores.copper_ore":13,"stat.walkOneCm":175658,"stat.useItem.minecraft.torch":10,"stat.playerKills":1,"stat.pickup.minecraft.stick":1,"stat.pickup.simpleores.mythril_ore":21,"stat.pickup.minecraft.crafting_table":9,"stat.useItem.minecraft.cobblestone":91,"stat.craftItem.minecraft.crafting_table":3,"stat.mineBlock.minecraft.double_plant":1,"stat.pickup.minecraft.log":13,"stat.drop.xlfoodmod.rice_seeds":1,"stat.useItem.simpleores.adamantium_pickaxe":138,"stat.pickup.minecraft.stone":85,"stat.useItem.simpleores.adamantium_sword":53,"stat.pickup.minecraft.sapling":17,"stat.pickup.minecraft.apple":5,"stat.killEntity.Skeleton":2,"stat.craftItem.minecraft.planks":48,"stat.killEntity.Spider":1,"stat.craftItem.simpleores.adamantium_pickaxe":1,"stat.mineBlock.simpleores.adamantium_ore":28,"stat.mobKills":22,"stat.mineBlock.minecraft.log":13,"stat.pickup.minecraft.diamond":8,"stat.mineBlock.minecraft.leaves":29,"stat.pickup.minecraft.torch":7,"stat.mineBlock.minecraft.redstone_ore":2,"stat.sneakTime":1469,"stat.mineBlock.minecraft.stone":585}