{"stat.useItem.minecraft.bow":1,"stat.pickup.minecraft.bone":2,"stat.drop.cfm.item_kebab":1,"stat.leaveGame":8,"stat.mineBlock.minecraft.cobblestone":33,"stat.useItem.minecraft.log2":62,"stat.killEntity.betteranimalsplus.goat":1,"stat.pickup.minecraft.flint":4,"stat.pickup.betteranimalsplus.goose_egg":1,"stat.craftItem.minecraft.stone_brick_stairs":4,"stat.pickup.simpleores.adamantium_leggings":1,"stat.drop.xlfoodmod.vanilla_flower":1,"stat.swimOneCm":19730,"stat.useItem.minecraft.planks":13,"stat.pickup.simpleores.adamantium_ore":35,"stat.pickup.minecraft.porkchop":1,"stat.useItem.minecraft.dirt":166,"stat.useItem.minecraft.stone_slab2":45,"stat.craftItem.simpleores.adamantium_ingot":28,"stat.pickup.minecraft.bow":1,"stat.useItem.betteranimalsplus.fried_egg":1,"stat.useItem.simpleores.adamantium_shovel":603,"stat.useItem.minecraft.water_bucket":33,"stat.mineBlock.minecraft.stone_brick_stairs":2,"stat.pickup.minecraft.rotten_flesh":11,"stat.craftItem.minecraft.dark_oak_door":3,"stat.craftItem.minecraft.furnace":4,"stat.useItem.minecraft.egg":1,"stat.craftItem.minecraft.stone_axe":1,"stat.craftItem.minecraft.iron_boots":1,"stat.craftItem.minecraft.stone_pickaxe":1,"stat.craftItem.minecraft.cooked_beef":22,"stat.pickup.simpleores.copper_ore":12,"stat.pickup.minecraft.cobblestone":815,"stat.flyOneCm":599664,"stat.killEntity.Witch":1,"stat.drop.minecraft.wheat_seeds":1,"stat.useItem.minecraft.cooked_beef":19,"stat.pickup.minecraft.redstone":12,"stat.mineBlock.minecraft.iron_ore":70,"stat.craftItem.simpleores.adamantium_sword":1,"stat.timeSinceDeath":7984,"stat.useItem.minecraft.iron_pickaxe":500,"stat.drop.minecraft.diamond":2,"stat.craftItem.minecraft.wooden_pickaxe":1,"stat.mineBlock.xlfoodmod.vanilla_flower":2,"stat.pickup.minecraft.mutton":4,"stat.craftItem.simpleores.adamantium_chestplate":1,"stat.craftItem.minecraft.stonebrick":332,"stat.pickup.minecraft.dark_oak_door":1,"stat.pickup.minecraft.stonebrick":60,"stat.pickup.simpleores.adamantium_pickaxe":1,"stat.furnaceInteraction":120,"stat.useItem.minecraft.cooked_porkchop":1,"stat.killEntity.ZombieVillager":2,"stat.mineBlock.minecraft.coal_ore":33,"stat.mineBlock.futuremc.cornflower":1,"stat.useItem.minecraft.dark_oak_stairs":2,"stat.killEntity.Creeper":1,"stat.pickup.minecraft.wooden_sword":1,"stat.pickup.minecraft.string":3,"stat.useItem.simpleores.adamantium_axe":272,"stat.pickup.minecraft.beef":22,"stat.pickup.minecraft.furnace":3,"stat.useItem.minecraft.cooked_mutton":2,"stat.pickup.tombstone.crafting_ingredient":6,"stat.craftItem.minecraft.stone_slab2":0,"stat.useItem.minecraft.written_book":1,"stat.sprintOneCm":394121,"stat.pickup.xlfoodmod.vanilla_flower":3,"stat.killEntity.betteranimalsplus.pheasant":1,"stat.craftItem.minecraft.stick":32,"stat.pickup.tombstone.magic_scroll":1,"stat.useItem.minecraft.dark_oak_door":3,"stat.pickup.minecraft.potion":1,"stat.craftItem.minecraft.stone":335,"stat.mineBlock.simpleores.tin_ore":13,"stat.mineBlock.minecraft.diamond_ore":8,"stat.useItem.minecraft.wheat_seeds":49,"stat.mineBlock.minecraft.crafting_table":9,"stat.pickup.xlfoodmod.salt":3,"stat.entityKilledBy.Creeper":1,"stat.deaths":3,"stat.mineBlock.minecraft.planks":9,"stat.drop":53,"stat.pickup.minecraft.egg":1,"stat.playOneMinute":236277,"stat.drop.minecraft.string":2,"stat.killEntity.Sheep":1,"stat.craftItem.minecraft.iron_pickaxe":2,"stat.craftItem.simpleores.adamantium_leggings":1,"stat.killEntity.Zombie":14,"stat.mineBlock.xlfoodmod.rock_salt":1,"stat.mineBlock.minecraft.gold_ore":15,"stat.mineBlock.minecraft.tallgrass":55,"stat.diveOneCm":9755,"stat.craftItem.simpleores.adamantium_axe":1,"stat.pickup.minecraft.cooked_mutton":2,"stat.chestOpened":39,"stat.useItem.minecraft.stone":3,"stat.pickup.minecraft.gravel":21,"stat.pickup.minecraft.arrow":1,"stat.craftItem.minecraft.cooked_porkchop":1,"stat.drop.minecraft.cooked_beef":3,"stat.craftItem.betteranimalsplus.fried_egg":1,"stat.craftItem.minecraft.dark_oak_stairs":4,"stat.useItem.minecraft.apple":4,"stat.pickup.minecraft.stone_brick_stairs":2,"stat.drop.minecraft.apple":1,"stat.craftItem.minecraft.iron_hoe":1,"stat.jump":3289,"stat.pickup.minecraft.coal":93,"stat.fallOneCm":67776,"stat.pickup.minecraft.iron_ingot":51,"stat.pickup.simpleores.tin_ore":13,"stat.useItem.minecraft.stone_axe":80,"stat.pickup.minecraft.gunpowder":1,"stat.crouchOneCm":2942,"stat.craftItem.minecraft.torch":32,"stat.craftItem.minecraft.iron_ingot":54,"stat.craftItem.minecraft.chest":2,"stat.pickup.simpleores.adamantium_sword":1,"stat.pickup.minecraft.dirt":587,"stat.craftItem.minecraft.iron_helmet":1,"stat.drop.simpleores.adamantium_pickaxe":1,"stat.useItem.minecraft.iron_hoe":52,"stat.craftingTableInteraction":49,"stat.pickup.minecraft.iron_ore":108,"stat.pickup.minecraft.gold_ore":14,"stat.mineBlock.minecraft.lapis_ore":1,"stat.mineBlock.minecraft.leaves2":26,"stat.mineBlock.minecraft.log2":236,"stat.damageTaken":2374,"stat.pickup.minecraft.leather":7,"stat.pickup.cfm.item_kebab":2,"stat.useItem.minecraft.stone_brick_stairs":5,"stat.mineBlock.minecraft.furnace":3,"stat.mineBlock.minecraft.torch":12,"stat.useItem.minecraft.wooden_pickaxe":3,"stat.pickup.minecraft.log2":235,"stat.pickup.minecraft.dye":7,"stat.pickup.minecraft.planks":9,"stat.drop.simpleores.adamantium_sword":1,"tombstone:undead_killed":19,"stat.pickup.minecraft.wheat_seeds":55,"stat.pickup.xlfoodmod.rice_seeds":3,"stat.mineBlock.simpleores.mythril_ore":21,"stat.entityKilledBy.Zombie":1,"stat.mineBlock.minecraft.gravel":24,"stat.useItem.minecraft.stone_pickaxe":131,"stat.damageDealt":6960,"stat.mineBlock.xlfoodmod.grass":2,"stat.killEntity.Cow":11,"stat.mineBlock.minecraft.dirt":588,"stat.pickup.simpleores.adamantium_ingot":3,"stat.mineBlock.simpleores.copper_ore":21,"stat.walkOneCm":568540,"stat.useItem.minecraft.torch":28,"stat.playerKills":1,"stat.pickup.minecraft.stick":1,"stat.pickup.simpleores.mythril_ore":21,"stat.craftItem.simpleores.adamantium_shovel":2,"stat.pickup.minecraft.crafting_table":9,"stat.useItem.minecraft.cobblestone":248,"stat.craftItem.minecraft.crafting_table":3,"stat.useItem.minecraft.gravel":15,"stat.mineBlock.minecraft.double_plant":4,"stat.pickup.minecraft.log":13,"stat.drop.minecraft.stonebrick":39,"stat.drop.xlfoodmod.rice_seeds":1,"stat.useItem.simpleores.adamantium_pickaxe":671,"stat.killEntity.betteranimalsplus.coyote":1,"stat.pickup.minecraft.stone":108,"stat.useItem.simpleores.adamantium_sword":163,"stat.pickup.minecraft.sapling":17,"stat.pickup.minecraft.apple":5,"stat.killEntity.Skeleton":3,"stat.craftItem.minecraft.bucket":1,"stat.mineBlock.minecraft.stonebrick":57,"stat.craftItem.minecraft.planks":76,"stat.pickup.futuremc.cornflower":6,"stat.killEntity.Spider":2,"stat.craftItem.simpleores.adamantium_pickaxe":1,"stat.mineBlock.simpleores.adamantium_ore":35,"stat.mobKills":38,"stat.useItem.minecraft.stonebrick":210,"stat.mineBlock.minecraft.log":13,"stat.pickup.minecraft.diamond":8,"stat.mineBlock.minecraft.leaves":29,"stat.pickup.minecraft.torch":12,"stat.mineBlock.minecraft.redstone_ore":2,"stat.sneakTime":1649,"stat.pickup.minecraft.wool":1,"stat.mineBlock.minecraft.stone":992}