{"stat.useItem.minecraft.bow":1,"stat.drop.cfm.item_kebab":1,"stat.leaveGame":10,"stat.killEntity.betteranimalsplus.goat":2,"stat.pickup.betteranimalsplus.goose_egg":1,"stat.useItem.minecraft.planks":389,"stat.craftItem.minecraft.shield":1,"stat.pickup.simpleores.adamantium_ore":39,"stat.pickup.minecraft.porkchop":17,"stat.drop.minecraft.wooden_door":1,"stat.useItem.simpleores.adamantium_shovel":673,"stat.useItem.minecraft.water_bucket":62,"stat.mineBlock.minecraft.stone_brick_stairs":2,"stat.pickup.minecraft.rotten_flesh":17,"stat.craftItem.minecraft.stone_axe":1,"stat.killEntity.Witch":1,"stat.useItem.minecraft.iron_pickaxe":500,"stat.drop.minecraft.diamond":2,"stat.craftItem.minecraft.wooden_pickaxe":1,"stat.craftItem.simpleores.adamantium_chestplate":1,"stat.furnaceInteraction":158,"stat.mineBlock.minecraft.dark_oak_stairs":27,"stat.killEntity.ZombieVillager":2,"stat.mineBlock.futuremc.cornflower":1,"stat.useItem.minecraft.dark_oak_stairs":218,"stat.pickup.minecraft.nether_brick":2,"stat.useItem.simpleores.adamantium_axe":633,"stat.pickup.minecraft.beef":25,"stat.pickup.minecraft.furnace":3,"stat.useItem.minecraft.cooked_mutton":6,"stat.pickup.xlfoodmod.vanilla_flower":3,"stat.pickup.tombstone.magic_scroll":1,"stat.useItem.minecraft.dark_oak_door":3,"stat.pickup.cfm.item_sausage":1,"stat.pickup.minecraft.potion":1,"stat.mineBlock.simpleores.tin_ore":13,"stat.useItem.minecraft.wheat_seeds":49,"stat.pickup.xlfoodmod.salt":3,"stat.deaths":3,"stat.pickup.minecraft.egg":1,"stat.playOneMinute":399916,"stat.drop.minecraft.string":2,"stat.useItem.minecraft.nether_brick":1,"stat.craftItem.minecraft.iron_pickaxe":2,"stat.craftItem.simpleores.adamantium_leggings":1,"stat.mineBlock.minecraft.tallgrass":71,"stat.pickup.minecraft.netherrack":24,"stat.craftItem.minecraft.cooked_mutton":4,"stat.craftItem.simpleores.adamantium_axe":1,"stat.pickup.minecraft.cooked_mutton":2,"stat.chestOpened":70,"stat.useItem.minecraft.stone":14,"stat.mineBlock.minecraft.netherrack":33,"stat.pickup.minecraft.arrow":3,"stat.craftItem.betteranimalsplus.fried_egg":1,"stat.craftItem.minecraft.dark_oak_stairs":220,"stat.craftItem.minecraft.iron_hoe":1,"stat.drop.minecraft.dark_oak_stairs":4,"stat.pickup.minecraft.cooked_chicken":1,"stat.fallOneCm":117290,"stat.pickup.simpleores.tin_ore":13,"stat.crouchOneCm":4817,"stat.craftItem.minecraft.iron_ingot":77,"stat.craftItem.minecraft.chest":3,"stat.pickup.simpleores.adamantium_sword":2,"stat.drop.simpleores.adamantium_pickaxe":1,"stat.useItem.minecraft.iron_hoe":54,"stat.craftingTableInteraction":74,"stat.mineBlock.minecraft.log2":484,"stat.pickup.minecraft.dye":7,"stat.pickup.minecraft.planks":131,"stat.drop.simpleores.adamantium_sword":2,"stat.pickup.minecraft.wheat_seeds":64,"stat.mineBlock.simpleores.mythril_ore":21,"stat.mineBlock.minecraft.gravel":41,"stat.useItem.minecraft.stone_pickaxe":131,"stat.mineBlock.xlfoodmod.grass":2,"stat.mineBlock.minecraft.dirt":642,"stat.mineBlock.simpleores.copper_ore":23,"stat.mineBlock.minecraft.monster_egg":1,"stat.useItem.minecraft.torch":53,"stat.pickup.minecraft.golden_apple":1,"stat.craftItem.simpleores.adamantium_shovel":2,"stat.pickup.minecraft.crafting_table":10,"stat.useItem.minecraft.cobblestone":253,"stat.craftItem.minecraft.crafting_table":5,"stat.useItem.minecraft.gravel":16,"stat.mineBlock.minecraft.double_plant":4,"stat.pickup.minecraft.log":13,"stat.drop.minecraft.stonebrick":39,"stat.killEntity.betteranimalsplus.coyote":2,"stat.drop.minecraft.planks":1,"stat.pickup.minecraft.sapling":28,"stat.pickup.minecraft.wooden_door":2,"stat.pickup.minecraft.apple":5,"stat.useItem.betteranimalsplus.pheasantcooked":1,"stat.craftItem.minecraft.bucket":1,"stat.craftItem.minecraft.planks":820,"stat.pickup.futuremc.cornflower":6,"stat.craftItem.simpleores.adamantium_pickaxe":1,"stat.killEntity.WitherSkeleton":2,"stat.mineBlock.simpleores.adamantium_ore":39,"stat.useItem.minecraft.stonebrick":321,"stat.mineBlock.minecraft.log":13,"stat.useItem.cfm.item_sausage":1,"stat.sneakTime":3021,"stat.pickup.minecraft.wool":2,"stat.pickup.minecraft.bone":5,"stat.mineBlock.minecraft.cobblestone":33,"stat.useItem.minecraft.log2":62,"stat.pickup.minecraft.flint":8,"stat.craftItem.minecraft.stone_brick_stairs":4,"stat.pickup.simpleores.adamantium_leggings":1,"stat.drop.xlfoodmod.vanilla_flower":1,"stat.swimOneCm":28264,"stat.pickup.minecraft.cooked_porkchop":12,"stat.useItem.minecraft.dirt":245,"stat.useItem.minecraft.stone_slab2":78,"stat.craftItem.simpleores.adamantium_ingot":38,"stat.pickup.minecraft.bow":1,"stat.useItem.betteranimalsplus.fried_egg":1,"stat.craftItem.minecraft.dark_oak_door":3,"stat.craftItem.minecraft.furnace":4,"stat.useItem.minecraft.egg":1,"stat.craftItem.minecraft.iron_boots":1,"stat.craftItem.minecraft.stone_pickaxe":1,"stat.craftItem.minecraft.cooked_beef":22,"stat.pickup.simpleores.copper_ore":12,"stat.pickup.minecraft.cobblestone":1044,"stat.flyOneCm":1038163,"stat.drop.minecraft.wheat_seeds":1,"stat.useItem.minecraft.cooked_beef":23,"stat.pickup.minecraft.redstone":29,"stat.mineBlock.minecraft.iron_ore":78,"stat.craftItem.simpleores.adamantium_sword":1,"stat.timeSinceDeath":171623,"stat.mineBlock.xlfoodmod.vanilla_flower":2,"stat.pickup.minecraft.mutton":8,"stat.craftItem.minecraft.stonebrick":428,"stat.pickup.minecraft.dark_oak_door":1,"stat.pickup.minecraft.nether_wart":4,"stat.pickup.minecraft.stonebrick":109,"stat.pickup.simpleores.adamantium_pickaxe":1,"stat.pickup.xlfoodmod.cucumber_seeds":3,"stat.useItem.minecraft.cooked_porkchop":17,"stat.mineBlock.minecraft.coal_ore":33,"stat.mineBlock.minecraft.nether_brick":2,"stat.killEntity.Creeper":1,"stat.pickup.minecraft.wooden_sword":1,"stat.pickup.minecraft.string":3,"stat.pickup.tombstone.crafting_ingredient":6,"stat.craftItem.minecraft.stone_slab2":0,"stat.useItem.minecraft.written_book":1,"stat.sprintOneCm":760793,"stat.killEntity.betteranimalsplus.pheasant":2,"stat.craftItem.minecraft.stick":36,"stat.craftItem.minecraft.stone":435,"stat.mineBlock.minecraft.diamond_ore":8,"stat.pickup.simpleores.onyx_gem":8,"stat.mineBlock.minecraft.crafting_table":10,"stat.useItem.minecraft.diamond_pickaxe":17,"stat.entityKilledBy.Creeper":1,"stat.mineBlock.minecraft.planks":57,"stat.drop":65,"stat.killEntity.Sheep":1,"stat.craftItem.minecraft.diamond_pickaxe":1,"stat.killEntity.Zombie":21,"stat.mineBlock.xlfoodmod.rock_salt":1,"stat.mineBlock.minecraft.gold_ore":17,"stat.diveOneCm":31701,"stat.mineBlock.simpleores.onyx_ore":9,"stat.pickup.minecraft.gravel":34,"stat.craftItem.minecraft.cooked_porkchop":7,"stat.drop.minecraft.cooked_beef":3,"stat.useItem.minecraft.apple":4,"stat.pickup.minecraft.stone_brick_stairs":2,"stat.drop.minecraft.apple":1,"stat.drop.minecraft.cooked_porkchop":4,"stat.jump":5804,"stat.pickup.minecraft.coal":93,"stat.pickup.minecraft.iron_ingot":51,"stat.useItem.minecraft.stone_axe":80,"stat.pickup.minecraft.gunpowder":1,"stat.craftItem.minecraft.torch":32,"stat.pickup.minecraft.dirt":716,"stat.craftItem.minecraft.iron_helmet":1,"stat.useItem.minecraft.cooked_chicken":1,"stat.pickup.minecraft.iron_ore":116,"stat.pickup.minecraft.gold_ore":16,"stat.useItem.minecraft.sapling":8,"stat.mineBlock.minecraft.lapis_ore":1,"stat.drop.simpleores.onyx_gem":1,"stat.mineBlock.minecraft.leaves2":101,"stat.damageTaken":3960,"stat.pickup.minecraft.leather":9,"stat.pickup.cfm.item_kebab":2,"stat.useItem.minecraft.stone_brick_stairs":5,"stat.mineBlock.minecraft.furnace":3,"stat.mineBlock.minecraft.torch":33,"stat.useItem.minecraft.wooden_pickaxe":3,"stat.craftItem.betteranimalsplus.pheasantcooked":1,"stat.mineBlock.minecraft.sapling":2,"stat.pickup.minecraft.log2":506,"tombstone:undead_killed":29,"stat.pickup.xlfoodmod.rice_seeds":3,"stat.entityKilledBy.Zombie":1,"stat.damageDealt":10716,"stat.killEntity.Silverfish":6,"stat.killEntity.Cow":12,"stat.killEntity.Pig":5,"stat.pickup.simpleores.adamantium_ingot":3,"stat.walkOneCm":1029530,"stat.playerKills":1,"stat.pickup.minecraft.stick":3,"stat.pickup.simpleores.mythril_ore":21,"stat.drop.xlfoodmod.rice_seeds":1,"stat.useItem.tombstone.gift":2,"stat.useItem.simpleores.adamantium_pickaxe":896,"stat.pickup.minecraft.stone":120,"stat.useItem.simpleores.adamantium_sword":317,"stat.pickup.betteranimalsplus.pheasantraw":1,"stat.pickup.minecraft.cooked_beef":4,"stat.killEntity.Skeleton":4,"stat.mineBlock.minecraft.stonebrick":108,"stat.killEntity.Spider":2,"stat.pickup.minecraft.dark_oak_stairs":31,"stat.mobKills":64,"stat.pickup.minecraft.diamond":8,"stat.mineBlock.minecraft.leaves":31,"stat.pickup.minecraft.torch":35,"stat.mineBlock.minecraft.redstone_ore":6,"stat.mineBlock.minecraft.stone":1113}