{"stat.useItem.minecraft.bow":5,"stat.drop.cfm.item_kebab":1,"stat.leaveGame":26,"stat.killEntity.betteranimalsplus.goat":2,"stat.pickup.betteranimalsplus.goose_egg":2,"stat.pickup.tombstone.familiar_stone":3,"stat.useItem.simpleores.copper_ore":5,"stat.craftItem.minecraft.shield":1,"stat.pickup.simpleores.adamantium_ore":58,"stat.mineBlock.minecraft.web":70,"stat.pickup.simpleores.onyx_sword":1,"stat.pickup.minecraft.leaves2":205,"stat.pickup.minecraft.rotten_flesh":58,"stat.craftItem.minecraft.stone_axe":1,"stat.useItem.minecraft.vine":12,"stat.drop.minecraft.leather_boots":1,"stat.craftItem.cfm.modern_tv":1,"stat.killEntity.Enderman":2,"stat.drop.securitycraft.reinforced_dirt":1,"stat.pickup.minecraft.leather_boots":1,"stat.pickup.betteranimalsplus.turkey_leg_raw":2,"stat.useItem.securitycraft.reinforced_iron_bars":1,"stat.killEntity.Witch":3,"stat.useItem.minecraft.iron_pickaxe":500,"stat.pickup.securitycraft.universal_block_remover":4,"stat.craftItem.minecraft.wooden_pickaxe":2,"stat.drop.minecraft.cooked_mutton":3,"stat.pickup.minecraft.double_plant":6,"stat.craftItem.minecraft.bed":1,"stat.craftItem.minecraft.glass_pane":16,"stat.mineBlock.minecraft.vine":32,"stat.furnaceInteraction":397,"stat.killEntity.ZombieVillager":8,"stat.pickup.minecraft.nether_brick":2,"stat.useItem.simpleores.adamantium_axe":1102,"stat.useItem.minecraft.double_plant":4,"stat.pickup.minecraft.beef":25,"stat.pickup.simpleores.adamantium_shovel":1,"stat.useItem.minecraft.fence":32,"stat.useItem.minecraft.dark_oak_door":4,"stat.pickup.cfm.item_sausage":1,"stat.mineBlock.cfm.modern_tv":2,"stat.pickup.securitycraft.security_camera":1,"stat.craftItem.minecraft.daylight_detector":1,"stat.pickup.minecraft.potion":4,"stat.mineBlock.simpleores.tin_ore":18,"stat.mineBlock.minecraft.fence":12,"stat.useItem.minecraft.wheat_seeds":461,"stat.pickup.xlfoodmod.salt":3,"stat.pickup.minecraft.emerald":40,"stat.craftItem.securitycraft.laser_block":1,"stat.deaths":10,"stat.pickup.securitycraft.reinforced_dirt":1,"stat.pickup.minecraft.egg":3,"stat.useItem.minecraft.nether_brick":1,"stat.craftItem.minecraft.iron_pickaxe":2,"stat.craftItem.simpleores.adamantium_leggings":1,"stat.drop.minecraft.torch":1,"stat.drop.minecraft.iron_ingot":7,"stat.drop.minecraft.glass_bottle":1,"stat.useItem.securitycraft.camera_monitor":5,"stat.mineBlock.minecraft.tallgrass":173,"stat.craftItem.minecraft.cooked_mutton":13,"stat.craftItem.simpleores.adamantium_axe":1,"stat.pickup.minecraft.cooked_mutton":2,"stat.chestOpened":442,"stat.useItem.minecraft.stone":24,"stat.pickup.minecraft.arrow":30,"stat.craftItem.betteranimalsplus.fried_egg":1,"stat.drop.minecraft.dark_oak_stairs":6,"stat.pickup.minecraft.carrot":52,"stat.crouchOneCm":10722,"stat.mineBlock.minecraft.chest":3,"stat.craftItem.minecraft.iron_ingot":495,"stat.mineBlock.futuremc.lily_of_the_valley":12,"stat.craftingTableInteraction":212,"stat.pickup.securitycraft.keypad_chest":1,"stat.mineBlock.minecraft.log2":532,"stat.pickup.minecraft.dye":7,"stat.pickup.minecraft.planks":546,"stat.drop.simpleores.adamantium_sword":3,"stat.pickup.minecraft.wheat_seeds":573,"stat.mineBlock.simpleores.mythril_ore":21,"stat.mineBlock.minecraft.glass":4,"stat.mineBlock.xlfoodmod.grass":4,"stat.mineBlock.minecraft.dirt":766,"stat.pickup.securitycraft.reinforced_glass_block":1,"stat.useItem.minecraft.bread":86,"stat.drop.betteranimalsplus.pheasantcooked":1,"stat.craftItem.simpleores.adamantium_shovel":3,"stat.drop.minecraft.porkchop":11,"stat.drop.minecraft.rotten_flesh":1,"stat.craftItem.securitycraft.portable_radar":2,"stat.useItem.minecraft.cobblestone":324,"stat.pickup.minecraft.magma":2,"stat.useItem.minecraft.gravel":16,"stat.mineBlock.minecraft.double_plant":8,"stat.pickup.betteranimalsplus.pheasantcooked":7,"stat.pickup.securitycraft.reinforced_stone":2,"stat.craftItem.minecraft.gold_ingot":79,"stat.pickup.minecraft.apple":5,"tombstone:cast_on_ally":1,"stat.drop.minecraft.fish":1,"stat.useItem.betteranimalsplus.pheasantcooked":10,"stat.craftItem.minecraft.bucket":1,"stat.craftItem.minecraft.planks":1896,"stat.pickup.futuremc.cornflower":9,"stat.useItem.securitycraft.universal_block_remover":55,"stat.useItem.betteranimalsplus.goose_egg":1,"stat.useItem.minecraft.stonebrick":586,"stat.mineBlock.minecraft.log":144,"stat.craftItem.minecraft.paper":3,"stat.pickup.minecraft.red_flower":8,"stat.pickup.minecraft.wool":19,"stat.craftItem.minecraft.diamond_leggings":1,"stat.mineBlock.minecraft.cobblestone":56,"stat.pickup.minecraft.flint":8,"stat.pickup.minecraft.enchanted_book":3,"stat.pickup.minecraft.cooked_porkchop":12,"stat.craftItem.simpleores.copper_ingot":16,"stat.useItem.minecraft.stone_slab2":252,"stat.craftItem.simpleores.adamantium_ingot":61,"stat.pickup.minecraft.bow":3,"stat.useItem.betteranimalsplus.fried_egg":1,"stat.drop.securitycraft.reinforced_stone":1,"stat.craftItem.minecraft.dark_oak_door":3,"stat.pickup.minecraft.diamond_horse_armor":2,"stat.craftItem.minecraft.furnace":19,"stat.useItem.minecraft.egg":3,"stat.craftItem.minecraft.iron_boots":1,"stat.craftItem.minecraft.cooked_beef":25,"stat.pickup.simpleores.copper_ore":28,"stat.mineBlock.minecraft.obsidian":1,"stat.craftItem.minecraft.bow":3,"stat.flyOneCm":3365203,"stat.pickup.minecraft.fish":1,"stat.killEntity.betteranimalsplus.deer":4,"stat.craftItem.simpleores.adamantium_sword":1,"stat.timeSinceDeath":21292,"stat.drop.minecraft.spider_eye":1,"stat.craftItem.securitycraft.security_camera":1,"stat.craftItem.minecraft.iron_block":51,"stat.craftItem.minecraft.stonebrick":484,"stat.pickup.travelersbackpack.travelers_backpack":3,"stat.pickup.securitycraft.keypad":2,"stat.pickup.minecraft.nether_wart":4,"stat.pickup.xlfoodmod.cucumber_seeds":4,"stat.mineBlock.minecraft.coal_ore":82,"stat.killEntity.Creeper":7,"stat.pickup.minecraft.wooden_sword":1,"stat.pickup.minecraft.string":150,"stat.pickup.tombstone.crafting_ingredient":17,"stat.entityKilledBy.Skeleton":1,"stat.pickup.simpleores.mythril_ingot":50,"stat.useItem.minecraft.written_book":1,"stat.sprintOneCm":3162932,"stat.killEntity.betteranimalsplus.pheasant":4,"stat.mineBlock.cfm.blinds_open":1,"stat.useItem.tombstone.magic_scroll":1,"stat.useItem.cfm.blinds_open":1,"stat.mineBlock.minecraft.diamond_ore":82,"stat.pickup.simpleores.onyx_gem":22,"stat.useItem.betteranimalsplus.pheasant_egg":4,"stat.useItem.xlfoodmod.pepper_seeds":3,"stat.pickup.minecraft.vine":13,"stat.pickup.minecraft.iron_block":44,"stat.killEntity.Zombie":63,"stat.mineBlock.xlfoodmod.rock_salt":1,"stat.craftItem.minecraft.diamond_axe":1,"stat.mineBlock.minecraft.gold_ore":97,"stat.diveOneCm":160853,"stat.drop.minecraft.diamond_pickaxe":1,"stat.pickup.minecraft.wheat":294,"stat.pickup.securitycraft.reinforced_grass":1,"stat.mineBlock.minecraft.mossy_cobblestone":2,"stat.mineBlock.simpleores.onyx_ore":9,"stat.craftItem.minecraft.cooked_porkchop":98,"stat.pickup.minecraft.obsidian":1,"stat.useItem.securitycraft.sentry":4,"stat.drop.minecraft.apple":1,"stat.craftItem.minecraft.diamond_sword":1,"stat.jump":18818,"stat.pickup.minecraft.coal":476,"stat.pickup.minecraft.iron_ingot":141,"stat.pickup.minecraft.gunpowder":10,"stat.craftItem.minecraft.torch":36,"stat.pickup.minecraft.dirt":913,"stat.useItem.minecraft.glass":24,"stat.pickup.minecraft.gold_ore":95,"stat.useItem.minecraft.sapling":13,"stat.mineBlock.minecraft.lapis_ore":1,"stat.drop.simpleores.onyx_gem":1,"stat.damageTaken":13826,"stat.useItem.minecraft.stone_brick_stairs":5,"stat.mineBlock.minecraft.torch":79,"stat.mineBlock.minecraft.red_flower":8,"stat.craftItem.betteranimalsplus.pheasantcooked":4,"stat.mineBlock.minecraft.sapling":4,"stat.pickup.minecraft.log2":618,"stat.craftItem.securitycraft.keypad_frame":1,"stat.craftItem.cfm.tv_remote":1,"stat.pickup.minecraft.bed":2,"stat.pickup.xlfoodmod.rice_seeds":3,"stat.entityKilledBy.Zombie":1,"stat.pickup.minecraft.diamond_axe":1,"stat.killEntity.Silverfish":13,"stat.pickup.simpleores.adamantium_ingot":52,"stat.craftItem.securitycraft.universal_block_reinforcer_lvl1":1,"stat.animalsBred":6,"stat.useItem.minecraft.chest":10,"stat.pickup.simpleores.mythril_ore":21,"stat.pickup.minecraft.diamond_pickaxe":1,"stat.pickup.betteranimalsplus.pheasant_egg":3,"stat.useItem.tombstone.gift":4,"stat.useItem.simpleores.adamantium_pickaxe":972,"stat.craftItem.xlfoodmod.pepper_seeds":2,"stat.drop.simpleores.onyx_sword":1,"stat.pickup.minecraft.cooked_beef":4,"stat.mineBlock.minecraft.stonebrick":239,"stat.pickup.minecraft.dark_oak_stairs":152,"stat.mobKills":205,"stat.craftItem.minecraft.shears":3,"stat.pickup.securitycraft.reinforced_stone_button":17,"stat.pickup.minecraft.diamond":150,"stat.craftItem.betteranimalsplus.turkey_leg_cooked":2,"stat.pickup.minecraft.torch":101,"stat.craftItem.betteranimalsplus.venisoncooked":7,"stat.pickup.betteranimalsplus.antler":8,"stat.useItem.betteranimalsplus.venisoncooked":7,"stat.useItem.futuremc.lily_of_the_valley":6,"stat.useItem.minecraft.planks":664,"stat.pickup.minecraft.porkchop":63,"stat.drop.minecraft.wooden_door":1,"stat.pickup.minecraft.glass":1,"stat.craftItem.xlfoodmod.flesh":29,"stat.useItem.simpleores.adamantium_shovel":840,"stat.useItem.minecraft.water_bucket":246,"stat.mineBlock.minecraft.stone_brick_stairs":2,"stat.pickup.minecraft.sand":51,"stat.craftItem.securitycraft.cage_trap":1,"stat.mineBlock.minecraft.sand":51,"stat.pickup.securitycraft.reinforced_cobblestone":14,"stat.craftItem.betteranimalsplus.handoffate":1,"stat.craftItem.minecraft.blaze_powder":2,"stat.pickup.securitycraft.cage_trap":5,"stat.drop.minecraft.diamond":2,"stat.craftItem.simpleores.adamantium_chestplate":1,"stat.pickup.simpleores.adamantium_axe":1,"stat.craftItem.simpleores.mythril_ingot":29,"stat.mineBlock.minecraft.dark_oak_stairs":152,"stat.mineBlock.futuremc.cornflower":5,"stat.useItem.minecraft.dark_oak_stairs":493,"stat.pickup.xlfoodmod.pepper":2,"stat.craftItem.xlfoodmod.dough":8,"stat.pickup.minecraft.furnace":11,"stat.useItem.minecraft.cooked_mutton":12,"stat.pickup.xlfoodmod.vanilla_flower":3,"stat.pickup.tombstone.magic_scroll":8,"stat.pickup.futuremc.lily_of_the_valley":11,"stat.craftItem.minecraft.fence_gate":1,"stat.craftItem.minecraft.heavy_weighted_pressure_plate":2,"stat.entityKilledBy.betteranimalsplus.boar":2,"stat.mineBlock.travelersbackpack.sleeping_bag_bottom":1,"stat.pickup.xlfoodmod.pepper_seeds":10,"stat.playOneMinute":1236529,"stat.drop.minecraft.string":2,"stat.craftItem.securitycraft.keypad_item":2,"stat.pickup.cfm.modern_tv":2,"stat.pickup.minecraft.iron_bars":13,"stat.pickup.securitycraft.camera_monitor":2,"stat.pickup.minecraft.netherrack":152,"stat.pickup.cfm.blinds_open":5,"stat.pickup.securitycraft.reinforced_iron_bars":4,"stat.craftItem.cfm.blinds_dark_oak_open":2,"stat.mineBlock.minecraft.netherrack":33,"stat.useItem.betteranimalsplus.hirschgeistskull_1":1,"stat.pickup.betteranimalsplus.hirschgeistskull_1":6,"stat.craftItem.minecraft.dark_oak_stairs":468,"stat.pickup.betteranimalsplus.venisonraw":9,"stat.craftItem.minecraft.iron_hoe":2,"stat.pickup.minecraft.cooked_chicken":1,"stat.fallOneCm":365755,"stat.pickup.simpleores.tin_ore":18,"stat.craftItem.minecraft.chest":15,"stat.pickup.simpleores.adamantium_sword":3,"stat.drop.simpleores.adamantium_pickaxe":1,"stat.pickup.minecraft.red_mushroom":4,"stat.useItem.minecraft.iron_hoe":266,"stat.craftItem.securitycraft.remote_access_sentry":1,"stat.pickup.minecraft.feather":4,"stat.useItem.minecraft.furnace":3,"stat.mineBlock.minecraft.gravel":51,"stat.useItem.minecraft.stone_pickaxe":131,"stat.mineBlock.simpleores.copper_ore":40,"stat.mineBlock.minecraft.monster_egg":2,"stat.useItem.minecraft.torch":118,"stat.pickup.minecraft.golden_apple":3,"stat.craftItem.betteranimalsplus.hirschgeistskullwearable":2,"stat.craftItem.minecraft.redstone_block":23,"stat.pickup.minecraft.crafting_table":17,"stat.craftItem.minecraft.crafting_table":9,"stat.craftItem.securitycraft.camera_monitor":1,"stat.useItem.xlfoodmod.flesh":24,"stat.mineBlock.minecraft.emerald_ore":18,"stat.pickup.minecraft.redstone_block":21,"stat.pickup.minecraft.log":144,"stat.drop.minecraft.stonebrick":39,"stat.craftItem.minecraft.stone_button":18,"stat.killEntity.betteranimalsplus.coyote":2,"stat.drop.minecraft.planks":3,"stat.useItem.xlfoodmod.roasted_marshmallow":1,"stat.pickup.minecraft.sapling":38,"stat.pickup.minecraft.wooden_door":2,"stat.craftItem.simpleores.adamantium_pickaxe":1,"stat.killEntity.WitherSkeleton":2,"stat.drop.securitycraft.universal_block_remover":2,"stat.mineBlock.simpleores.adamantium_ore":59,"stat.useItem.securitycraft.cobblestone_mine":5,"stat.craftItem.betteranimalsplus.hirschgeistskull_1":2,"stat.useItem.cfm.item_sausage":1,"stat.sneakTime":5426,"stat.pickup.minecraft.chest":3,"stat.craftItem.minecraft.diamond_chestplate":1,"stat.pickup.minecraft.bone":28,"stat.useItem.cfm.blinds_dark_oak_open":1,"stat.useItem.minecraft.log2":107,"stat.useItem.betteranimalsplus.turkey_leg_cooked":2,"stat.pickup.cfm.modern_bed_bottom":1,"stat.craftItem.minecraft.stone_brick_stairs":4,"stat.pickup.securitycraft.sentry":7,"stat.pickup.simpleores.adamantium_leggings":1,"stat.drop.xlfoodmod.vanilla_flower":1,"stat.useItem.minecraft.diamond_sword":208,"stat.craftItem.securitycraft.sentry":2,"stat.craftItem.minecraft.diamond_helmet":1,"stat.swimOneCm":208024,"stat.climbOneCm":5799,"stat.craftItem.securitycraft.mine":6,"stat.craftItem.minecraft.gold_block":8,"stat.enderchestOpened":1,"stat.useItem.minecraft.dirt":407,"stat.killEntity.betteranimalsplus.boar":3,"stat.drop.securitycraft.camera_monitor":2,"stat.useItem.minecraft.red_flower":2,"stat.killEntity.betteranimalsplus.lammergeier":1,"stat.pickup.securitycraft.reinforced_metals":7,"stat.useItem.minecraft.leaves2":171,"stat.craftItem.minecraft.stone_pickaxe":1,"stat.mineBlock.minecraft.magma":2,"stat.pickup.minecraft.cobblestone":1957,"stat.pickup.minecraft.gold_block":8,"stat.pickup.minecraft.glass_bottle":2,"stat.drop.minecraft.wheat_seeds":1,"stat.useItem.minecraft.cooked_beef":26,"stat.craftItem.minecraft.wooden_slab":6,"stat.pickup.minecraft.redstone":114,"stat.mineBlock.minecraft.iron_ore":448,"stat.craftItem.minecraft.book":1,"stat.mineBlock.xlfoodmod.vanilla_flower":2,"stat.pickup.minecraft.mutton":17,"stat.pickup.minecraft.mossy_cobblestone":3,"stat.craftItem.securitycraft.reinforced_dispenser":2,"stat.pickup.minecraft.dark_oak_door":3,"stat.pickup.xlfoodmod.marshmallow":1,"stat.pickup.minecraft.stonebrick":413,"stat.pickup.simpleores.adamantium_pickaxe":1,"stat.useItem.minecraft.cooked_porkchop":60,"stat.mineBlock.minecraft.nether_brick":2,"stat.killEntity.betteranimalsplus.turkey":2,"stat.pickup.xlfoodmod.roasted_marshmallow":1,"stat.pickup.simpleores.copper_ingot":44,"stat.pickup.xlfoodmod.corn_seeds":2,"stat.craftItem.minecraft.stone_slab2":0,"stat.craftItem.minecraft.stick":112,"stat.drop.minecraft.potion":2,"stat.craftItem.minecraft.stone":525,"stat.mineBlock.minecraft.crafting_table":16,"stat.useItem.minecraft.diamond_pickaxe":1735,"stat.useItem.minecraft.carrot":14,"stat.entityKilledBy.Creeper":1,"stat.mineBlock.minecraft.planks":343,"stat.drop":115,"stat.killEntity.Sheep":6,"stat.craftItem.minecraft.diamond_pickaxe":2,"stat.drop.minecraft.bread":2,"stat.craftItem.securitycraft.universal_block_remover":1,"stat.pickup.securitycraft.remote_access_sentry":1,"stat.pickup.minecraft.gravel":52,"stat.drop.minecraft.cooked_beef":3,"stat.useItem.minecraft.diamond_axe":155,"stat.useItem.minecraft.apple":4,"stat.drop.betteranimalsplus.handoffate":1,"stat.pickup.minecraft.stone_brick_stairs":2,"stat.drop.minecraft.cooked_porkchop":8,"stat.pickup.minecraft.fence":12,"stat.useItem.minecraft.stone_axe":80,"stat.craftItem.minecraft.bread":112,"stat.entityKilledBy.CaveSpider":1,"stat.useItem.cfm.tv_remote":73,"stat.pickup.minecraft.spider_eye":6,"stat.craftItem.minecraft.iron_helmet":1,"stat.useItem.minecraft.cooked_chicken":1,"stat.pickup.minecraft.iron_ore":540,"stat.mineBlock.betteranimalsplus.hirschgeistskull_1":3,"stat.mineBlock.minecraft.leaves2":349,"stat.pickup.minecraft.leather":25,"stat.pickup.cfm.item_kebab":2,"stat.craftItem.minecraft.iron_bars":16,"stat.mineBlock.minecraft.furnace":9,"stat.craftItem.cookingforblockheads.recipe_book":2,"stat.useItem.minecraft.wooden_pickaxe":19,"stat.pickup.minecraft.reeds":4,"stat.killEntity.CaveSpider":2,"tombstone:undead_killed":102,"stat.damageDealt":34999,"stat.craftItem.minecraft.glass":39,"stat.sleepInBed":5,"stat.killEntity.Cow":12,"stat.killEntity.Pig":18,"stat.walkOneCm":3246392,"stat.playerKills":1,"stat.pickup.minecraft.stick":3,"stat.craftItem.minecraft.diamond_boots":1,"stat.drop.xlfoodmod.rice_seeds":1,"stat.pickup.minecraft.stone":244,"stat.useItem.simpleores.adamantium_sword":1225,"stat.craftItem.securitycraft.cobblestone_mine":6,"stat.pickup.betteranimalsplus.pheasantraw":4,"stat.craftItem.minecraft.redstone":18,"stat.pickup.minecraft.gold_ingot":5,"stat.killEntity.Skeleton":29,"stat.pickup.xlfoodmod.flesh":3,"stat.killEntity.Spider":19,"stat.pickup.minecraft.bread":2,"stat.pickup.minecraft.quartz":3,"stat.mineBlock.cfm.blinds_dark_oak_open":2,"stat.craftItem.minecraft.fence":24,"stat.pickup.minecraft.water_bucket":1,"stat.mineBlock.minecraft.leaves":56,"stat.mineBlock.minecraft.redstone_ore":18,"stat.mineBlock.minecraft.stone":2098}