{"stat.craftItem.betteranimalsplus.venisoncooked":2,"stat.craftItem.simpleores.tin_ingot":15,"stat.pickup.minecraft.wooden_slab":8,"stat.pickup.betteranimalsplus.antler":4,"stat.leaveGame":2,"stat.useItem.betteranimalsplus.venisoncooked":1,"stat.useItem.minecraft.planks":412,"stat.pickup.simpleores.adamantium_ore":17,"stat.pickup.simpleores.onyx_sword":1,"stat.pickup.minecraft.porkchop":14,"stat.pickup.futuremc.spruce_trapdoor":2,"stat.pickup.minecraft.rotten_flesh":13,"stat.pickup.minecraft.sand":90,"stat.useItem.simpleores.copper_bucket":5,"stat.craftItem.minecraft.stone_axe":6,"stat.mineBlock.minecraft.wooden_slab":6,"stat.craftItem.minecraft.stone_sword":1,"stat.pickup.minecraft.brown_mushroom":10,"stat.mineBlock.minecraft.sand":90,"stat.killEntity.Witch":1,"stat.mineBlock.futuremc.stripped_oak_log":10,"stat.craftItem.simpleores.adamantium_chestplate":1,"stat.pickup.minecraft.double_plant":4,"stat.craftItem.minecraft.birch_door":3,"stat.craftItem.minecraft.glass_pane":96,"stat.furnaceInteraction":64,"stat.mineBlock.futuremc.cornflower":22,"stat.mineBlock.minecraft.birch_stairs":2,"stat.pickup.minecraft.furnace":1,"stat.useItem.minecraft.cooked_mutton":2,"stat.craftItem.simpleores.copper_bucket":1,"stat.craftItem.travelersbackpack.travelers_backpack":1,"stat.craftItem.futuremc.dye":4,"stat.pickup.xlfoodmod.vanilla_flower":7,"stat.pickup.futuremc.stripped_oak_log":11,"stat.pickup.tombstone.magic_scroll":1,"stat.pickup.minecraft.potion":1,"stat.mineBlock.simpleores.tin_ore":15,"stat.pickup.futuremc.lily_of_the_valley":1,"stat.pickup.xlfoodmod.salt":9,"stat.pickup.xlfoodmod.pepper_seeds":4,"stat.deaths":1,"stat.pickup.minecraft.egg":7,"stat.playOneMinute":243407,"stat.pickup.minecraft.birch_door":3,"stat.mineBlock.minecraft.tallgrass":141,"stat.craftItem.minecraft.cooked_mutton":2,"stat.chestOpened":82,"stat.craftItem.minecraft.sign":3,"stat.useItem.minecraft.stone":76,"stat.pickup.minecraft.arrow":1,"stat.pickup.betteranimalsplus.venisonraw":2,"stat.craftItem.simpleores.adamantium_boots":1,"stat.craftItem.minecraft.coal":12,"stat.fallOneCm":135214,"stat.pickup.simpleores.tin_ore":23,"stat.pickup.minecraft.carrot":13,"stat.drop.minecraft.stone_sword":2,"stat.crouchOneCm":5583,"stat.mineBlock.minecraft.chest":1,"stat.craftItem.minecraft.chest":3,"stat.craftItem.minecraft.iron_ingot":8,"stat.pickup.travelersbackpack.sleeping_bag_bottom":1,"stat.craftingTableInteraction":56,"stat.useItem.futuremc.sweet_berries":4,"stat.pickup.minecraft.feather":5,"stat.useItem.minecraft.reeds":7,"stat.pickup.minecraft.planks":210,"stat.pickup.minecraft.wheat_seeds":38,"stat.useItem.minecraft.stone_pickaxe":272,"stat.craftItem.minecraft.birch_stairs":16,"stat.mineBlock.minecraft.glass":1,"stat.useItem.minecraft.stone_sword":35,"stat.mineBlock.xlfoodmod.grass":4,"stat.mineBlock.minecraft.dirt":515,"stat.mineBlock.simpleores.copper_ore":23,"stat.pickup.betteranimalsplus.boarhead_4":3,"stat.useItem.minecraft.torch":82,"stat.useItem.minecraft.log":56,"stat.pickup.minecraft.crafting_table":5,"stat.craftItem.minecraft.crafting_table":3,"stat.pickup.futuremc.dye":4,"stat.mineBlock.minecraft.double_plant":6,"stat.pickup.minecraft.log":244,"stat.craftItem.minecraft.gold_ingot":1,"stat.pickup.minecraft.chicken":6,"stat.pickup.minecraft.sapling":56,"stat.pickup.minecraft.apple":3,"stat.useItem.minecraft.glass_pane":82,"stat.useItem.minecraft.birch_door":4,"stat.useItem.betteranimalsplus.pheasantcooked":2,"stat.craftItem.minecraft.planks":684,"stat.pickup.futuremc.cornflower":45,"stat.pickup.minecraft.stone_sword":2,"stat.mineBlock.minecraft.log":244,"stat.craftItem.xlfoodmod.fried_egg":3,"stat.craftItem.minecraft.cooked_chicken":5,"stat.useItem.minecraft.stone_hoe":68,"stat.pickup.minecraft.red_flower":4,"stat.sneakTime":3105,"stat.pickup.minecraft.wool":3,"stat.killEntity.betteranimalsplus.badger":1,"stat.useItem.futuremc.stripped_oak_log":1,"stat.useItem.minecraft.wooden_axe":10,"stat.pickup.minecraft.yellow_flower":6,"stat.pickup.minecraft.chest":1,"stat.pickup.minecraft.bone":1,"stat.useItem.futuremc.stripped_spruce_wood":4,"stat.craftItem.minecraft.diamond_leggings":1,"stat.drop.minecraft.stone_shovel":2,"stat.mineBlock.minecraft.yellow_flower":3,"stat.mineBlock.minecraft.brown_mushroom":3,"stat.useItem.xlfoodmod.fried_egg":3,"stat.useItem.minecraft.diamond_sword":150,"stat.swimOneCm":15628,"stat.craftItem.futuremc.stripped_spruce_wood":6,"stat.useItem.minecraft.dirt":460,"stat.killEntity.betteranimalsplus.boar":1,"stat.craftItem.simpleores.copper_ingot":10,"stat.useItem.minecraft.stone_slab2":81,"stat.craftItem.simpleores.adamantium_ingot":17,"stat.craftItem.minecraft.furnace":2,"stat.mineBlock.futuremc.bee_nest":1,"stat.useItem.minecraft.egg":2,"stat.craftItem.minecraft.stone_pickaxe":3,"stat.pickup.simpleores.copper_ore":10,"stat.pickup.minecraft.cobblestone":92,"stat.pickup.futuremc.sweet_berries":49,"stat.useItem.minecraft.stone_shovel":637,"stat.flyOneCm":868451,"stat.killEntity.betteranimalsplus.deer":2,"stat.useItem.minecraft.cooked_beef":10,"stat.craftItem.minecraft.wooden_slab":120,"stat.mineBlock.minecraft.iron_ore":18,"stat.timeSinceDeath":193760,"stat.useItem.minecraft.sign":2,"stat.useItem.minecraft.wooden_slab":94,"stat.mineBlock.xlfoodmod.vanilla_flower":4,"stat.pickup.minecraft.mutton":2,"stat.mineBlock.futuremc.stripped_spruce_log":193,"stat.pickup.travelersbackpack.travelers_backpack":2,"stat.pickup.xlfoodmod.cucumber_seeds":2,"stat.useItem.minecraft.cooked_porkchop":18,"stat.mineBlock.minecraft.coal_ore":48,"stat.craftItem.minecraft.stone_hoe":1,"stat.mineBlock.betteranimalsplus.boarhead_4":2,"stat.pickup.minecraft.string":7,"stat.pickup.tombstone.crafting_ingredient":5,"stat.craftItem.minecraft.stone_slab2":0,"stat.pickup.minecraft.birch_stairs":2,"stat.sprintOneCm":274600,"stat.killEntity.betteranimalsplus.pheasant":1,"stat.craftItem.minecraft.stick":120,"stat.craftItem.minecraft.wooden_axe":1,"stat.pickup.simpleores.onyx_gem":2,"stat.mineBlock.minecraft.crafting_table":5,"stat.craftItem.simpleores.adamantium_helmet":1,"stat.useItem.minecraft.carrot":12,"stat.entityKilledBy.Creeper":1,"stat.useItem.xlfoodmod.pepper_seeds":1,"stat.mineBlock.minecraft.planks":135,"stat.drop":10,"stat.killEntity.Sheep":2,"stat.drop.tombstone.grave_key":1,"stat.pickup.tombstone.grave_key":1,"stat.craftItem.minecraft.diamond_pickaxe":1,"stat.killEntity.Zombie":12,"stat.useItem.minecraft.birch_stairs":13,"stat.mineBlock.xlfoodmod.rock_salt":4,"stat.craftItem.minecraft.diamond_axe":1,"stat.diveOneCm":13069,"stat.craftItem.minecraft.cooked_porkchop":110,"stat.useItem.minecraft.diamond_axe":50,"stat.pickup.minecraft.stone_axe":1,"stat.useItem.simpleores.copper_bucket_water":5,"stat.craftItem.futuremc.spruce_trapdoor":2,"stat.pickup.xlfoodmod.onion":1,"stat.craftItem.minecraft.diamond_sword":1,"stat.craftItem.travelersbackpack.backpack_tank":2,"stat.jump":4704,"stat.pickup.minecraft.coal":48,"stat.pickup.minecraft.iron_ingot":16,"stat.useItem.minecraft.stone_axe":628,"stat.pickup.minecraft.gunpowder":2,"stat.pickup.minecraft.spider_eye":2,"stat.craftItem.minecraft.torch":60,"stat.pickup.minecraft.dirt":542,"stat.useItem.minecraft.cooked_chicken":2,"stat.pickup.minecraft.iron_ore":18,"stat.pickup.minecraft.stone_shovel":2,"stat.pickup.minecraft.gold_ore":1,"stat.useItem.minecraft.sapling":24,"stat.drop.simpleores.onyx_gem":2,"stat.pickup.xlfoodmod.tomato_seeds":2,"stat.mineBlock.minecraft.glass_pane":2,"stat.damageTaken":2976,"stat.pickup.minecraft.leather":4,"stat.mineBlock.minecraft.red_flower":5,"stat.mineBlock.minecraft.torch":23,"stat.mineBlock.minecraft.furnace":1,"stat.craftItem.betteranimalsplus.pheasantcooked":2,"stat.pickup.minecraft.reeds":107,"tombstone:undead_killed":13,"stat.craftItem.minecraft.glass":59,"stat.damageDealt":4959,"stat.killEntity.Pig":5,"stat.craftItem.minecraft.stone_shovel":5,"stat.walkOneCm":525476,"stat.pickup.minecraft.stick":10,"stat.pickup.futuremc.stripped_spruce_log":193,"stat.pickup.betteranimalsplus.pheasant_egg":1,"stat.useItem.futuremc.stripped_spruce_log":156,"stat.useItem.tombstone.gift":1,"stat.drop.futuremc.stripped_oak_log":1,"stat.pickup.minecraft.stone":87,"stat.useItem.minecraft.spruce_stairs":7,"stat.pickup.betteranimalsplus.pheasantraw":2,"stat.useItem.minecraft.leaves":39,"stat.drop.simpleores.onyx_sword":1,"stat.pickup.minecraft.cooked_beef":10,"stat.killEntity.Skeleton":1,"stat.killEntity.Chicken":5,"stat.killEntity.Spider":2,"stat.mobKills":33,"stat.pickup.minecraft.diamond":20,"stat.mineBlock.minecraft.leaves":113,"stat.pickup.minecraft.torch":28,"stat.drop.minecraft.stone_axe":1,"stat.craftItem.minecraft.spruce_stairs":8,"stat.mineBlock.minecraft.stone":162}