{"stat.craftItem.betteranimalsplus.venisoncooked":2,"stat.craftItem.simpleores.tin_ingot":22,"stat.pickup.minecraft.wooden_slab":25,"stat.pickup.betteranimalsplus.antler":4,"stat.leaveGame":3,"stat.killEntity.betteranimalsplus.goat":1,"stat.useItem.betteranimalsplus.venisoncooked":2,"stat.craftItem.minecraft.iron_axe":1,"stat.useItem.minecraft.planks":412,"stat.pickup.simpleores.adamantium_ore":63,"stat.mineBlock.cfm.modern_window":1,"stat.pickup.simpleores.onyx_sword":1,"stat.pickup.minecraft.porkchop":26,"stat.pickup.futuremc.spruce_trapdoor":2,"stat.mineBlock.minecraft.red_mushroom":5,"stat.pickup.minecraft.rotten_flesh":15,"stat.pickup.minecraft.sand":90,"stat.useItem.simpleores.copper_bucket":5,"stat.craftItem.minecraft.stone_axe":6,"stat.killEntity.betteranimalsplus.fox":1,"stat.killEntity.Enderman":1,"stat.mineBlock.minecraft.wooden_slab":6,"stat.craftItem.minecraft.stone_sword":1,"stat.craftItem.minecraft.iron_shovel":1,"stat.pickup.minecraft.brown_mushroom":16,"stat.mineBlock.minecraft.sand":90,"stat.killEntity.Witch":1,"stat.mineBlock.futuremc.stripped_oak_log":10,"stat.useItem.minecraft.iron_pickaxe":801,"stat.craftItem.securitycraft.reinforced_stone_button":12,"stat.craftItem.minecraft.iron_door":3,"stat.craftItem.simpleores.adamantium_chestplate":1,"stat.useItem.minecraft.iron_shovel":25,"stat.craftItem.simpleores.mythril_ingot":44,"stat.pickup.minecraft.double_plant":7,"stat.craftItem.minecraft.birch_door":3,"stat.craftItem.minecraft.glass_pane":96,"stat.furnaceInteraction":178,"stat.mineBlock.futuremc.cornflower":22,"stat.pickup.xlfoodmod.pepper":8,"stat.mineBlock.minecraft.birch_stairs":2,"stat.pickup.minecraft.beef":3,"stat.pickup.minecraft.furnace":6,"stat.useItem.minecraft.cooked_mutton":2,"stat.craftItem.simpleores.copper_bucket":1,"stat.craftItem.travelersbackpack.travelers_backpack":1,"stat.craftItem.futuremc.dye":4,"stat.pickup.xlfoodmod.vanilla_flower":7,"stat.pickup.futuremc.stripped_oak_log":11,"stat.pickup.tombstone.magic_scroll":2,"stat.pickup.minecraft.potion":1,"stat.mineBlock.simpleores.tin_ore":22,"stat.pickup.futuremc.lily_of_the_valley":1,"stat.pickup.xlfoodmod.salt":34,"stat.craftItem.securitycraft.laser_block":1,"stat.craftItem.minecraft.heavy_weighted_pressure_plate":2,"stat.useItem.xlfoodmod.tomato_seeds":7,"stat.pickup.xlfoodmod.pepper_seeds":12,"stat.deaths":2,"stat.killEntity.betteranimalsplus.songbird":1,"stat.pickup.minecraft.egg":7,"stat.playOneMinute":373494,"stat.pickup.minecraft.birch_door":4,"stat.craftItem.minecraft.iron_pickaxe":3,"stat.craftItem.securitycraft.keypad_item":1,"stat.pickup.minecraft.glass_pane":11,"stat.mineBlock.minecraft.tallgrass":168,"stat.craftItem.minecraft.cooked_mutton":4,"stat.chestOpened":213,"stat.craftItem.minecraft.sign":3,"stat.useItem.minecraft.stone":92,"stat.pickup.minecraft.arrow":5,"stat.pickup.betteranimalsplus.venisonraw":2,"stat.craftItem.simpleores.adamantium_boots":1,"stat.craftItem.minecraft.coal":12,"stat.fallOneCm":197411,"stat.pickup.simpleores.tin_ore":30,"stat.pickup.minecraft.carrot":58,"stat.drop.minecraft.stone_sword":2,"stat.crouchOneCm":5974,"stat.mineBlock.minecraft.chest":6,"stat.craftItem.minecraft.chest":10,"stat.craftItem.minecraft.iron_ingot":230,"stat.pickup.travelersbackpack.sleeping_bag_bottom":1,"stat.pickup.minecraft.red_mushroom":5,"stat.craftingTableInteraction":91,"stat.pickup.minecraft.heavy_weighted_pressure_plate":1,"stat.useItem.futuremc.sweet_berries":4,"stat.pickup.minecraft.feather":5,"stat.useItem.minecraft.reeds":7,"stat.useItem.minecraft.furnace":9,"stat.pickup.xlfoodmod.tomato":6,"stat.pickup.minecraft.dye":24,"stat.pickup.minecraft.planks":261,"stat.killEntity.Llama":1,"stat.pickup.minecraft.wheat_seeds":42,"stat.mineBlock.simpleores.mythril_ore":71,"stat.mineBlock.minecraft.gravel":7,"stat.useItem.minecraft.stone_pickaxe":274,"stat.craftItem.minecraft.birch_stairs":16,"stat.mineBlock.minecraft.glass":1,"stat.useItem.minecraft.stone_sword":35,"stat.mineBlock.xlfoodmod.grass":4,"stat.mineBlock.minecraft.dirt":577,"stat.pickup.securitycraft.scanner_door_item":5,"stat.mineBlock.simpleores.copper_ore":27,"stat.pickup.betteranimalsplus.boarhead_4":3,"stat.useItem.minecraft.torch":132,"stat.craftItem.minecraft.redstone_block":2,"stat.useItem.minecraft.log":56,"stat.pickup.minecraft.crafting_table":6,"stat.useItem.minecraft.cobblestone":17,"stat.craftItem.minecraft.crafting_table":3,"stat.pickup.futuremc.dye":8,"stat.useItem.minecraft.gravel":3,"stat.mineBlock.minecraft.double_plant":9,"stat.pickup.minecraft.log":277,"stat.pickup.securitycraft.reinforced_stone":26,"stat.craftItem.minecraft.stone_button":10,"stat.craftItem.minecraft.gold_ingot":18,"stat.pickup.minecraft.chicken":6,"stat.pickup.minecraft.sapling":56,"stat.pickup.minecraft.apple":3,"stat.useItem.minecraft.glass_pane":82,"stat.useItem.minecraft.birch_door":4,"stat.craftItem.securitycraft.door_indestructible_iron_item":1,"stat.useItem.betteranimalsplus.pheasantcooked":2,"stat.craftItem.minecraft.bucket":1,"stat.craftItem.minecraft.planks":806,"stat.pickup.futuremc.cornflower":45,"stat.useItem.securitycraft.universal_block_remover":17,"stat.pickup.minecraft.stone_sword":2,"stat.mineBlock.simpleores.adamantium_ore":46,"stat.mineBlock.minecraft.log":254,"stat.craftItem.xlfoodmod.fried_egg":3,"stat.craftItem.minecraft.cooked_chicken":5,"stat.useItem.minecraft.stone_hoe":68,"stat.pickup.minecraft.red_flower":4,"stat.sneakTime":3387,"stat.pickup.minecraft.wool":5,"stat.killEntity.betteranimalsplus.badger":3,"stat.useItem.futuremc.stripped_oak_log":1,"stat.useItem.minecraft.wooden_axe":10,"stat.pickup.minecraft.yellow_flower":6,"stat.pickup.minecraft.chest":6,"stat.pickup.minecraft.bone":3,"stat.useItem.futuremc.stripped_spruce_wood":4,"stat.craftItem.minecraft.diamond_leggings":1,"stat.useItem.minecraft.iron_axe":16,"stat.drop.minecraft.stone_shovel":2,"stat.mineBlock.minecraft.cobblestone":2,"stat.mineBlock.minecraft.yellow_flower":3,"stat.mineBlock.minecraft.brown_mushroom":9,"stat.useItem.xlfoodmod.fried_egg":3,"stat.useItem.minecraft.diamond_sword":355,"stat.swimOneCm":51218,"stat.climbOneCm":2568,"stat.drop.minecraft.cobblestone":1,"stat.craftItem.futuremc.stripped_spruce_wood":6,"stat.useItem.minecraft.dirt":549,"stat.killEntity.betteranimalsplus.boar":2,"stat.craftItem.simpleores.copper_ingot":14,"stat.useItem.minecraft.stone_slab2":120,"stat.craftItem.simpleores.adamantium_ingot":63,"stat.craftItem.minecraft.furnace":12,"stat.mineBlock.futuremc.bee_nest":1,"stat.useItem.minecraft.egg":2,"stat.craftItem.minecraft.stone_pickaxe":3,"stat.pickup.simpleores.copper_ore":14,"stat.pickup.minecraft.cobblestone":321,"stat.pickup.futuremc.sweet_berries":49,"stat.useItem.minecraft.stone_shovel":676,"stat.flyOneCm":1243341,"stat.killEntity.betteranimalsplus.deer":2,"stat.useItem.minecraft.cooked_beef":10,"stat.craftItem.minecraft.wooden_slab":120,"stat.pickup.minecraft.redstone":59,"stat.mineBlock.minecraft.iron_ore":275,"stat.timeSinceDeath":13547,"stat.useItem.minecraft.sign":2,"stat.useItem.minecraft.wooden_slab":94,"stat.mineBlock.xlfoodmod.vanilla_flower":4,"stat.pickup.minecraft.mutton":4,"stat.craftItem.minecraft.iron_block":7,"stat.mineBlock.futuremc.stripped_spruce_log":193,"stat.pickup.travelersbackpack.travelers_backpack":6,"stat.pickup.xlfoodmod.cucumber_seeds":2,"stat.useItem.minecraft.cooked_porkchop":37,"stat.mineBlock.minecraft.coal_ore":157,"stat.craftItem.minecraft.stone_hoe":1,"stat.mineBlock.betteranimalsplus.boarhead_4":2,"stat.pickup.minecraft.string":8,"stat.pickup.tombstone.crafting_ingredient":5,"stat.craftItem.minecraft.stone_slab2":0,"stat.pickup.minecraft.birch_stairs":2,"stat.sprintOneCm":407687,"stat.killEntity.betteranimalsplus.pheasant":2,"stat.craftItem.minecraft.stick":120,"stat.craftItem.minecraft.wooden_axe":1,"stat.craftItem.minecraft.stone":40,"stat.mineBlock.minecraft.diamond_ore":2,"stat.pickup.simpleores.onyx_gem":2,"stat.mineBlock.minecraft.crafting_table":6,"stat.craftItem.simpleores.adamantium_helmet":1,"stat.useItem.minecraft.carrot":33,"stat.entityKilledBy.Creeper":1,"stat.useItem.xlfoodmod.pepper_seeds":7,"stat.mineBlock.minecraft.planks":135,"stat.drop":12,"stat.killEntity.Sheep":4,"stat.drop.tombstone.grave_key":1,"stat.pickup.tombstone.grave_key":1,"stat.craftItem.minecraft.diamond_pickaxe":1,"stat.craftItem.securitycraft.retinal_scanner":1,"stat.killEntity.Zombie":14,"stat.useItem.minecraft.birch_stairs":13,"stat.craftItem.securitycraft.universal_block_remover":1,"stat.mineBlock.xlfoodmod.rock_salt":14,"stat.craftItem.securitycraft.scanner_door_item":1,"stat.craftItem.minecraft.diamond_axe":1,"stat.mineBlock.minecraft.gold_ore":17,"stat.diveOneCm":28710,"stat.pickup.minecraft.sign":2,"stat.pickup.minecraft.gravel":9,"stat.craftItem.minecraft.cooked_porkchop":132,"stat.useItem.minecraft.diamond_axe":50,"stat.pickup.minecraft.stone_axe":1,"stat.pickup.minecraft.obsidian":16,"stat.useItem.simpleores.copper_bucket_water":5,"stat.craftItem.futuremc.spruce_trapdoor":2,"stat.pickup.xlfoodmod.onion":1,"stat.pickup.minecraft.diamond_sword":1,"stat.craftItem.minecraft.diamond_sword":1,"stat.craftItem.travelersbackpack.backpack_tank":2,"stat.jump":7211,"stat.pickup.minecraft.coal":170,"stat.pickup.minecraft.iron_ingot":22,"stat.useItem.minecraft.stone_axe":631,"stat.drop.minecraft.diamond_sword":1,"stat.pickup.minecraft.gunpowder":4,"stat.pickup.minecraft.spider_eye":3,"stat.craftItem.minecraft.torch":152,"stat.pickup.minecraft.dirt":637,"stat.useItem.minecraft.cooked_chicken":5,"stat.pickup.cfm.modern_window":1,"stat.pickup.minecraft.iron_ore":277,"stat.pickup.minecraft.stone_shovel":2,"stat.pickup.minecraft.gold_ore":18,"stat.useItem.minecraft.sapling":24,"stat.mineBlock.minecraft.lapis_ore":3,"stat.drop.simpleores.onyx_gem":2,"stat.pickup.xlfoodmod.tomato_seeds":11,"stat.mineBlock.minecraft.glass_pane":2,"stat.damageTaken":5077,"stat.pickup.minecraft.leather":13,"stat.mineBlock.minecraft.red_flower":5,"stat.mineBlock.minecraft.torch":45,"stat.mineBlock.minecraft.furnace":6,"stat.craftItem.betteranimalsplus.pheasantcooked":5,"stat.pickup.minecraft.ender_eye":1,"stat.pickup.minecraft.reeds":107,"tombstone:undead_killed":18,"stat.craftItem.minecraft.glass":59,"stat.damageDealt":9874,"stat.craftItem.minecraft.anvil":1,"stat.killEntity.Cow":1,"stat.killEntity.Pig":9,"stat.craftItem.minecraft.stone_shovel":7,"stat.craftItem.securitycraft.universal_block_reinforcer_lvl1":1,"stat.walkOneCm":785073,"stat.useItem.minecraft.chest":4,"stat.playerKills":5,"stat.pickup.minecraft.stick":10,"stat.pickup.futuremc.stripped_spruce_log":193,"stat.pickup.simpleores.mythril_ore":69,"stat.pickup.betteranimalsplus.pheasant_egg":1,"stat.useItem.futuremc.stripped_spruce_log":156,"stat.useItem.tombstone.gift":2,"stat.drop.futuremc.stripped_oak_log":1,"stat.pickup.minecraft.stone":105,"stat.useItem.minecraft.spruce_stairs":7,"stat.pickup.betteranimalsplus.pheasantraw":5,"stat.useItem.minecraft.leaves":39,"stat.drop.simpleores.onyx_sword":1,"stat.pickup.minecraft.cooked_beef":10,"stat.killEntity.Skeleton":4,"stat.killEntity.Chicken":5,"stat.killEntity.Spider":3,"stat.mobKills":55,"stat.craftItem.minecraft.shears":1,"stat.pickup.minecraft.diamond":22,"stat.mineBlock.minecraft.leaves":114,"stat.pickup.minecraft.torch":50,"stat.pickup.minecraft.spruce_stairs":1,"stat.mineBlock.minecraft.redstone_ore":14,"stat.drop.minecraft.stone_axe":1,"stat.craftItem.minecraft.spruce_stairs":8,"stat.mineBlock.minecraft.stone":406}