{"stat.craftItem.betteranimalsplus.venisoncooked":2,"stat.craftItem.simpleores.tin_ingot":22,"stat.pickup.minecraft.wooden_slab":25,"stat.pickup.betteranimalsplus.antler":4,"stat.leaveGame":4,"stat.killEntity.betteranimalsplus.goat":3,"stat.useItem.betteranimalsplus.venisoncooked":2,"stat.craftItem.minecraft.iron_axe":1,"stat.useItem.minecraft.planks":412,"stat.pickup.simpleores.adamantium_ore":63,"stat.mineBlock.cfm.modern_window":1,"stat.pickup.simpleores.onyx_sword":1,"stat.pickup.minecraft.porkchop":27,"stat.pickup.futuremc.spruce_trapdoor":2,"stat.mineBlock.minecraft.red_mushroom":5,"stat.pickup.minecraft.rotten_flesh":15,"stat.pickup.minecraft.sand":90,"stat.useItem.simpleores.copper_bucket":5,"stat.craftItem.minecraft.stone_axe":6,"stat.killEntity.betteranimalsplus.fox":1,"stat.killEntity.Enderman":2,"stat.mineBlock.minecraft.wooden_slab":6,"stat.craftItem.minecraft.stone_sword":1,"stat.pickup.betteranimalsplus.trillium":1,"stat.craftItem.minecraft.iron_shovel":1,"stat.pickup.minecraft.brown_mushroom":16,"stat.mineBlock.minecraft.sand":90,"stat.killEntity.Witch":1,"stat.mineBlock.futuremc.stripped_oak_log":10,"stat.useItem.minecraft.iron_pickaxe":945,"stat.craftItem.securitycraft.reinforced_stone_button":12,"stat.craftItem.minecraft.iron_door":3,"stat.craftItem.simpleores.adamantium_chestplate":1,"stat.useItem.minecraft.iron_shovel":80,"stat.craftItem.simpleores.mythril_ingot":69,"stat.pickup.minecraft.double_plant":7,"stat.craftItem.minecraft.birch_door":3,"stat.craftItem.minecraft.bed":2,"stat.craftItem.minecraft.glass_pane":112,"stat.furnaceInteraction":204,"stat.mineBlock.futuremc.cornflower":23,"stat.pickup.xlfoodmod.pepper":16,"stat.mineBlock.minecraft.birch_stairs":2,"stat.pickup.minecraft.filled_map":1,"stat.pickup.minecraft.beef":8,"stat.pickup.minecraft.furnace":6,"stat.useItem.minecraft.cooked_mutton":4,"stat.craftItem.simpleores.copper_bucket":1,"stat.craftItem.travelersbackpack.travelers_backpack":2,"stat.craftItem.futuremc.dye":12,"stat.pickup.xlfoodmod.vanilla_flower":7,"stat.pickup.futuremc.stripped_oak_log":11,"stat.pickup.tombstone.magic_scroll":2,"stat.pickup.minecraft.potion":1,"stat.mineBlock.simpleores.tin_ore":22,"stat.pickup.futuremc.lily_of_the_valley":1,"stat.pickup.xlfoodmod.salt":42,"stat.craftItem.securitycraft.laser_block":1,"stat.craftItem.minecraft.heavy_weighted_pressure_plate":2,"stat.useItem.xlfoodmod.tomato_seeds":17,"stat.pickup.xlfoodmod.pepper_seeds":19,"stat.deaths":2,"stat.killEntity.betteranimalsplus.songbird":2,"stat.pickup.minecraft.egg":7,"stat.playOneMinute":439576,"stat.pickup.minecraft.birch_door":4,"stat.craftItem.minecraft.iron_pickaxe":3,"stat.craftItem.securitycraft.keypad_item":1,"stat.pickup.minecraft.glass_pane":11,"stat.pickup.minecraft.item_frame":1,"stat.mineBlock.minecraft.tallgrass":228,"stat.craftItem.minecraft.cooked_mutton":4,"stat.chestOpened":299,"stat.craftItem.minecraft.sign":6,"stat.useItem.minecraft.stone":92,"stat.pickup.minecraft.arrow":8,"stat.pickup.minecraft.waterlily":6,"stat.pickup.betteranimalsplus.venisonraw":2,"stat.craftItem.simpleores.adamantium_boots":1,"stat.craftItem.minecraft.coal":12,"stat.fallOneCm":231109,"stat.pickup.simpleores.tin_ore":30,"stat.pickup.minecraft.carrot":58,"stat.drop.minecraft.stone_sword":2,"stat.crouchOneCm":7348,"stat.mineBlock.minecraft.chest":6,"stat.craftItem.minecraft.chest":11,"stat.craftItem.minecraft.iron_ingot":296,"stat.pickup.travelersbackpack.sleeping_bag_bottom":1,"stat.pickup.minecraft.red_mushroom":5,"stat.mineBlock.futuremc.lily_of_the_valley":6,"stat.craftingTableInteraction":106,"stat.pickup.minecraft.heavy_weighted_pressure_plate":1,"stat.useItem.futuremc.sweet_berries":9,"stat.pickup.minecraft.feather":8,"stat.useItem.minecraft.reeds":7,"stat.useItem.minecraft.furnace":9,"stat.pickup.xlfoodmod.tomato":15,"stat.pickup.minecraft.dye":31,"stat.pickup.minecraft.planks":261,"stat.killEntity.Llama":1,"stat.pickup.minecraft.wheat_seeds":45,"stat.mineBlock.simpleores.mythril_ore":71,"stat.mineBlock.minecraft.gravel":7,"stat.useItem.minecraft.stone_pickaxe":274,"stat.craftItem.minecraft.birch_stairs":16,"stat.mineBlock.minecraft.glass":1,"stat.useItem.minecraft.stone_sword":35,"stat.craftItem.minecraft.iron_leggings":1,"stat.mineBlock.xlfoodmod.grass":5,"stat.mineBlock.minecraft.dirt":622,"stat.pickup.securitycraft.scanner_door_item":5,"stat.craftItem.securitycraft.dirt_mine":2,"stat.mineBlock.simpleores.copper_ore":30,"stat.pickup.xlfoodmod.cucumber":2,"stat.pickup.betteranimalsplus.boarhead_4":3,"stat.useItem.minecraft.torch":157,"stat.craftItem.minecraft.redstone_block":2,"stat.useItem.minecraft.log":56,"stat.pickup.minecraft.crafting_table":6,"stat.useItem.minecraft.cobblestone":19,"stat.craftItem.minecraft.crafting_table":3,"stat.pickup.futuremc.dye":8,"stat.useItem.minecraft.gravel":3,"stat.mineBlock.minecraft.double_plant":11,"stat.mineBlock.betteranimalsplus.trillium":1,"stat.pickup.minecraft.log":295,"stat.craftItem.simpleores.mythril_bow":1,"stat.pickup.securitycraft.reinforced_stone":26,"stat.craftItem.minecraft.stone_button":10,"stat.craftItem.simpleores.mythril_rod":2,"stat.craftItem.minecraft.gold_ingot":18,"stat.pickup.minecraft.tallgrass":2,"stat.pickup.minecraft.chicken":6,"stat.pickup.minecraft.sapling":56,"stat.useItem.minecraft.tallgrass":1,"stat.pickup.minecraft.apple":3,"stat.useItem.minecraft.glass_pane":82,"stat.useItem.minecraft.birch_door":4,"stat.craftItem.securitycraft.door_indestructible_iron_item":1,"stat.useItem.betteranimalsplus.pheasantcooked":5,"stat.craftItem.minecraft.bucket":1,"stat.craftItem.minecraft.planks":826,"stat.pickup.futuremc.cornflower":46,"stat.useItem.securitycraft.universal_block_remover":17,"stat.pickup.minecraft.stone_sword":2,"stat.mineBlock.simpleores.adamantium_ore":46,"stat.mineBlock.minecraft.log":272,"stat.craftItem.xlfoodmod.fried_egg":3,"stat.craftItem.minecraft.cooked_chicken":5,"stat.mineBlock.minecraft.waterlily":6,"stat.useItem.minecraft.stone_hoe":68,"stat.pickup.minecraft.red_flower":37,"stat.sneakTime":4140,"stat.pickup.minecraft.wool":49,"stat.killEntity.betteranimalsplus.badger":3,"stat.useItem.futuremc.stripped_oak_log":1,"stat.useItem.minecraft.wooden_axe":10,"stat.pickup.minecraft.yellow_flower":6,"stat.pickup.minecraft.chest":6,"stat.pickup.minecraft.bone":4,"stat.useItem.futuremc.stripped_spruce_wood":4,"stat.craftItem.minecraft.diamond_leggings":1,"stat.useItem.minecraft.iron_axe":34,"stat.drop.minecraft.stone_shovel":2,"stat.mineBlock.minecraft.cobblestone":4,"stat.pickup.minecraft.flint":1,"stat.mineBlock.minecraft.yellow_flower":3,"stat.mineBlock.minecraft.brown_mushroom":9,"stat.useItem.xlfoodmod.fried_egg":3,"stat.useItem.minecraft.diamond_sword":500,"stat.craftItem.minecraft.wool":14,"stat.swimOneCm":75068,"stat.climbOneCm":5228,"stat.craftItem.securitycraft.mine":3,"stat.drop.minecraft.cobblestone":1,"stat.craftItem.futuremc.stripped_spruce_wood":6,"stat.craftItem.minecraft.arrow":4,"stat.useItem.minecraft.dirt":625,"stat.killEntity.betteranimalsplus.boar":2,"stat.craftItem.simpleores.copper_ingot":17,"stat.useItem.minecraft.stone_slab2":136,"stat.craftItem.simpleores.adamantium_ingot":63,"stat.craftItem.minecraft.furnace":12,"stat.mineBlock.futuremc.bee_nest":1,"stat.useItem.minecraft.egg":2,"stat.craftItem.minecraft.iron_boots":1,"stat.craftItem.minecraft.stone_pickaxe":3,"stat.pickup.simpleores.copper_ore":17,"stat.pickup.minecraft.cobblestone":347,"stat.mineBlock.minecraft.clay":12,"stat.pickup.futuremc.sweet_berries":113,"stat.useItem.minecraft.stone_shovel":676,"stat.flyOneCm":1511196,"stat.killEntity.betteranimalsplus.deer":2,"stat.drop.minecraft.wheat_seeds":1,"stat.useItem.minecraft.cooked_beef":10,"stat.craftItem.minecraft.wooden_slab":120,"stat.craftItem.minecraft.stained_glass":16,"stat.pickup.minecraft.redstone":59,"stat.mineBlock.minecraft.iron_ore":304,"stat.timeSinceDeath":79629,"stat.useItem.minecraft.sign":4,"stat.useItem.minecraft.wooden_slab":94,"stat.mineBlock.xlfoodmod.vanilla_flower":4,"stat.pickup.minecraft.mutton":19,"stat.craftItem.minecraft.iron_block":7,"stat.mineBlock.futuremc.stripped_spruce_log":193,"stat.pickup.travelersbackpack.travelers_backpack":7,"stat.pickup.xlfoodmod.cucumber_seeds":3,"stat.useItem.minecraft.cooked_porkchop":42,"stat.mineBlock.minecraft.coal_ore":241,"stat.craftItem.minecraft.stone_hoe":1,"stat.killEntity.betteranimalsplus.turkey":1,"stat.mineBlock.betteranimalsplus.boarhead_4":2,"stat.pickup.minecraft.string":8,"stat.pickup.xlfoodmod.corn_seeds":1,"stat.pickup.tombstone.crafting_ingredient":5,"stat.craftItem.minecraft.stone_slab2":0,"stat.pickup.minecraft.birch_stairs":2,"stat.sprintOneCm":502836,"stat.killEntity.betteranimalsplus.pheasant":5,"stat.craftItem.minecraft.stick":120,"stat.craftItem.minecraft.wooden_axe":1,"stat.craftItem.minecraft.stone":40,"stat.mineBlock.minecraft.diamond_ore":2,"stat.pickup.simpleores.onyx_gem":2,"stat.mineBlock.minecraft.crafting_table":6,"stat.craftItem.simpleores.adamantium_helmet":1,"stat.useItem.minecraft.carrot":33,"stat.entityKilledBy.Creeper":1,"stat.useItem.xlfoodmod.pepper_seeds":13,"stat.mineBlock.minecraft.planks":135,"stat.drop":13,"stat.killEntity.Sheep":11,"stat.drop.tombstone.grave_key":1,"stat.pickup.tombstone.grave_key":1,"stat.craftItem.minecraft.diamond_pickaxe":1,"stat.craftItem.securitycraft.retinal_scanner":1,"stat.killEntity.Zombie":14,"stat.craftItem.minecraft.dye":39,"stat.useItem.minecraft.birch_stairs":13,"stat.craftItem.securitycraft.universal_block_remover":1,"stat.mineBlock.xlfoodmod.rock_salt":17,"stat.craftItem.securitycraft.scanner_door_item":1,"stat.craftItem.minecraft.diamond_axe":1,"stat.mineBlock.minecraft.gold_ore":17,"stat.diveOneCm":40816,"stat.pickup.minecraft.sign":2,"stat.pickup.minecraft.gravel":13,"stat.craftItem.minecraft.cooked_porkchop":136,"stat.useItem.minecraft.diamond_axe":50,"stat.pickup.minecraft.stone_axe":1,"stat.pickup.minecraft.obsidian":16,"stat.useItem.simpleores.copper_bucket_water":5,"stat.craftItem.futuremc.spruce_trapdoor":2,"stat.pickup.xlfoodmod.onion":2,"stat.pickup.minecraft.diamond_sword":1,"stat.craftItem.minecraft.diamond_sword":1,"stat.craftItem.travelersbackpack.backpack_tank":2,"stat.jump":8540,"stat.pickup.minecraft.coal":254,"stat.pickup.minecraft.iron_ingot":22,"stat.useItem.minecraft.stone_axe":631,"stat.drop.minecraft.diamond_sword":1,"stat.pickup.minecraft.gunpowder":5,"stat.pickup.minecraft.spider_eye":3,"stat.craftItem.minecraft.torch":152,"stat.pickup.minecraft.dirt":741,"stat.craftItem.minecraft.iron_helmet":1,"stat.useItem.minecraft.cooked_chicken":5,"stat.pickup.cfm.modern_window":1,"stat.pickup.minecraft.iron_ore":306,"stat.pickup.minecraft.stone_shovel":2,"stat.pickup.minecraft.gold_ore":18,"stat.useItem.minecraft.sapling":24,"stat.mineBlock.minecraft.lapis_ore":3,"stat.drop.simpleores.onyx_gem":2,"stat.pickup.xlfoodmod.tomato_seeds":23,"stat.mineBlock.minecraft.glass_pane":2,"stat.damageTaken":5709,"stat.pickup.minecraft.leather":17,"stat.mineBlock.minecraft.red_flower":38,"stat.mineBlock.minecraft.torch":48,"stat.mineBlock.minecraft.furnace":6,"stat.craftItem.betteranimalsplus.pheasantcooked":5,"stat.pickup.minecraft.ender_eye":1,"stat.pickup.minecraft.reeds":107,"tombstone:undead_killed":21,"stat.craftItem.minecraft.glass":66,"stat.damageDealt":12523,"stat.sleepInBed":1,"stat.craftItem.minecraft.anvil":1,"stat.killEntity.Cow":3,"stat.killEntity.Pig":10,"stat.craftItem.minecraft.stone_shovel":7,"stat.craftItem.securitycraft.universal_block_reinforcer_lvl1":1,"stat.walkOneCm":908617,"stat.useItem.minecraft.chest":5,"stat.playerKills":5,"stat.pickup.minecraft.stick":10,"stat.pickup.futuremc.stripped_spruce_log":193,"stat.pickup.simpleores.mythril_ore":69,"stat.pickup.minecraft.clay_ball":48,"stat.pickup.betteranimalsplus.pheasant_egg":1,"stat.useItem.futuremc.stripped_spruce_log":156,"stat.useItem.tombstone.gift":2,"stat.drop.futuremc.stripped_oak_log":1,"stat.pickup.minecraft.stone":106,"stat.useItem.minecraft.spruce_stairs":7,"stat.craftItem.securitycraft.cobblestone_mine":1,"stat.craftItem.minecraft.iron_chestplate":1,"stat.pickup.betteranimalsplus.pheasantraw":5,"stat.useItem.minecraft.leaves":39,"stat.drop.simpleores.onyx_sword":1,"stat.pickup.minecraft.cooked_beef":10,"stat.killEntity.Skeleton":7,"stat.craftItem.minecraft.stained_glass_pane":32,"stat.killEntity.Chicken":5,"stat.killEntity.Spider":3,"stat.mobKills":76,"stat.craftItem.minecraft.shears":2,"stat.pickup.minecraft.diamond":22,"stat.mineBlock.minecraft.leaves":121,"stat.pickup.minecraft.torch":54,"stat.pickup.minecraft.spruce_stairs":1,"stat.mineBlock.minecraft.redstone_ore":14,"stat.drop.minecraft.stone_axe":1,"stat.craftItem.minecraft.spruce_stairs":8,"stat.mineBlock.minecraft.stone":429}