{"stat.chestOpened":36,"stat.pickup.minecraft.bone":1,"stat.craftItem.minecraft.sign":3,"stat.craftItem.minecraft.diamond_leggings":1,"stat.leaveGame":1,"stat.drop.minecraft.stone_shovel":1,"stat.pickup.minecraft.arrow":1,"stat.craftItem.minecraft.cooked_porkchop":6,"stat.mineBlock.minecraft.yellow_flower":3,"stat.craftItem.simpleores.adamantium_boots":1,"stat.mineBlock.minecraft.brown_mushroom":3,"stat.useItem.xlfoodmod.fried_egg":3,"stat.useItem.minecraft.diamond_sword":20,"stat.craftItem.minecraft.coal":12,"stat.craftItem.minecraft.diamond_sword":1,"stat.craftItem.travelersbackpack.backpack_tank":2,"stat.jump":2182,"stat.swimOneCm":8128,"stat.pickup.minecraft.coal":21,"stat.fallOneCm":67043,"stat.pickup.minecraft.iron_ingot":16,"stat.useItem.minecraft.planks":41,"stat.pickup.simpleores.adamantium_ore":17,"stat.pickup.simpleores.tin_ore":16,"stat.pickup.minecraft.carrot":13,"stat.useItem.minecraft.stone_axe":265,"stat.drop.minecraft.stone_sword":2,"stat.pickup.simpleores.onyx_sword":1,"stat.pickup.minecraft.porkchop":6,"stat.crouchOneCm":1874,"stat.mineBlock.minecraft.chest":1,"stat.pickup.minecraft.spider_eye":2,"stat.craftItem.minecraft.chest":3,"stat.craftItem.minecraft.torch":48,"stat.pickup.minecraft.dirt":200,"stat.pickup.travelersbackpack.sleeping_bag_bottom":1,"stat.useItem.minecraft.dirt":166,"stat.useItem.minecraft.stone_slab2":24,"stat.craftItem.simpleores.adamantium_ingot":17,"stat.craftingTableInteraction":22,"stat.pickup.minecraft.iron_ore":4,"stat.pickup.minecraft.rotten_flesh":4,"stat.pickup.minecraft.sand":39,"stat.craftItem.minecraft.furnace":1,"stat.pickup.minecraft.stone_shovel":1,"stat.pickup.minecraft.gold_ore":1,"stat.useItem.minecraft.sapling":13,"stat.mineBlock.futuremc.bee_nest":1,"stat.drop.simpleores.onyx_gem":2,"stat.useItem.minecraft.egg":1,"stat.craftItem.minecraft.stone_axe":3,"stat.pickup.xlfoodmod.tomato_seeds":2,"stat.damageTaken":1553,"stat.pickup.minecraft.leather":4,"stat.useItem.futuremc.sweet_berries":4,"stat.mineBlock.minecraft.red_flower":2,"stat.craftItem.minecraft.stone_pickaxe":1,"stat.mineBlock.minecraft.torch":10,"stat.mineBlock.minecraft.furnace":1,"stat.craftItem.betteranimalsplus.pheasantcooked":2,"stat.pickup.minecraft.cobblestone":39,"stat.pickup.minecraft.planks":77,"stat.pickup.futuremc.sweet_berries":33,"stat.pickup.minecraft.reeds":68,"stat.useItem.minecraft.stone_shovel":222,"stat.craftItem.minecraft.stone_sword":1,"stat.flyOneCm":382529,"tombstone:undead_killed":4,"stat.pickup.minecraft.wheat_seeds":33,"stat.pickup.minecraft.brown_mushroom":9,"stat.mineBlock.minecraft.sand":39,"stat.useItem.minecraft.stone_pickaxe":81,"stat.useItem.minecraft.cooked_beef":5,"stat.useItem.minecraft.stone_sword":35,"stat.mineBlock.futuremc.stripped_oak_log":10,"stat.craftItem.minecraft.glass":39,"stat.damageDealt":1673,"stat.mineBlock.minecraft.iron_ore":4,"stat.timeSinceDeath":55810,"stat.mineBlock.xlfoodmod.grass":4,"stat.mineBlock.minecraft.dirt":171,"stat.useItem.minecraft.sign":2,"stat.killEntity.Pig":3,"stat.mineBlock.xlfoodmod.vanilla_flower":3,"stat.pickup.minecraft.mutton":2,"stat.craftItem.simpleores.adamantium_chestplate":1,"stat.mineBlock.simpleores.copper_ore":13,"stat.craftItem.minecraft.stone_shovel":2,"stat.pickup.minecraft.double_plant":4,"stat.walkOneCm":203685,"stat.useItem.minecraft.torch":46,"stat.mineBlock.futuremc.stripped_spruce_log":47,"stat.pickup.travelersbackpack.travelers_backpack":1,"stat.pickup.futuremc.stripped_spruce_log":47,"stat.useItem.minecraft.log":53,"stat.pickup.minecraft.crafting_table":2,"stat.craftItem.minecraft.crafting_table":2,"stat.furnaceInteraction":42,"stat.pickup.xlfoodmod.cucumber_seeds":2,"stat.pickup.futuremc.dye":4,"stat.mineBlock.minecraft.double_plant":6,"stat.useItem.minecraft.cooked_porkchop":6,"stat.mineBlock.futuremc.cornflower":16,"stat.mineBlock.minecraft.coal_ore":21,"stat.pickup.minecraft.log":163,"stat.pickup.minecraft.string":6,"stat.useItem.futuremc.stripped_spruce_log":45,"stat.useItem.tombstone.gift":1,"stat.pickup.minecraft.furnace":1,"stat.useItem.minecraft.cooked_mutton":1,"stat.pickup.tombstone.crafting_ingredient":2,"stat.drop.futuremc.stripped_oak_log":1,"stat.craftItem.minecraft.stone_slab2":0,"stat.craftItem.minecraft.gold_ingot":1,"stat.pickup.minecraft.stone":10,"stat.pickup.minecraft.chicken":1,"stat.craftItem.travelersbackpack.travelers_backpack":1,"stat.pickup.betteranimalsplus.pheasantraw":2,"stat.pickup.minecraft.sapling":43,"stat.craftItem.futuremc.dye":4,"stat.sprintOneCm":101280,"stat.pickup.xlfoodmod.vanilla_flower":6,"stat.killEntity.betteranimalsplus.pheasant":1,"stat.drop.simpleores.onyx_sword":1,"stat.pickup.futuremc.stripped_oak_log":11,"stat.pickup.minecraft.cooked_beef":10,"stat.pickup.minecraft.apple":3,"stat.craftItem.minecraft.stick":44,"stat.craftItem.minecraft.wooden_axe":1,"stat.pickup.tombstone.magic_scroll":1,"stat.killEntity.Skeleton":1,"stat.useItem.betteranimalsplus.pheasantcooked":2,"stat.craftItem.minecraft.planks":228,"stat.pickup.futuremc.cornflower":38,"stat.mineBlock.simpleores.tin_ore":8,"stat.pickup.simpleores.onyx_gem":2,"stat.killEntity.Spider":1,"stat.mineBlock.minecraft.crafting_table":2,"stat.craftItem.simpleores.adamantium_helmet":1,"stat.pickup.minecraft.stone_sword":2,"stat.useItem.minecraft.carrot":5,"stat.mobKills":11,"stat.mineBlock.minecraft.log":163,"stat.craftItem.xlfoodmod.fried_egg":3,"stat.entityKilledBy.Creeper":1,"stat.craftItem.minecraft.cooked_chicken":1,"stat.pickup.xlfoodmod.pepper_seeds":4,"stat.deaths":1,"stat.mineBlock.minecraft.planks":1,"stat.drop":8,"stat.pickup.minecraft.diamond":20,"stat.mineBlock.minecraft.leaves":42,"stat.pickup.minecraft.egg":5,"stat.playOneMinute":105457,"stat.pickup.minecraft.torch":10,"stat.killEntity.Sheep":2,"stat.drop.tombstone.grave_key":1,"stat.pickup.minecraft.red_flower":2,"stat.pickup.tombstone.grave_key":1,"stat.sneakTime":1229,"stat.pickup.minecraft.wool":3,"stat.craftItem.minecraft.diamond_pickaxe":1,"stat.killEntity.Zombie":3,"stat.useItem.futuremc.stripped_oak_log":1,"stat.useItem.minecraft.wooden_axe":10,"stat.pickup.minecraft.yellow_flower":6,"stat.craftItem.minecraft.diamond_axe":1,"stat.mineBlock.minecraft.stone":32,"stat.mineBlock.minecraft.tallgrass":88,"stat.craftItem.minecraft.cooked_mutton":2,"stat.diveOneCm":10099,"stat.pickup.minecraft.chest":1}