{"stat.craftItem.simpleores.tin_ingot":2,"stat.pickup.minecraft.bone":6,"stat.drop.cfm.item_kebab":2,"stat.leaveGame":7,"stat.mineBlock.minecraft.pumpkin":1,"stat.mineBlock.minecraft.cobblestone":8,"stat.pickup.minecraft.stone_pickaxe":1,"stat.pickup.betteranimalsplus.goose_egg":1,"stat.mineBlock.minecraft.yellow_flower":1,"stat.pickup.futuremc.stripped_dark_oak_log":1,"stat.swimOneCm":38676,"stat.pickup.minecraft.porkchop":17,"stat.craftItem.simpleores.copper_ingot":64,"stat.useItem.minecraft.dirt":234,"stat.useItem.minecraft.stone_slab2":47,"stat.pickup.minecraft.rotten_flesh":6,"stat.pickup.minecraft.sand":44,"stat.craftItem.minecraft.furnace":2,"stat.useItem.minecraft.egg":1,"stat.craftItem.minecraft.stone_axe":2,"stat.craftItem.minecraft.iron_boots":1,"stat.killEntity.betteranimalsplus.fox":1,"stat.craftItem.minecraft.stone_pickaxe":3,"stat.craftItem.minecraft.cooked_beef":17,"stat.pickup.simpleores.copper_ore":64,"stat.pickup.minecraft.cobblestone":478,"stat.pickup.futuremc.sweet_berries":44,"stat.useItem.minecraft.stone_shovel":153,"stat.flyOneCm":219436,"stat.mineBlock.minecraft.sand":22,"stat.useItem.minecraft.cooked_beef":5,"stat.mineBlock.minecraft.iron_ore":76,"stat.pickup.xlfoodmod.strawberry_seeds":7,"stat.timeSinceDeath":17142,"stat.useItem.minecraft.iron_pickaxe":463,"stat.craftItem.minecraft.wooden_pickaxe":1,"stat.mineBlock.xlfoodmod.vanilla_flower":8,"stat.pickup.minecraft.mutton":12,"stat.pickup.minecraft.double_plant":1,"stat.craftItem.minecraft.bed":1,"stat.craftItem.minecraft.stonebrick":276,"stat.furnaceInteraction":86,"stat.pickup.xlfoodmod.cucumber_seeds":4,"stat.useItem.minecraft.cooked_porkchop":17,"stat.useItem.xlfoodmod.cucumber_seeds":1,"stat.mineBlock.futuremc.cornflower":8,"stat.mineBlock.minecraft.coal_ore":183,"stat.killEntity.Creeper":1,"stat.craftItem.minecraft.stone_hoe":1,"stat.pickup.xlfoodmod.pepper":2,"stat.pickup.minecraft.beef":17,"stat.pickup.minecraft.furnace":3,"stat.pickup.xlfoodmod.corn_seeds":2,"stat.pickup.tombstone.crafting_ingredient":1,"stat.entityKilledBy.Skeleton":1,"stat.craftItem.minecraft.stone_slab2":0,"stat.useItem.minecraft.written_book":1,"stat.craftItem.futuremc.dye":6,"stat.sprintOneCm":496607,"stat.pickup.xlfoodmod.vanilla_flower":13,"stat.useItem.xlfoodmod.strawberry_seeds":2,"stat.craftItem.minecraft.stick":36,"stat.craftItem.minecraft.wooden_axe":1,"stat.pickup.tombstone.magic_scroll":1,"stat.craftItem.minecraft.stone":276,"stat.mineBlock.simpleores.tin_ore":51,"stat.useItem.xlfoodmod.onion":2,"stat.useItem.minecraft.wheat_seeds":34,"stat.mineBlock.minecraft.crafting_table":5,"stat.pickup.xlfoodmod.salt":13,"stat.useItem.minecraft.carrot":17,"stat.deaths":7,"stat.mineBlock.minecraft.planks":1,"stat.pickup.xlfoodmod.pepper_seeds":3,"stat.drop":5,"stat.pickup.minecraft.egg":2,"stat.playOneMinute":276036,"stat.killEntity.Sheep":7,"stat.pickup.xlfoodmod.raw_corn":1,"stat.craftItem.minecraft.iron_pickaxe":2,"stat.killEntity.Zombie":6,"stat.craftItem.minecraft.dye":6,"stat.mineBlock.xlfoodmod.rock_salt":4,"stat.mineBlock.minecraft.tallgrass":298,"stat.diveOneCm":32463,"stat.pickup.minecraft.wheat":21,"stat.chestOpened":48,"stat.pickup.minecraft.pumpkin":1,"stat.killEntity.betteranimalsplus.goose":1,"stat.useItem.minecraft.stone":1,"stat.pickup.minecraft.gravel":3,"stat.pickup.minecraft.arrow":3,"stat.craftItem.minecraft.cooked_porkchop":17,"stat.pickup.minecraft.stone_axe":2,"stat.craftItem.minecraft.coal":1,"stat.pickup.xlfoodmod.onion":8,"stat.jump":2711,"stat.pickup.minecraft.coal":182,"stat.fallOneCm":40630,"stat.pickup.minecraft.iron_ingot":3,"stat.pickup.simpleores.tin_ore":50,"stat.pickup.minecraft.carrot":19,"stat.useItem.minecraft.stone_axe":208,"stat.craftItem.minecraft.bread":7,"stat.crouchOneCm":321,"stat.craftItem.minecraft.torch":40,"stat.craftItem.minecraft.iron_ingot":42,"stat.craftItem.minecraft.chest":3,"stat.pickup.minecraft.dirt":253,"stat.craftItem.minecraft.iron_helmet":1,"stat.pickup.betteranimalsplus.coyotehead_1":2,"stat.craftingTableInteraction":62,"stat.pickup.minecraft.iron_ore":76,"stat.pickup.xlfoodmod.tomato_seeds":1,"stat.mineBlock.minecraft.log2":80,"stat.damageTaken":3421,"stat.pickup.minecraft.leather":2,"stat.pickup.minecraft.feather":3,"stat.pickup.cfm.item_kebab":1,"stat.useItem.futuremc.sweet_berries":40,"stat.mineBlock.minecraft.furnace":3,"stat.mineBlock.minecraft.torch":23,"stat.mineBlock.minecraft.red_flower":1,"stat.useItem.minecraft.wooden_pickaxe":59,"stat.pickup.minecraft.log2":81,"stat.pickup.minecraft.planks":1,"stat.pickup.minecraft.bed":1,"tombstone:undead_killed":6,"stat.pickup.minecraft.wheat_seeds":86,"stat.pickup.xlfoodmod.rice_seeds":3,"stat.pickup.minecraft.potato":3,"stat.entityKilledBy.Zombie":5,"stat.pickup.xlfoodmod.strawberry":6,"stat.useItem.minecraft.stone_pickaxe":395,"stat.craftItem.minecraft.iron_leggings":1,"stat.damageDealt":5322,"stat.sleepInBed":11,"stat.mineBlock.xlfoodmod.grass":5,"stat.killEntity.Cow":8,"stat.mineBlock.minecraft.dirt":209,"stat.killEntity.Pig":8,"stat.mineBlock.simpleores.copper_ore":64,"stat.craftItem.minecraft.stone_shovel":1,"stat.pickup.xlfoodmod.cucumber":4,"stat.walkOneCm":1272715,"stat.useItem.minecraft.torch":52,"stat.playerKills":1,"stat.pickup.minecraft.crafting_table":4,"stat.craftItem.minecraft.crafting_table":3,"stat.mineBlock.minecraft.double_plant":21,"stat.pickup.minecraft.log":26,"stat.craftItem.cfm.item_kebab":2,"stat.useItem.tombstone.gift":2,"stat.killEntity.betteranimalsplus.coyote":4,"stat.pickup.minecraft.stone":31,"stat.craftItem.minecraft.iron_chestplate":1,"stat.pickup.minecraft.chicken":3,"stat.pickup.minecraft.sapling":7,"stat.pickup.minecraft.apple":4,"stat.craftItem.minecraft.planks":100,"stat.killEntity.Chicken":3,"stat.pickup.futuremc.cornflower":16,"stat.killEntity.Spider":3,"stat.entityKilledBy.betteranimalsplus.coyote":1,"stat.mobKills":42,"stat.mineBlock.minecraft.log":25,"stat.useItem.minecraft.stone_hoe":26,"stat.pickup.minecraft.diamond":2,"stat.mineBlock.minecraft.leaves":3,"stat.pickup.minecraft.torch":52,"stat.pickup.minecraft.red_flower":1,"stat.sneakTime":519,"stat.pickup.minecraft.wool":7,"stat.mineBlock.futuremc.stripped_dark_oak_log":1,"stat.drop.minecraft.stone_axe":2,"stat.useItem.minecraft.wooden_axe":40,"stat.drop.minecraft.yellow_flower":1,"stat.pickup.minecraft.yellow_flower":1,"stat.mineBlock.minecraft.stone":490}