{"stat.craftItem.simpleores.tin_ingot":2,"stat.pickup.minecraft.bone":4,"stat.drop.cfm.item_kebab":2,"stat.leaveGame":6,"stat.mineBlock.minecraft.pumpkin":1,"stat.mineBlock.minecraft.cobblestone":8,"stat.pickup.minecraft.stone_pickaxe":1,"stat.pickup.betteranimalsplus.goose_egg":1,"stat.mineBlock.minecraft.yellow_flower":1,"stat.pickup.futuremc.stripped_dark_oak_log":1,"stat.swimOneCm":33525,"stat.pickup.minecraft.porkchop":17,"stat.craftItem.simpleores.copper_ingot":64,"stat.useItem.minecraft.dirt":223,"stat.useItem.minecraft.stone_slab2":39,"stat.pickup.minecraft.rotten_flesh":4,"stat.craftItem.minecraft.furnace":1,"stat.useItem.minecraft.egg":1,"stat.craftItem.minecraft.stone_axe":2,"stat.craftItem.minecraft.iron_boots":1,"stat.craftItem.minecraft.stone_pickaxe":3,"stat.craftItem.minecraft.cooked_beef":17,"stat.pickup.simpleores.copper_ore":64,"stat.pickup.minecraft.cobblestone":182,"stat.pickup.futuremc.sweet_berries":19,"stat.useItem.minecraft.stone_shovel":153,"stat.flyOneCm":205646,"stat.useItem.minecraft.cooked_beef":3,"stat.mineBlock.minecraft.iron_ore":60,"stat.pickup.xlfoodmod.strawberry_seeds":3,"stat.timeSinceDeath":22264,"stat.useItem.minecraft.iron_pickaxe":125,"stat.craftItem.minecraft.wooden_pickaxe":1,"stat.mineBlock.xlfoodmod.vanilla_flower":8,"stat.pickup.minecraft.mutton":12,"stat.pickup.minecraft.double_plant":1,"stat.craftItem.minecraft.bed":1,"stat.craftItem.minecraft.stonebrick":72,"stat.furnaceInteraction":71,"stat.pickup.xlfoodmod.cucumber_seeds":3,"stat.useItem.minecraft.cooked_porkchop":17,"stat.useItem.xlfoodmod.cucumber_seeds":1,"stat.mineBlock.futuremc.cornflower":8,"stat.mineBlock.minecraft.coal_ore":121,"stat.craftItem.minecraft.stone_hoe":1,"stat.pickup.minecraft.beef":17,"stat.pickup.minecraft.furnace":3,"stat.pickup.xlfoodmod.corn_seeds":1,"stat.pickup.tombstone.crafting_ingredient":1,"stat.entityKilledBy.Skeleton":1,"stat.useItem.minecraft.written_book":1,"stat.craftItem.futuremc.dye":6,"stat.sprintOneCm":458458,"stat.pickup.xlfoodmod.vanilla_flower":13,"stat.useItem.xlfoodmod.strawberry_seeds":2,"stat.craftItem.minecraft.stick":32,"stat.craftItem.minecraft.wooden_axe":1,"stat.pickup.tombstone.magic_scroll":1,"stat.craftItem.minecraft.stone":72,"stat.mineBlock.simpleores.tin_ore":51,"stat.useItem.xlfoodmod.onion":1,"stat.useItem.minecraft.wheat_seeds":34,"stat.mineBlock.minecraft.crafting_table":5,"stat.pickup.xlfoodmod.salt":13,"stat.deaths":6,"stat.mineBlock.minecraft.planks":1,"stat.pickup.xlfoodmod.pepper_seeds":1,"stat.drop":5,"stat.pickup.minecraft.egg":2,"stat.playOneMinute":224871,"stat.killEntity.Sheep":7,"stat.craftItem.minecraft.iron_pickaxe":1,"stat.killEntity.Zombie":3,"stat.craftItem.minecraft.dye":6,"stat.mineBlock.xlfoodmod.rock_salt":4,"stat.mineBlock.minecraft.tallgrass":290,"stat.diveOneCm":30512,"stat.pickup.minecraft.wheat":21,"stat.chestOpened":22,"stat.pickup.minecraft.pumpkin":1,"stat.killEntity.betteranimalsplus.goose":1,"stat.useItem.minecraft.stone":1,"stat.pickup.minecraft.gravel":3,"stat.pickup.minecraft.arrow":1,"stat.craftItem.minecraft.cooked_porkchop":17,"stat.pickup.minecraft.stone_axe":2,"stat.craftItem.minecraft.coal":1,"stat.pickup.xlfoodmod.onion":5,"stat.jump":2335,"stat.pickup.minecraft.coal":120,"stat.fallOneCm":34224,"stat.pickup.minecraft.iron_ingot":2,"stat.pickup.simpleores.tin_ore":50,"stat.pickup.minecraft.carrot":19,"stat.useItem.minecraft.stone_axe":186,"stat.crouchOneCm":321,"stat.craftItem.minecraft.torch":40,"stat.craftItem.minecraft.iron_ingot":42,"stat.craftItem.minecraft.chest":1,"stat.pickup.minecraft.dirt":252,"stat.craftItem.minecraft.iron_helmet":1,"stat.pickup.betteranimalsplus.coyotehead_1":2,"stat.craftingTableInteraction":45,"stat.pickup.minecraft.iron_ore":60,"stat.pickup.xlfoodmod.tomato_seeds":1,"stat.mineBlock.minecraft.log2":80,"stat.damageTaken":2861,"stat.pickup.minecraft.leather":2,"stat.pickup.minecraft.feather":3,"stat.pickup.cfm.item_kebab":1,"stat.useItem.futuremc.sweet_berries":16,"stat.mineBlock.minecraft.furnace":3,"stat.mineBlock.minecraft.torch":18,"stat.mineBlock.minecraft.red_flower":1,"stat.useItem.minecraft.wooden_pickaxe":22,"stat.pickup.minecraft.log2":81,"stat.pickup.minecraft.planks":1,"stat.pickup.minecraft.bed":1,"tombstone:undead_killed":3,"stat.pickup.minecraft.wheat_seeds":84,"stat.pickup.minecraft.potato":3,"stat.entityKilledBy.Zombie":4,"stat.useItem.minecraft.stone_pickaxe":379,"stat.craftItem.minecraft.iron_leggings":1,"stat.damageDealt":4191,"stat.sleepInBed":9,"stat.mineBlock.xlfoodmod.grass":5,"stat.killEntity.Cow":8,"stat.mineBlock.minecraft.dirt":208,"stat.killEntity.Pig":8,"stat.mineBlock.simpleores.copper_ore":64,"stat.craftItem.minecraft.stone_shovel":1,"stat.pickup.xlfoodmod.cucumber":1,"stat.walkOneCm":1092039,"stat.useItem.minecraft.torch":44,"stat.playerKills":1,"stat.pickup.minecraft.crafting_table":4,"stat.craftItem.minecraft.crafting_table":3,"stat.mineBlock.minecraft.double_plant":21,"stat.pickup.minecraft.log":20,"stat.craftItem.cfm.item_kebab":2,"stat.useItem.tombstone.gift":2,"stat.killEntity.betteranimalsplus.coyote":3,"stat.pickup.minecraft.stone":18,"stat.craftItem.minecraft.iron_chestplate":1,"stat.pickup.minecraft.chicken":3,"stat.pickup.minecraft.sapling":3,"stat.pickup.minecraft.apple":2,"stat.craftItem.minecraft.planks":76,"stat.killEntity.Chicken":3,"stat.pickup.futuremc.cornflower":11,"stat.killEntity.Spider":2,"stat.entityKilledBy.betteranimalsplus.coyote":1,"stat.mobKills":35,"stat.mineBlock.minecraft.log":19,"stat.useItem.minecraft.stone_hoe":12,"stat.pickup.minecraft.diamond":2,"stat.mineBlock.minecraft.leaves":3,"stat.pickup.minecraft.torch":27,"stat.pickup.minecraft.red_flower":1,"stat.sneakTime":515,"stat.pickup.minecraft.wool":7,"stat.mineBlock.futuremc.stripped_dark_oak_log":1,"stat.drop.minecraft.stone_axe":2,"stat.useItem.minecraft.wooden_axe":40,"stat.drop.minecraft.yellow_flower":1,"stat.pickup.minecraft.yellow_flower":1,"stat.mineBlock.minecraft.stone":189}