{"stat.craftItem.simpleores.tin_ingot":2,"stat.drop.cfm.item_kebab":2,"stat.leaveGame":9,"stat.pickup.betteranimalsplus.goose_egg":1,"stat.craftItem.minecraft.iron_axe":1,"stat.pickup.simpleores.adamantium_ore":25,"stat.pickup.minecraft.porkchop":17,"stat.useItem.minecraft.water_bucket":6,"stat.pickup.minecraft.rotten_flesh":24,"stat.pickup.minecraft.sand":44,"stat.craftItem.minecraft.stone_axe":2,"stat.killEntity.betteranimalsplus.fox":1,"stat.craftItem.simpleores.mythril_sword":2,"stat.mineBlock.minecraft.sand":22,"stat.pickup.xlfoodmod.strawberry_seeds":7,"stat.useItem.minecraft.iron_pickaxe":1241,"stat.craftItem.minecraft.wooden_pickaxe":1,"stat.craftItem.simpleores.adamantium_chestplate":1,"stat.craftItem.simpleores.mythril_ingot":24,"stat.pickup.minecraft.double_plant":1,"stat.craftItem.minecraft.bed":1,"stat.furnaceInteraction":172,"stat.mineBlock.futuremc.cornflower":12,"stat.pickup.xlfoodmod.pepper":2,"stat.pickup.minecraft.beef":17,"stat.pickup.minecraft.furnace":3,"stat.useItem.minecraft.cooked_mutton":10,"stat.craftItem.futuremc.dye":6,"stat.pickup.xlfoodmod.vanilla_flower":15,"stat.useItem.xlfoodmod.strawberry_seeds":2,"stat.pickup.tombstone.magic_scroll":1,"stat.mineBlock.simpleores.tin_ore":58,"stat.useItem.xlfoodmod.onion":2,"stat.useItem.minecraft.wheat_seeds":34,"stat.pickup.xlfoodmod.salt":13,"stat.pickup.minecraft.emerald":3,"stat.deaths":9,"stat.pickup.xlfoodmod.pepper_seeds":3,"stat.pickup.minecraft.egg":2,"stat.playOneMinute":420163,"stat.pickup.xlfoodmod.raw_corn":1,"stat.craftItem.minecraft.iron_pickaxe":7,"stat.mineBlock.minecraft.tallgrass":382,"stat.craftItem.minecraft.cooked_mutton":12,"stat.pickup.minecraft.cooked_mutton":1,"stat.chestOpened":104,"stat.pickup.minecraft.pumpkin":1,"stat.killEntity.betteranimalsplus.goose":1,"stat.useItem.minecraft.stone":4,"stat.pickup.minecraft.arrow":3,"stat.craftItem.minecraft.coal":1,"stat.drop.minecraft.iron_pickaxe":2,"stat.fallOneCm":57378,"stat.pickup.simpleores.tin_ore":56,"stat.pickup.minecraft.carrot":64,"stat.crouchOneCm":592,"stat.craftItem.minecraft.iron_ingot":76,"stat.craftItem.minecraft.chest":4,"stat.craftingTableInteraction":96,"stat.craftItem.simpleores.mythril_shovel":1,"stat.mineBlock.minecraft.log2":80,"stat.pickup.minecraft.feather":3,"stat.useItem.futuremc.sweet_berries":48,"stat.pickup.minecraft.dye":66,"stat.pickup.minecraft.planks":1,"stat.pickup.minecraft.wheat_seeds":104,"stat.mineBlock.simpleores.mythril_ore":25,"stat.pickup.xlfoodmod.strawberry":6,"stat.mineBlock.minecraft.gravel":2,"stat.useItem.minecraft.stone_pickaxe":395,"stat.craftItem.minecraft.iron_leggings":1,"stat.mineBlock.xlfoodmod.grass":5,"stat.mineBlock.minecraft.dirt":879,"stat.mineBlock.simpleores.copper_ore":66,"stat.pickup.xlfoodmod.cucumber":4,"stat.useItem.minecraft.torch":89,"stat.useItem.minecraft.bread":2,"stat.pickup.minecraft.crafting_table":8,"stat.craftItem.minecraft.crafting_table":4,"stat.mineBlock.minecraft.double_plant":23,"stat.mineBlock.minecraft.emerald_ore":3,"stat.pickup.minecraft.log":42,"stat.craftItem.cfm.item_kebab":2,"stat.pickup.minecraft.iron_pickaxe":3,"stat.killEntity.betteranimalsplus.coyote":4,"stat.craftItem.simpleores.mythril_rod":2,"stat.pickup.minecraft.chicken":3,"stat.pickup.minecraft.sapling":9,"stat.pickup.minecraft.apple":4,"stat.craftItem.minecraft.planks":140,"stat.pickup.futuremc.cornflower":22,"stat.entityKilledBy.betteranimalsplus.coyote":1,"stat.mineBlock.simpleores.adamantium_ore":26,"stat.mineBlock.minecraft.log":41,"stat.useItem.minecraft.stone_hoe":26,"stat.pickup.minecraft.red_flower":1,"stat.sneakTime":646,"stat.pickup.minecraft.wool":8,"stat.mineBlock.futuremc.stripped_dark_oak_log":1,"stat.useItem.minecraft.wooden_axe":40,"stat.drop.minecraft.yellow_flower":1,"stat.pickup.minecraft.yellow_flower":2,"stat.pickup.minecraft.bone":18,"stat.useItem.minecraft.iron_axe":128,"stat.mineBlock.minecraft.pumpkin":1,"stat.mineBlock.minecraft.cobblestone":8,"stat.pickup.minecraft.stone_pickaxe":1,"stat.mineBlock.minecraft.yellow_flower":1,"stat.pickup.futuremc.stripped_dark_oak_log":1,"stat.swimOneCm":69791,"stat.climbOneCm":208,"stat.pickup.minecraft.cooked_porkchop":4,"stat.craftItem.simpleores.copper_ingot":64,"stat.useItem.minecraft.dirt":314,"stat.useItem.minecraft.stone_slab2":53,"stat.craftItem.simpleores.adamantium_ingot":25,"stat.craftItem.minecraft.furnace":2,"stat.useItem.minecraft.egg":1,"stat.craftItem.minecraft.iron_boots":1,"stat.craftItem.minecraft.stone_pickaxe":3,"stat.craftItem.minecraft.cooked_beef":17,"stat.pickup.simpleores.copper_ore":64,"stat.pickup.minecraft.cobblestone":1035,"stat.drop.minecraft.record_cat":1,"stat.pickup.futuremc.sweet_berries":230,"stat.useItem.minecraft.stone_shovel":153,"stat.flyOneCm":286389,"stat.useItem.minecraft.cooked_beef":8,"stat.pickup.minecraft.redstone":36,"stat.mineBlock.minecraft.iron_ore":132,"stat.timeSinceDeath":1204,"stat.mineBlock.xlfoodmod.vanilla_flower":8,"stat.pickup.minecraft.mutton":12,"stat.craftItem.minecraft.stonebrick":684,"stat.pickup.minecraft.stonebrick":36,"stat.pickup.xlfoodmod.cucumber_seeds":4,"stat.useItem.minecraft.cooked_porkchop":17,"stat.useItem.xlfoodmod.cucumber_seeds":1,"stat.mineBlock.minecraft.coal_ore":257,"stat.killEntity.Creeper":1,"stat.craftItem.minecraft.stone_hoe":1,"stat.pickup.xlfoodmod.corn_seeds":2,"stat.pickup.tombstone.crafting_ingredient":2,"stat.entityKilledBy.Skeleton":1,"stat.craftItem.minecraft.stone_slab2":0,"stat.pickup.simpleores.mythril_ingot":20,"stat.useItem.minecraft.written_book":1,"stat.sprintOneCm":646399,"stat.craftItem.minecraft.stick":48,"stat.craftItem.minecraft.wooden_axe":1,"stat.craftItem.minecraft.stone":705,"stat.mineBlock.minecraft.crafting_table":8,"stat.craftItem.simpleores.adamantium_helmet":1,"stat.useItem.minecraft.carrot":39,"stat.mineBlock.minecraft.planks":1,"stat.drop":10,"stat.killEntity.Sheep":7,"stat.drop.tombstone.grave_key":1,"stat.pickup.tombstone.grave_key":1,"stat.killEntity.Zombie":22,"stat.craftItem.minecraft.dye":6,"stat.mineBlock.xlfoodmod.rock_salt":4,"stat.mineBlock.minecraft.gold_ore":12,"stat.diveOneCm":73646,"stat.pickup.minecraft.wheat":21,"stat.pickup.minecraft.gravel":6,"stat.craftItem.minecraft.cooked_porkchop":17,"stat.pickup.minecraft.stone_axe":2,"stat.pickup.xlfoodmod.onion":12,"stat.jump":3903,"stat.pickup.minecraft.coal":259,"stat.pickup.minecraft.iron_ingot":4,"stat.useItem.minecraft.stone_axe":208,"stat.craftItem.minecraft.bread":7,"stat.craftItem.minecraft.torch":40,"stat.pickup.minecraft.dirt":789,"stat.craftItem.minecraft.iron_helmet":1,"stat.drop.futuremc.sweet_berries":1,"stat.pickup.betteranimalsplus.coyotehead_1":2,"stat.pickup.minecraft.iron_ore":131,"stat.pickup.minecraft.gold_ore":20,"stat.mineBlock.minecraft.lapis_ore":12,"stat.useItem.simpleores.mythril_sword":7,"stat.pickup.xlfoodmod.tomato_seeds":1,"stat.damageTaken":4952,"stat.pickup.minecraft.leather":2,"stat.pickup.cfm.item_kebab":1,"stat.mineBlock.minecraft.furnace":3,"stat.mineBlock.minecraft.torch":41,"stat.mineBlock.minecraft.red_flower":1,"stat.useItem.minecraft.wooden_pickaxe":59,"stat.pickup.minecraft.log2":81,"stat.pickup.minecraft.bed":1,"tombstone:undead_killed":23,"stat.pickup.xlfoodmod.rice_seeds":3,"stat.pickup.minecraft.potato":3,"stat.entityKilledBy.Zombie":7,"stat.damageDealt":9070,"stat.sleepInBed":14,"stat.killEntity.Cow":8,"stat.killEntity.Pig":8,"stat.pickup.simpleores.adamantium_ingot":10,"stat.craftItem.minecraft.stone_shovel":1,"stat.walkOneCm":1935903,"stat.playerKills":1,"stat.pickup.simpleores.mythril_ore":24,"stat.useItem.tombstone.gift":2,"stat.pickup.minecraft.stone":123,"stat.craftItem.minecraft.iron_chestplate":1,"stat.killEntity.Skeleton":1,"stat.useItem.simpleores.mythril_shovel":677,"stat.killEntity.Chicken":3,"stat.killEntity.Spider":3,"stat.mobKills":59,"stat.pickup.minecraft.diamond":2,"stat.mineBlock.minecraft.leaves":5,"stat.pickup.minecraft.torch":82,"stat.mineBlock.minecraft.redstone_ore":4,"stat.craftItem.minecraft.coal_block":19,"stat.drop.minecraft.stone_axe":2,"stat.mineBlock.minecraft.stone":1030}