{"stat.chestOpened":8,"stat.pickup.minecraft.pumpkin":1,"stat.craftItem.simpleores.tin_ingot":2,"stat.pickup.minecraft.bone":2,"stat.killEntity.betteranimalsplus.goose":1,"stat.useItem.minecraft.stone":1,"stat.drop.cfm.item_kebab":2,"stat.leaveGame":2,"stat.pickup.minecraft.gravel":3,"stat.pickup.minecraft.arrow":1,"stat.craftItem.minecraft.cooked_porkchop":17,"stat.mineBlock.minecraft.pumpkin":1,"stat.mineBlock.minecraft.cobblestone":2,"stat.pickup.minecraft.stone_pickaxe":1,"stat.pickup.betteranimalsplus.goose_egg":1,"stat.pickup.futuremc.stripped_dark_oak_log":1,"stat.craftItem.minecraft.coal":1,"stat.jump":1308,"stat.swimOneCm":16410,"stat.pickup.minecraft.coal":84,"stat.fallOneCm":16400,"stat.pickup.minecraft.iron_ingot":2,"stat.pickup.simpleores.tin_ore":48,"stat.useItem.minecraft.stone_axe":131,"stat.pickup.minecraft.porkchop":17,"stat.crouchOneCm":107,"stat.craftItem.minecraft.torch":8,"stat.craftItem.minecraft.iron_ingot":42,"stat.pickup.minecraft.dirt":38,"stat.craftItem.simpleores.copper_ingot":64,"stat.craftItem.minecraft.iron_helmet":1,"stat.useItem.minecraft.stone_slab2":18,"stat.craftingTableInteraction":27,"stat.pickup.minecraft.iron_ore":46,"stat.craftItem.minecraft.furnace":1,"stat.useItem.minecraft.egg":1,"stat.craftItem.minecraft.stone_axe":2,"stat.craftItem.minecraft.iron_boots":1,"stat.mineBlock.minecraft.log2":80,"stat.damageTaken":1080,"stat.pickup.minecraft.leather":2,"stat.pickup.minecraft.feather":3,"stat.pickup.cfm.item_kebab":1,"stat.craftItem.minecraft.stone_pickaxe":3,"stat.mineBlock.minecraft.furnace":3,"stat.mineBlock.minecraft.torch":3,"stat.useItem.minecraft.wooden_pickaxe":22,"stat.craftItem.minecraft.cooked_beef":17,"stat.pickup.simpleores.copper_ore":64,"stat.pickup.minecraft.cobblestone":64,"stat.pickup.minecraft.log2":81,"stat.flyOneCm":108286,"stat.pickup.minecraft.bed":1,"stat.pickup.minecraft.wheat_seeds":14,"stat.entityKilledBy.Zombie":2,"stat.useItem.minecraft.stone_pickaxe":305,"stat.craftItem.minecraft.iron_leggings":1,"stat.damageDealt":2686,"stat.mineBlock.minecraft.iron_ore":46,"stat.sleepInBed":1,"stat.timeSinceDeath":76469,"stat.mineBlock.xlfoodmod.grass":1,"stat.killEntity.Cow":8,"stat.mineBlock.minecraft.dirt":16,"stat.useItem.minecraft.iron_pickaxe":4,"stat.craftItem.minecraft.wooden_pickaxe":1,"stat.killEntity.Pig":8,"stat.mineBlock.xlfoodmod.vanilla_flower":5,"stat.pickup.minecraft.mutton":12,"stat.mineBlock.simpleores.copper_ore":64,"stat.pickup.minecraft.double_plant":1,"stat.walkOneCm":539055,"stat.craftItem.minecraft.bed":1,"stat.useItem.minecraft.torch":3,"stat.playerKills":1,"stat.pickup.minecraft.crafting_table":4,"stat.craftItem.minecraft.crafting_table":2,"stat.furnaceInteraction":65,"stat.mineBlock.minecraft.double_plant":2,"stat.useItem.minecraft.cooked_porkchop":10,"stat.mineBlock.futuremc.cornflower":1,"stat.mineBlock.minecraft.coal_ore":85,"stat.pickup.minecraft.log":19,"stat.craftItem.cfm.item_kebab":2,"stat.pickup.minecraft.beef":17,"stat.pickup.minecraft.furnace":3,"stat.useItem.tombstone.gift":1,"stat.pickup.minecraft.stone":6,"stat.craftItem.minecraft.iron_chestplate":1,"stat.pickup.minecraft.chicken":2,"stat.pickup.minecraft.sapling":3,"stat.sprintOneCm":261465,"stat.pickup.xlfoodmod.vanilla_flower":10,"stat.pickup.minecraft.apple":1,"stat.craftItem.minecraft.stick":24,"stat.craftItem.minecraft.wooden_axe":1,"stat.craftItem.minecraft.planks":72,"stat.mineBlock.simpleores.tin_ore":49,"stat.killEntity.Chicken":2,"stat.pickup.futuremc.cornflower":2,"stat.mineBlock.minecraft.crafting_table":5,"stat.mobKills":26,"stat.mineBlock.minecraft.log":18,"stat.deaths":2,"stat.pickup.minecraft.diamond":2,"stat.drop":2,"stat.mineBlock.minecraft.leaves":2,"stat.pickup.minecraft.egg":2,"stat.playOneMinute":117283,"stat.pickup.minecraft.torch":3,"stat.killEntity.Sheep":7,"stat.sneakTime":214,"stat.craftItem.minecraft.iron_pickaxe":1,"stat.pickup.minecraft.wool":7,"stat.mineBlock.futuremc.stripped_dark_oak_log":1,"stat.useItem.minecraft.wooden_axe":40,"stat.mineBlock.minecraft.stone":69,"stat.mineBlock.minecraft.tallgrass":83,"stat.diveOneCm":11810}