{"stat.craftItem.minecraft.diamond_chestplate":1,"stat.craftItem.betteranimalsplus.venisoncooked":3,"stat.pickup.minecraft.bone":8,"stat.killEntity.betteranimalsplus.goose":6,"stat.useItem.minecraft.stone":4,"stat.pickup.betteranimalsplus.antler":8,"stat.horseOneCm":14349,"stat.pickup.minecraft.gravel":4,"stat.leaveGame":1,"stat.pickup.minecraft.arrow":2,"stat.mineBlock.minecraft.cobblestone":2,"stat.killEntity.betteranimalsplus.goat":2,"stat.pickup.betteranimalsplus.goose_egg":3,"stat.useItem.betteranimalsplus.venisoncooked":3,"stat.pickup.betteranimalsplus.venisonraw":8,"stat.craftItem.simpleores.adamantium_boots":1,"stat.useItem.minecraft.porkchop":13,"stat.craftItem.minecraft.wool":2,"stat.useItem.minecraft.rotten_flesh":2,"stat.useItem.minecraft.mutton":11,"stat.jump":2882,"stat.swimOneCm":23763,"stat.drop.xlfoodmod.salt":1,"stat.pickup.minecraft.coal":35,"stat.fallOneCm":79085,"stat.climbOneCm":590,"stat.pickup.simpleores.adamantium_ore":18,"stat.pickup.simpleores.tin_ore":10,"stat.pickup.minecraft.cooked_porkchop":5,"stat.drop.minecraft.feather":2,"stat.pickup.minecraft.porkchop":15,"stat.crouchOneCm":1821,"stat.craftItem.minecraft.iron_ingot":14,"stat.craftItem.minecraft.torch":48,"stat.craftItem.minecraft.chest":1,"stat.craftItem.simpleores.copper_ingot":7,"stat.pickup.minecraft.dirt":11,"stat.useItem.minecraft.stone_slab2":17,"stat.craftItem.simpleores.adamantium_ingot":18,"stat.drop.minecraft.bed":1,"stat.craftingTableInteraction":20,"stat.pickup.minecraft.iron_ore":14,"stat.pickup.minecraft.rotten_flesh":4,"stat.craftItem.minecraft.furnace":1,"stat.killEntity.betteranimalsplus.lammergeier":1,"stat.pickup.minecraft.gold_ore":8,"stat.useItem.minecraft.egg":1,"stat.damageTaken":2060,"stat.pickup.minecraft.feather":4,"stat.pickup.minecraft.leather":4,"stat.useItem.futuremc.sweet_berries":1,"stat.drop.minecraft.bone":1,"stat.mineBlock.minecraft.red_flower":4,"stat.craftItem.minecraft.stone_pickaxe":1,"stat.mineBlock.minecraft.furnace":3,"stat.mineBlock.minecraft.torch":2,"stat.useItem.minecraft.wooden_pickaxe":34,"stat.pickup.simpleores.copper_ore":10,"stat.craftItem.betteranimalsplus.pheasantcooked":6,"stat.pickup.minecraft.cobblestone":75,"stat.pickup.minecraft.planks":13,"stat.pickup.futuremc.sweet_berries":1,"stat.entityKilledBy.betteranimalsplus.goose":2,"stat.flyOneCm":480816,"stat.pickup.minecraft.bed":2,"tombstone:undead_killed":4,"stat.pickup.minecraft.wheat_seeds":9,"stat.mineBlock.simpleores.mythril_ore":11,"stat.drop.minecraft.wheat_seeds":7,"stat.entityKilledBy.Zombie":1,"stat.killEntity.betteranimalsplus.deer":4,"stat.mineBlock.minecraft.gravel":4,"stat.useItem.minecraft.stone_pickaxe":61,"stat.damageDealt":5708,"stat.pickup.minecraft.redstone":5,"stat.mineBlock.minecraft.iron_ore":13,"stat.timeSinceDeath":36966,"stat.useItem.minecraft.iron_pickaxe":110,"stat.mineBlock.minecraft.dirt":12,"stat.craftItem.minecraft.wooden_pickaxe":1,"stat.killEntity.Pig":4,"stat.craftItem.minecraft.iron_sword":1,"stat.pickup.minecraft.mutton":28,"stat.mineBlock.simpleores.copper_ore":9,"stat.walkOneCm":424498,"stat.craftItem.minecraft.bed":1,"stat.useItem.minecraft.torch":10,"stat.drop.tombstone.crafting_ingredient":3,"stat.useItem.simpleores.copper_pickaxe":25,"stat.pickup.simpleores.mythril_ore":11,"stat.drop.minecraft.porkchop":2,"stat.pickup.minecraft.crafting_table":4,"stat.useItem.minecraft.cobblestone":60,"stat.craftItem.minecraft.crafting_table":1,"stat.furnaceInteraction":26,"stat.useItem.minecraft.gravel":3,"stat.mineBlock.minecraft.double_plant":2,"stat.useItem.minecraft.cooked_porkchop":5,"stat.mineBlock.minecraft.coal_ore":27,"stat.killEntity.betteranimalsplus.horseshoecrab":2,"stat.drop.minecraft.red_flower":1,"stat.pickup.minecraft.log":6,"stat.pickup.betteranimalsplus.pheasant_egg":2,"stat.pickup.minecraft.furnace":3,"stat.useItem.tombstone.gift":1,"stat.pickup.tombstone.crafting_ingredient":3,"stat.killEntity.betteranimalsplus.coyote":1,"stat.entityKilledBy.Skeleton":1,"stat.craftItem.minecraft.gold_ingot":8,"stat.pickup.minecraft.stone":10,"stat.useItem.xlfoodmod.salt":4,"stat.pickup.betteranimalsplus.pheasantraw":6,"stat.pickup.minecraft.ender_pearl":1,"stat.sprintOneCm":454228,"stat.killEntity.betteranimalsplus.pheasant":3,"stat.craftItem.minecraft.stick":26,"stat.killEntity.Skeleton":1,"stat.craftItem.travelersbackpack.sleeping_bag_bottom":1,"stat.useItem.betteranimalsplus.pheasantcooked":2,"stat.craftItem.minecraft.planks":24,"stat.useItem.minecraft.iron_sword":102,"stat.mineBlock.simpleores.tin_ore":10,"stat.mineBlock.minecraft.diamond_ore":9,"stat.useItem.betteranimalsplus.pheasant_egg":1,"stat.killEntity.Spider":2,"stat.mineBlock.minecraft.crafting_table":3,"stat.pickup.xlfoodmod.salt":35,"stat.craftItem.simpleores.adamantium_helmet":1,"stat.mineBlock.simpleores.adamantium_ore":20,"stat.mobKills":50,"stat.mineBlock.minecraft.log":1,"stat.useItem.betteranimalsplus.venisonraw":4,"stat.deaths":5,"stat.killEntity.betteranimalsplus.songbird":2,"stat.drop":18,"stat.pickup.minecraft.diamond":9,"stat.pickup.minecraft.egg":1,"stat.mineBlock.minecraft.leaves":16,"stat.playOneMinute":120524,"stat.pickup.minecraft.torch":3,"stat.killEntity.Sheep":16,"stat.pickup.minecraft.red_flower":4,"stat.mineBlock.minecraft.redstone_ore":1,"stat.sneakTime":804,"stat.craftItem.minecraft.iron_pickaxe":1,"stat.pickup.minecraft.wool":17,"stat.craftItem.simpleores.copper_pickaxe":1,"stat.craftItem.simpleores.adamantium_leggings":1,"stat.killEntity.Zombie":3,"stat.killEntity.betteranimalsplus.badger":3,"stat.craftItem.minecraft.dye":3,"stat.mineBlock.xlfoodmod.rock_salt":12,"stat.mineBlock.minecraft.stone":81,"stat.mineBlock.minecraft.gold_ore":8,"stat.mineBlock.minecraft.tallgrass":82,"stat.diveOneCm":30379}