{"stat.craftItem.minecraft.diamond_chestplate":1,"stat.craftItem.betteranimalsplus.venisoncooked":6,"stat.pickup.minecraft.bone":19,"stat.pickup.betteranimalsplus.antler":12,"stat.horseOneCm":14349,"stat.leaveGame":2,"stat.mineBlock.minecraft.cobblestone":4,"stat.killEntity.betteranimalsplus.goat":5,"stat.pickup.betteranimalsplus.goose_egg":3,"stat.useItem.betteranimalsplus.venisoncooked":6,"stat.killEntity.Blaze":6,"stat.craftItem.minecraft.wool":2,"stat.useItem.minecraft.mutton":11,"stat.swimOneCm":29016,"stat.climbOneCm":590,"stat.craftItem.minecraft.shield":1,"stat.pickup.simpleores.adamantium_ore":18,"stat.pickup.minecraft.cooked_porkchop":5,"stat.drop.minecraft.feather":2,"stat.pickup.minecraft.porkchop":27,"stat.pickup.minecraft.glass":14,"stat.craftItem.simpleores.copper_ingot":7,"stat.useItem.minecraft.dirt":44,"stat.useItem.minecraft.stone_slab2":43,"stat.craftItem.simpleores.adamantium_ingot":18,"stat.pickup.minecraft.rotten_flesh":7,"stat.craftItem.minecraft.furnace":2,"stat.killEntity.betteranimalsplus.lammergeier":2,"stat.useItem.minecraft.egg":1,"stat.craftItem.minecraft.stone_axe":1,"stat.killEntity.betteranimalsplus.fox":1,"stat.craftItem.minecraft.stone_pickaxe":1,"stat.pickup.simpleores.copper_ore":12,"stat.pickup.minecraft.cobblestone":250,"stat.pickup.futuremc.sweet_berries":1,"stat.entityKilledBy.betteranimalsplus.goose":2,"stat.flyOneCm":986184,"stat.drop.minecraft.wheat_seeds":7,"stat.killEntity.betteranimalsplus.deer":6,"stat.craftItem.minecraft.wooden_hoe":1,"stat.pickup.minecraft.redstone":5,"stat.mineBlock.minecraft.iron_ore":13,"stat.timeSinceDeath":156245,"stat.useItem.minecraft.iron_pickaxe":239,"stat.craftItem.minecraft.wooden_pickaxe":1,"stat.pickup.minecraft.mutton":49,"stat.mineBlock.xlfoodmod.vanilla_flower":1,"stat.pickup.minecraft.double_plant":16,"stat.craftItem.minecraft.bed":2,"stat.useItem.simpleores.copper_pickaxe":185,"stat.furnaceInteraction":41,"stat.pickup.xlfoodmod.cucumber_seeds":3,"stat.craftItem.cfm.chair_granite":8,"stat.useItem.minecraft.cooked_porkchop":11,"stat.pickup.xlfoodmod.lettuce_seeds":5,"stat.mineBlock.minecraft.coal_ore":45,"stat.pickup.minecraft.nether_brick":4,"stat.drop.minecraft.red_flower":1,"stat.pickup.minecraft.string":2,"stat.useItem.minecraft.double_plant":14,"stat.pickup.minecraft.beef":3,"stat.pickup.minecraft.furnace":3,"stat.useItem.minecraft.cooked_mutton":5,"stat.pickup.tombstone.crafting_ingredient":4,"stat.entityKilledBy.Skeleton":1,"stat.useItem.xlfoodmod.salt":4,"stat.craftItem.travelersbackpack.travelers_backpack":1,"stat.useItem.minecraft.written_book":1,"stat.sprintOneCm":834105,"stat.killEntity.betteranimalsplus.pheasant":9,"stat.useItem.minecraft.fence":27,"stat.craftItem.minecraft.stick":50,"stat.pickup.tombstone.magic_scroll":1,"stat.drop.cfm.item_sausage":1,"stat.mineBlock.simpleores.tin_ore":11,"stat.mineBlock.minecraft.diamond_ore":9,"stat.useItem.betteranimalsplus.pheasant_egg":1,"stat.pickup.simpleores.onyx_gem":2,"stat.craftItem.minecraft.fence_gate":1,"stat.mineBlock.minecraft.crafting_table":3,"stat.pickup.xlfoodmod.salt":35,"stat.craftItem.simpleores.adamantium_helmet":1,"stat.craftItem.tombstone.bone_needle":1,"stat.useItem.betteranimalsplus.venisonraw":4,"stat.useItem.xlfoodmod.pepper_seeds":17,"stat.useItem.cfm.chair_granite":5,"stat.deaths":5,"stat.pickup.xlfoodmod.pepper_seeds":20,"stat.killEntity.betteranimalsplus.songbird":2,"stat.drop":19,"stat.pickup.minecraft.egg":1,"stat.playOneMinute":239803,"stat.pickup.minecraft.blaze_rod":1,"stat.killEntity.Sheep":23,"stat.craftItem.minecraft.iron_pickaxe":1,"stat.craftItem.simpleores.copper_pickaxe":1,"stat.craftItem.simpleores.adamantium_leggings":1,"stat.killEntity.Zombie":7,"stat.craftItem.minecraft.dye":3,"stat.mineBlock.xlfoodmod.rock_salt":12,"stat.mineBlock.minecraft.gold_ore":8,"stat.mineBlock.minecraft.tallgrass":107,"stat.craftItem.minecraft.cooked_mutton":6,"stat.pickup.minecraft.netherrack":18,"stat.diveOneCm":34811,"stat.chestOpened":17,"stat.killEntity.betteranimalsplus.goose":6,"stat.useItem.minecraft.stone":4,"stat.mineBlock.minecraft.netherrack":15,"stat.pickup.minecraft.gravel":4,"stat.pickup.minecraft.arrow":11,"stat.craftItem.minecraft.cooked_porkchop":9,"stat.pickup.minecraft.stone_axe":1,"stat.pickup.betteranimalsplus.venisonraw":11,"stat.craftItem.simpleores.adamantium_boots":1,"stat.useItem.minecraft.porkchop":13,"stat.useItem.minecraft.rotten_flesh":2,"stat.craftItem.travelersbackpack.backpack_tank":2,"stat.jump":5330,"stat.drop.xlfoodmod.salt":1,"stat.useItem.minecraft.wooden_hoe":38,"stat.pickup.minecraft.coal":53,"stat.fallOneCm":132177,"stat.pickup.simpleores.tin_ore":11,"stat.useItem.minecraft.stone_axe":32,"stat.crouchOneCm":2615,"stat.pickup.minecraft.spider_eye":2,"stat.craftItem.minecraft.iron_ingot":14,"stat.craftItem.minecraft.torch":48,"stat.craftItem.minecraft.chest":1,"stat.pickup.minecraft.dirt":73,"stat.drop.minecraft.bed":1,"stat.craftingTableInteraction":43,"stat.pickup.minecraft.iron_ore":14,"stat.craftItem.cfm.item_sausage":16,"stat.pickup.minecraft.gold_ore":8,"stat.damageTaken":2820,"stat.pickup.minecraft.feather":5,"stat.pickup.minecraft.leather":10,"stat.useItem.futuremc.sweet_berries":1,"stat.drop.minecraft.bone":1,"stat.mineBlock.minecraft.red_flower":4,"stat.mineBlock.minecraft.furnace":3,"stat.mineBlock.minecraft.torch":2,"stat.useItem.minecraft.wooden_pickaxe":34,"stat.craftItem.betteranimalsplus.pheasantcooked":6,"stat.pickup.minecraft.planks":20,"stat.pickup.minecraft.reeds":6,"stat.pickup.minecraft.bed":2,"tombstone:undead_killed":17,"stat.pickup.minecraft.wheat_seeds":15,"stat.mineBlock.simpleores.mythril_ore":11,"stat.entityKilledBy.Zombie":1,"stat.mineBlock.minecraft.gravel":4,"stat.useItem.minecraft.stone_pickaxe":61,"stat.damageDealt":12389,"stat.sleepInBed":1,"stat.killEntity.Cow":2,"stat.mineBlock.minecraft.dirt":60,"stat.killEntity.Pig":10,"stat.craftItem.minecraft.iron_sword":1,"stat.mineBlock.simpleores.copper_ore":11,"stat.walkOneCm":843397,"stat.useItem.minecraft.torch":15,"stat.pickup.minecraft.golden_apple":1,"stat.drop.tombstone.crafting_ingredient":3,"stat.pickup.simpleores.mythril_ore":11,"stat.drop.minecraft.porkchop":2,"stat.pickup.minecraft.crafting_table":4,"stat.useItem.minecraft.cobblestone":66,"stat.craftItem.minecraft.crafting_table":2,"stat.useItem.minecraft.gravel":3,"stat.mineBlock.minecraft.double_plant":9,"stat.killEntity.LavaSlime":1,"stat.killEntity.betteranimalsplus.horseshoecrab":2,"stat.pickup.minecraft.log":33,"stat.pickup.betteranimalsplus.pheasant_egg":2,"stat.useItem.tombstone.gift":1,"stat.killEntity.betteranimalsplus.coyote":1,"stat.craftItem.minecraft.gold_ingot":8,"stat.pickup.minecraft.stone":59,"stat.pickup.minecraft.chicken":1,"stat.pickup.betteranimalsplus.pheasantraw":18,"stat.pickup.minecraft.ender_pearl":1,"stat.pickup.minecraft.sapling":1,"stat.pickup.minecraft.wooden_door":4,"stat.useItem.minecraft.netherrack":6,"stat.killEntity.Skeleton":7,"stat.craftItem.travelersbackpack.sleeping_bag_bottom":1,"stat.useItem.betteranimalsplus.pheasantcooked":6,"stat.craftItem.minecraft.planks":132,"stat.useItem.minecraft.iron_sword":235,"stat.killEntity.Chicken":1,"stat.killEntity.Spider":4,"stat.killEntity.WitherSkeleton":3,"stat.mineBlock.minecraft.quartz_ore":29,"stat.pickup.minecraft.stone_sword":1,"stat.mineBlock.simpleores.adamantium_ore":20,"stat.mobKills":101,"stat.mineBlock.minecraft.log":28,"stat.craftItem.minecraft.wooden_door":3,"stat.pickup.minecraft.quartz":29,"stat.craftItem.minecraft.fence":33,"stat.useItem.minecraft.wooden_door":3,"stat.pickup.minecraft.diamond":9,"stat.useItem.cfm.item_sausage":4,"stat.mineBlock.minecraft.leaves":25,"stat.pickup.minecraft.torch":3,"stat.pickup.minecraft.red_flower":4,"stat.mineBlock.minecraft.redstone_ore":1,"stat.sneakTime":1786,"stat.pickup.minecraft.wool":25,"stat.killEntity.betteranimalsplus.badger":3,"stat.mineBlock.minecraft.stone":304}