{"stat.walkOneCm":93199,"stat.leaveGame":1,"stat.pickup.minecraft.crafting_table":1,"stat.pickup.xlfoodmod.cucumber_seeds":1,"stat.craftItem.minecraft.crafting_table":1,"stat.pickup.minecraft.log":91,"stat.swimOneCm":7488,"stat.jump":336,"stat.drop.minecraft.chicken":2,"stat.fallOneCm":2909,"stat.drop.xlfoodmod.rice_seeds":1,"stat.pickup.minecraft.beef":1,"stat.pickup.xlfoodmod.corn_seeds":1,"stat.useItem.tombstone.gift":1,"stat.pickup.minecraft.stone":1,"stat.drop.minecraft.sapling":5,"stat.crouchOneCm":189,"stat.pickup.minecraft.chicken":6,"stat.pickup.minecraft.sapling":10,"stat.pickup.minecraft.dirt":35,"stat.useItem.minecraft.dirt":3,"stat.pickup.xlfoodmod.vanilla_flower":1,"stat.sprintOneCm":75530,"stat.useItem.minecraft.stone_slab2":10,"stat.mineBlock.futuremc.lily_of_the_valley":1,"stat.pickup.tombstone.magic_scroll":1,"stat.craftingTableInteraction":3,"stat.pickup.minecraft.rotten_flesh":2,"stat.useItem.minecraft.sapling":2,"stat.craftItem.minecraft.planks":364,"stat.entityKilledBy.Wolf":2,"stat.killEntity.Chicken":4,"stat.pickup.futuremc.lily_of_the_valley":1,"stat.drop.xlfoodmod.cucumber_seeds":1,"stat.useItem.minecraft.egg":1,"stat.damageTaken":620,"stat.pickup.minecraft.leather":2,"stat.mineBlock.minecraft.crafting_table":1,"stat.mineBlock.minecraft.red_flower":1,"stat.mobKills":7,"stat.mineBlock.minecraft.log":91,"stat.flyOneCm":19856,"stat.deaths":2,"tombstone:undead_killed":2,"stat.pickup.minecraft.wheat_seeds":2,"stat.drop":12,"stat.drop.xlfoodmod.corn_seeds":1,"stat.mineBlock.minecraft.leaves":25,"stat.pickup.xlfoodmod.rice_seeds":1,"stat.pickup.minecraft.egg":1,"stat.playOneMinute":26994,"stat.drop.minecraft.wheat_seeds":2,"stat.pickup.minecraft.red_flower":1,"stat.sneakTime":22,"stat.damageDealt":845,"stat.killEntity.Zombie":2,"stat.timeSinceDeath":6729,"stat.killEntity.Cow":1,"stat.mineBlock.minecraft.dirt":2,"stat.mineBlock.minecraft.tallgrass":8,"stat.mineBlock.xlfoodmod.vanilla_flower":1,"stat.diveOneCm":5141}