{"stat.leaveGame":2,"stat.useItem.minecraft.chicken":4,"stat.drop.xlfoodmod.vanilla_flower":1,"stat.swimOneCm":25976,"stat.jump":858,"stat.fallOneCm":12058,"stat.drop.minecraft.feather":3,"stat.pickup.minecraft.porkchop":3,"stat.useItem.betteranimalsplus.turkey_leg_raw":1,"stat.crouchOneCm":382,"stat.pickup.minecraft.dirt":68,"stat.useItem.minecraft.dirt":35,"stat.killEntity.betteranimalsplus.boar":1,"stat.useItem.minecraft.stone_slab2":14,"stat.mineBlock.futuremc.lily_of_the_valley":1,"stat.craftingTableInteraction":4,"stat.pickup.minecraft.rotten_flesh":4,"stat.useItem.minecraft.sapling":6,"stat.useItem.minecraft.egg":3,"stat.damageTaken":1355,"stat.pickup.minecraft.leather":2,"stat.pickup.minecraft.feather":3,"stat.mineBlock.minecraft.red_flower":2,"stat.mineBlock.minecraft.sapling":1,"stat.pickup.betteranimalsplus.turkey_leg_raw":1,"stat.flyOneCm":85431,"tombstone:undead_killed":5,"stat.pickup.minecraft.wheat_seeds":10,"stat.drop.xlfoodmod.corn_seeds":1,"stat.pickup.xlfoodmod.rice_seeds":1,"stat.drop.minecraft.wheat_seeds":10,"stat.useItem.betteranimalsplus.pheasantraw":2,"stat.damageDealt":1754,"stat.timeSinceDeath":1958,"stat.killEntity.Cow":1,"stat.mineBlock.minecraft.dirt":35,"stat.mineBlock.xlfoodmod.vanilla_flower":3,"stat.walkOneCm":244680,"stat.pickup.minecraft.crafting_table":1,"stat.useItem.minecraft.log":4,"stat.pickup.xlfoodmod.cucumber_seeds":1,"stat.craftItem.minecraft.crafting_table":2,"stat.drop.minecraft.dirt":1,"stat.mineBlock.minecraft.double_plant":1,"stat.killEntity.betteranimalsplus.turkey":1,"stat.pickup.minecraft.log":240,"stat.drop.minecraft.chicken":2,"stat.drop.xlfoodmod.rice_seeds":1,"stat.pickup.minecraft.beef":1,"stat.pickup.xlfoodmod.corn_seeds":1,"stat.useItem.tombstone.gift":1,"stat.entityKilledBy.Skeleton":2,"stat.pickup.minecraft.stone":1,"stat.drop.minecraft.sapling":5,"stat.pickup.minecraft.chicken":7,"stat.pickup.betteranimalsplus.pheasantraw":2,"stat.pickup.minecraft.sapling":62,"stat.pickup.xlfoodmod.vanilla_flower":3,"stat.sprintOneCm":261559,"stat.killEntity.betteranimalsplus.pheasant":1,"stat.pickup.tombstone.magic_scroll":1,"stat.craftItem.minecraft.stick":4,"stat.craftItem.minecraft.planks":464,"stat.entityKilledBy.Wolf":2,"stat.killEntity.Chicken":5,"stat.pickup.futuremc.lily_of_the_valley":1,"stat.drop.xlfoodmod.cucumber_seeds":1,"stat.mineBlock.minecraft.crafting_table":1,"stat.useItem.minecraft.wooden_shovel":59,"stat.mobKills":14,"stat.mineBlock.minecraft.log":240,"stat.entityKilledBy.betteranimalsplus.boar":2,"stat.useItem.minecraft.beef":1,"stat.deaths":6,"stat.drop":23,"stat.mineBlock.minecraft.leaves":943,"stat.pickup.minecraft.egg":3,"stat.playOneMinute":88319,"stat.craftItem.minecraft.wooden_shovel":1,"stat.pickup.minecraft.red_flower":1,"stat.sneakTime":101,"stat.killEntity.Zombie":5,"stat.mineBlock.minecraft.tallgrass":28,"stat.diveOneCm":19214}